Round;Date;Home Team;Total_H_P;Total_H_W;Total_H_D;Total_H_L;Total_H_GF;Total_H_GA;Total_H_DIFF;Total_H_PTS;Home_H_P;Home_H_W;Home_H_D;Home_H_L;Home_H_GF;Home_H_GA;Home_H_DIFF;Home_H_PTS;Away_H_P;Away_H_W;Away_H_D;Away_H_L;Away_H_GF;Away_H_GA;Away_H_DIFF;Away_H_PTS;Away Team;Total_A_P;Total_A_W;Total_A_D;Total_A_L;Total_A_GF;Total_A_GA;Total_A_DIFF;Total_A_PTS;Home_A_P;Home_A_W;Home_A_D;Home_A_L;Home_A_GF;Home_A_GA;Home_A_DIFF;Home_A_PTS;Away_A_P;Away_A_W;Away_A_D;Away_A_L;Away_A_GF;Away_A_GA;Away_A_DIFF;Away_A_PTS;B365H;B365D;B365A;FTHG;FTAG;FTR
11;09/11/2024;Brentford;10;4;1;5;19;20;-1;13;5;4;1;0;15;9;6;13;5;0;0;5;4;11;-7;0;Bournemouth;10;4;3;3;13;12;1;15;5;3;1;1;8;4;4;10;5;1;2;2;5;8;-3;5;2.5;3.5;2.7;3;2;H
11;09/11/2024;Crystal Palace;10;1;4;5;8;13;-5;7;5;1;2;2;3;5;-2;5;5;0;2;3;5;8;-3;2;Fulham;10;4;3;3;14;13;1;15;5;3;1;1;9;7;2;10;5;1;2;2;5;6;-1;5;2.7;3.5;2.55;0;2;A
11;09/11/2024;West Ham;10;3;2;5;13;19;-6;11;5;2;0;3;8;10;-2;6;5;1;2;2;5;9;-4;5;Everton;10;2;3;5;10;17;-7;9;5;1;2;2;5;8;-3;5;5;1;1;3;5;9;-4;4;2.15;3.4;3.4;0;0;D
11;09/11/2024;Wolverhampton;10;0;3;7;14;27;-13;3;5;0;1;4;7;14;-7;1;5;0;2;3;7;13;-6;2;Southampton;10;1;1;8;7;19;-12;4;5;1;1;3;4;8;-4;4;5;0;0;5;3;11;-8;0;1.91;3.75;3.75;2;0;H
11;09/11/2024;Brighton;10;4;4;2;17;14;3;16;5;2;3;0;9;7;2;9;5;2;1;2;8;7;1;7;Man City;10;7;2;1;21;11;10;23;5;4;1;0;12;6;6;13;5;3;1;1;9;5;4;10;4.1;4.2;1.73;2;1;H
11;09/11/2024;Liverpool;10;8;1;1;19;6;13;25;5;4;0;1;9;3;6;12;5;4;1;0;10;3;7;13;Aston Villa;10;5;3;2;17;15;2;18;5;2;2;1;7;6;1;8;5;3;1;1;10;9;1;10;1.42;5.25;6.5;2;0;H
11;10/11/2024;Man Utd;10;3;3;4;9;12;-3;12;5;2;1;2;4;8;-4;7;5;1;2;2;5;4;1;5;Leicester;10;2;4;4;14;18;-4;10;5;1;2;2;5;7;-2;5;5;1;2;2;9;11;-2;5;1.38;5.5;6.5;3;0;H
11;10/11/2024;Nottingham;10;5;4;1;14;7;7;19;5;2;2;1;6;3;3;8;5;3;2;0;8;4;4;11;Newcastle;10;4;3;3;10;10;0;15;5;3;1;1;5;3;2;10;5;1;2;2;5;7;-2;5;2.7;3.3;2.7;1;3;A
11;10/11/2024;Tottenham;10;5;1;4;22;11;11;16;5;4;0;1;15;4;11;12;5;1;1;3;7;7;0;4;Ipswich;10;0;5;5;10;21;-11;5;5;0;3;2;4;8;-4;3;5;0;2;3;6;13;-7;2;1.25;6.5;9;1;2;A
11;10/11/2024;Chelsea;10;5;3;2;20;12;8;18;5;2;2;1;8;7;1;8;5;3;1;1;12;5;7;10;Arsenal;10;5;3;2;17;11;6;18;5;3;2;0;12;6;6;11;5;2;1;2;5;5;0;7;2.7;3.4;2.55;1;1;D
12;23/11/2024;Leicester;11;2;4;5;14;21;-7;10;5;1;2;2;5;7;-2;5;6;1;2;3;9;14;-5;5;Chelsea;11;5;4;2;21;13;8;19;6;2;3;1;9;8;1;9;5;3;1;1;12;5;7;10;6.5;4.75;1.44;1;2;A
12;23/11/2024;Bournemouth;11;4;3;4;15;15;0;15;5;3;1;1;8;4;4;10;6;1;2;3;7;11;-4;5;Brighton;11;5;4;2;19;15;4;19;6;3;3;0;11;8;3;12;5;2;1;2;8;7;1;7;2.4;3.6;2.8;1;2;A
12;23/11/2024;Arsenal;11;5;4;2;18;12;6;19;5;3;2;0;12;6;6;11;6;2;2;2;6;6;0;8;Nottingham;11;5;4;2;15;10;5;19;6;2;2;2;7;6;1;8;5;3;2;0;8;4;4;11;1.38;4.75;9;3;0;H
12;23/11/2024;Aston Villa;11;5;3;3;17;17;0;18;5;2;2;1;7;6;1;8;6;3;1;2;10;11;-1;10;Crystal Palace;11;1;4;6;8;15;-7;7;6;1;2;3;3;7;-4;5;5;0;2;3;5;8;-3;2;1.62;4;5.5;2;2;D
12;23/11/2024;Everton;11;2;4;5;10;17;-7;10;5;1;2;2;5;8;-3;5;6;1;2;3;5;9;-4;5;Brentford;11;5;1;5;22;22;0;16;6;5;1;0;18;11;7;16;5;0;0;5;4;11;-7;0;2.45;3.4;2.88;0;0;D
12;23/11/2024;Fulham;11;5;3;3;16;13;3;18;5;3;1;1;9;7;2;10;6;2;2;2;7;6;1;8;Wolverhampton;11;1;3;7;16;27;-11;6;6;1;1;4;9;14;-5;4;5;0;2;3;7;13;-6;2;1.62;4;5.25;1;4;A
12;23/11/2024;Man City;11;7;2;2;22;13;9;23;5;4;1;0;12;6;6;13;6;3;1;2;10;7;3;10;Tottenham;11;5;1;5;23;13;10;16;6;4;0;2;16;6;10;12;5;1;1;3;7;7;0;4;1.48;4.75;6;0;4;A
12;24/11/2024;Southampton;11;1;1;9;7;21;-14;4;5;1;1;3;4;8;-4;4;6;0;0;6;3;13;-10;0;Liverpool;11;9;1;1;21;6;15;28;6;5;0;1;11;3;8;15;5;4;1;0;10;3;7;13;11;5.75;1.27;2;3;A
12;24/11/2024;Ipswich;11;1;5;5;12;22;-10;8;5;0;3;2;4;8;-4;3;6;1;2;3;8;14;-6;5;Man Utd;11;4;3;4;12;12;0;15;6;3;1;2;7;8;-1;10;5;1;2;2;5;4;1;5;5.25;4;1.62;1;1;D
12;25/11/2024;Newcastle;11;5;3;3;13;11;2;18;5;3;1;1;5;3;2;10;6;2;2;2;8;8;0;8;West Ham;11;3;3;5;13;19;-6;12;6;2;1;3;8;10;-2;7;5;1;2;2;5;9;-4;5;1.5;4.5;6;0;2;A
13;29/11/2024;Brighton;12;6;4;2;21;16;5;22;6;3;3;0;11;8;3;12;6;3;1;2;10;8;2;10;Southampton;12;1;1;10;9;24;-15;4;6;1;1;4;6;11;-5;4;6;0;0;6;3;13;-10;0;1.38;5;7.5;1;1;D
13;30/11/2024;Brentford;12;5;2;5;22;22;0;17;6;5;1;0;18;11;7;16;6;0;1;5;4;11;-7;1;Leicester;12;2;4;6;15;23;-8;10;6;1;2;3;6;9;-3;5;6;1;2;3;9;14;-5;5;1.65;4.2;4.75;4;1;H
13;30/11/2024;Crystal Palace;12;1;5;6;10;17;-7;8;6;1;2;3;3;7;-4;5;6;0;3;3;7;10;-3;3;Newcastle;12;5;3;4;13;13;0;18;6;3;1;2;5;5;0;10;6;2;2;2;8;8;0;8;2.9;3.6;2.3;1;1;D
13;30/11/2024;Nottingham;12;5;4;3;15;13;2;19;6;2;2;2;7;6;1;8;6;3;2;1;8;7;1;11;Ipswich;12;1;6;5;13;23;-10;9;6;0;4;2;5;9;-4;4;6;1;2;3;8;14;-6;5;1.7;3.8;4.75;1;0;H
13;30/11/2024;Wolverhampton;12;2;3;7;20;28;-8;9;6;1;1;4;9;14;-5;4;6;1;2;3;11;14;-3;5;Bournemouth;12;4;3;5;16;17;-1;15;6;3;1;2;9;6;3;10;6;1;2;3;7;11;-4;5;2.8;3.6;2.4;2;4;A
13;30/11/2024;West Ham;12;4;3;5;15;19;-4;15;6;2;1;3;8;10;-2;7;6;2;2;2;7;9;-2;8;Arsenal;12;6;4;2;21;12;9;22;6;4;2;0;15;6;9;14;6;2;2;2;6;6;0;8;7;4.5;1.45;2;5;A
13;01/12/2024;Chelsea;12;6;4;2;23;14;9;22;6;2;3;1;9;8;1;9;6;4;1;1;14;6;8;13;Aston Villa;12;5;4;3;19;19;0;19;6;2;3;1;9;8;1;9;6;3;1;2;10;11;-1;10;1.7;4.1;4.5;3;0;H
13;01/12/2024;Man Utd;12;4;4;4;13;13;0;16;6;3;1;2;7;8;-1;10;6;1;3;2;6;5;1;6;Everton;12;2;5;5;10;17;-7;11;6;1;3;2;5;8;-3;6;6;1;2;3;5;9;-4;5;1.53;4.2;6;4;0;H
13;01/12/2024;Tottenham;12;6;1;5;27;13;14;19;6;4;0;2;16;6;10;12;6;2;1;3;11;7;4;7;Fulham;12;5;3;4;17;17;0;18;6;3;1;2;10;11;-1;10;6;2;2;2;7;6;1;8;1.7;4.5;4.1;1;1;D
13;01/12/2024;Liverpool;12;10;1;1;24;8;16;31;6;5;0;1;11;3;8;15;6;5;1;0;13;5;8;16;Man City;12;7;2;3;22;17;5;23;6;4;1;1;12;10;2;13;6;3;1;2;10;7;3;10;2.1;3.6;3.3;2;0;H
14;03/12/2024;Ipswich;13;1;6;6;13;24;-11;9;6;0;4;2;5;9;-4;4;7;1;2;4;8;15;-7;5;Crystal Palace;13;1;6;6;11;18;-7;9;7;1;3;3;4;8;-4;6;6;0;3;3;7;10;-3;3;3;3.4;2.35;0;1;A
14;03/12/2024;Leicester;13;2;4;7;16;27;-11;10;6;1;2;3;6;9;-3;5;7;1;2;4;10;18;-8;5;West Ham;13;4;3;6;17;24;-7;15;7;2;1;4;10;15;-5;7;6;2;2;2;7;9;-2;8;2.9;3.4;2.38;3;1;H
14;04/12/2024;Everton;13;2;5;6;10;21;-11;11;6;1;3;2;5;8;-3;6;7;1;2;4;5;13;-8;5;Wolverhampton;13;2;3;8;22;32;-10;9;7;1;1;5;11;18;-7;4;6;1;2;3;11;14;-3;5;2.1;3.4;3.5;4;0;H
14;04/12/2024;Man City;13;7;2;4;22;19;3;23;6;4;1;1;12;10;2;13;7;3;1;3;10;9;1;10;Nottingham;13;6;4;3;16;13;3;22;7;3;2;2;8;6;2;11;6;3;2;1;8;7;1;11;1.36;4.75;9;3;0;H
14;04/12/2024;Newcastle;13;5;4;4;14;14;0;19;6;3;1;2;5;5;0;10;7;2;3;2;9;9;0;9;Liverpool;13;11;1;1;26;8;18;34;7;6;0;1;13;3;10;18;6;5;1;0;13;5;8;16;4.2;4;1.75;3;3;D
14;04/12/2024;Southampton;13;1;2;10;10;25;-15;5;6;1;1;4;6;11;-5;4;7;0;1;6;4;14;-10;1;Chelsea;13;7;4;2;26;14;12;25;7;3;3;1;12;8;4;12;6;4;1;1;14;6;8;13;8.5;5.25;1.33;1;5;A
14;04/12/2024;Arsenal;13;7;4;2;26;14;12;25;6;4;2;0;15;6;9;14;7;3;2;2;11;8;3;11;Man Utd;13;5;4;4;17;13;4;19;7;4;1;2;11;8;3;13;6;1;3;2;6;5;1;6;1.44;4.5;7;2;0;H
14;04/12/2024;Aston Villa;13;5;4;4;19;22;-3;19;6;2;3;1;9;8;1;9;7;3;1;3;10;14;-4;10;Brentford;13;6;2;5;26;23;3;20;7;6;1;0;22;12;10;19;6;0;1;5;4;11;-7;1;1.8;3.75;4.33;3;1;H
14;05/12/2024;Fulham;13;5;4;4;18;18;0;19;6;3;1;2;10;11;-1;10;7;2;3;2;8;7;1;9;Brighton;13;6;5;2;22;17;5;23;7;3;4;0;12;9;3;13;6;3;1;2;10;8;2;10;2.35;3.6;2.88;3;1;H
14;05/12/2024;Bournemouth;13;5;3;5;20;19;1;18;6;3;1;2;9;6;3;10;7;2;2;3;11;13;-2;8;Tottenham;13;6;2;5;28;14;14;20;7;4;1;2;17;7;10;13;6;2;1;3;11;7;4;7;2.63;3.75;2.45;1;0;H
15;07/12/2024;Aston Villa;14;6;4;4;22;23;-1;22;7;3;3;1;12;9;3;12;7;3;1;3;10;14;-4;10;Southampton;14;1;2;11;11;30;-19;5;7;1;1;5;7;16;-9;4;7;0;1;6;4;14;-10;1;1.36;5.5;7;1;0;H
15;07/12/2024;Brentford;14;6;2;6;27;26;1;20;7;6;1;0;22;12;10;19;7;0;1;6;5;14;-9;1;Newcastle;14;5;5;4;17;17;0;20;7;3;2;2;8;8;0;11;7;2;3;2;9;9;0;9;2.88;3.75;2.3;4;2;H
15;07/12/2024;Crystal Palace;14;2;6;6;12;18;-6;12;7;1;3;3;4;8;-4;6;7;1;3;3;8;10;-2;6;Man City;14;8;2;4;25;19;6;26;7;5;1;1;15;10;5;16;7;3;1;3;10;9;1;10;5.5;4.2;1.57;2;2;D
15;07/12/2024;Man Utd;14;5;4;5;17;15;2;19;7;4;1;2;11;8;3;13;7;1;3;3;6;7;-1;6;Nottingham;14;6;4;4;16;16;0;22;7;3;2;2;8;6;2;11;7;3;2;2;8;10;-2;11;1.65;3.9;5.25;2;3;A
15;08/12/2024;Fulham;14;6;4;4;21;19;2;22;7;4;1;2;13;12;1;13;7;2;3;2;8;7;1;9;Arsenal;14;8;4;2;28;14;14;28;7;5;2;0;17;6;11;17;7;3;2;2;11;8;3;11;5;4.33;1.6;1;1;D
15;08/12/2024;Ipswich;14;1;6;7;13;25;-12;9;7;0;4;3;5;10;-5;4;7;1;2;4;8;15;-7;5;Bournemouth;14;6;3;5;21;19;2;21;7;4;1;2;10;6;4;13;7;2;2;3;11;13;-2;8;3.5;3.75;2;1;2;A
15;08/12/2024;Leicester;14;3;4;7;19;28;-9;13;7;2;2;3;9;10;-1;8;7;1;2;4;10;18;-8;5;Brighton;14;6;5;3;23;20;3;23;7;3;4;0;12;9;3;13;7;3;1;3;11;11;0;10;4.5;3.8;1.73;2;2;D
15;08/12/2024;Tottenham;14;6;2;6;28;15;13;20;7;4;1;2;17;7;10;13;7;2;1;4;11;8;3;7;Chelsea;14;8;4;2;31;15;16;28;7;3;3;1;12;8;4;12;7;5;1;1;19;7;12;16;3.4;3.9;2;3;4;A
15;09/12/2024;West Ham;14;4;3;7;18;27;-9;15;7;2;1;4;10;15;-5;7;7;2;2;3;8;12;-4;8;Wolverhampton;14;2;3;9;22;36;-14;9;7;1;1;5;11;18;-7;4;7;1;2;4;11;18;-7;5;1.9;3.9;3.75;2;1;H
16;14/12/2024;Arsenal;15;8;5;2;29;15;14;29;7;5;2;0;17;6;11;17;8;3;3;2;12;9;3;12;Everton;15;3;6;6;16;23;-7;15;8;2;4;2;11;10;1;10;7;1;2;4;5;13;-8;5;1.22;6.5;12;0;0;D
16;14/12/2024;Liverpool;15;11;3;1;31;13;18;36;7;6;0;1;13;3;10;18;8;5;3;0;18;10;8;18;Fulham;15;6;5;4;22;20;2;23;8;4;2;2;14;13;1;14;7;2;3;2;8;7;1;9;1.33;5.5;8;2;2;D
16;14/12/2024;Newcastle;15;5;5;5;19;21;-2;20;7;3;2;2;8;8;0;11;8;2;3;3;11;13;-2;9;Leicester;15;3;5;7;21;30;-9;14;8;2;3;3;11;12;-1;9;7;1;2;4;10;18;-8;5;1.3;6;8.5;4;0;H
16;14/12/2024;Wolverhampton;15;2;3;10;23;38;-15;9;7;1;1;5;11;18;-7;4;8;1;2;5;12;20;-8;5;Ipswich;15;1;6;8;14;27;-13;9;8;0;4;4;6;12;-6;4;7;1;2;4;8;15;-7;5;1.9;3.8;3.8;1;2;A
16;14/12/2024;Nottingham;15;7;4;4;19;18;1;25;7;3;2;2;8;6;2;11;8;4;2;2;11;12;-1;14;Aston Villa;15;7;4;4;23;23;0;25;8;4;3;1;13;9;4;15;7;3;1;3;10;14;-4;10;2.63;3.3;2.7;2;1;H
16;15/12/2024;Brighton;15;6;6;3;25;22;3;24;7;3;4;0;12;9;3;13;8;3;2;3;13;13;0;11;Crystal Palace;15;2;7;6;14;20;-6;13;8;1;4;3;6;10;-4;7;7;1;3;3;8;10;-2;6;1.85;3.8;3.9;1;3;A
16;15/12/2024;Man City;15;8;3;4;27;21;6;27;7;5;1;1;15;10;5;16;8;3;2;3;12;11;1;11;Man Utd;15;5;4;6;19;18;1;19;8;4;1;3;13;11;2;13;7;1;3;3;6;7;-1;6;1.57;4.5;5;1;2;A
16;15/12/2024;Chelsea;15;9;4;2;35;18;17;31;7;3;3;1;12;8;4;12;8;6;1;1;23;10;13;19;Brentford;15;7;2;6;31;28;3;23;8;7;1;0;26;14;12;22;7;0;1;6;5;14;-9;1;1.33;6;7.5;2;1;H
16;15/12/2024;Southampton;15;1;2;12;11;31;-20;5;7;1;1;5;7;16;-9;4;8;0;1;7;4;15;-11;1;Tottenham;15;6;2;7;31;19;12;20;8;4;1;3;20;11;9;13;7;2;1;4;11;8;3;7;4.33;4.5;1.67;0;5;A
16;16/12/2024;Bournemouth;15;7;3;5;23;20;3;24;7;4;1;2;10;6;4;13;8;3;2;3;13;14;-1;11;West Ham;15;5;3;7;20;28;-8;18;8;3;1;4;12;16;-4;10;7;2;2;3;8;12;-4;8;1.7;4;4.75;1;1;D
17;21/12/2024;Aston Villa;16;7;4;5;24;25;-1;25;8;4;3;1;13;9;4;15;8;3;1;4;11;16;-5;10;Man City;16;8;3;5;28;23;5;27;8;5;1;2;16;12;4;16;8;3;2;3;12;11;1;11;3.25;3.7;2.1;2;1;H
17;21/12/2024;Brentford;16;7;2;7;32;30;2;23;8;7;1;0;26;14;12;22;8;0;1;7;6;16;-10;1;Nottingham;16;8;4;4;21;19;2;28;8;4;2;2;10;7;3;14;8;4;2;2;11;12;-1;14;2.3;3.6;2.9;0;2;A
17;21/12/2024;Ipswich;16;2;6;8;16;28;-12;12;8;0;4;4;6;12;-6;4;8;2;2;4;10;16;-6;8;Newcastle;16;6;5;5;23;21;2;23;8;4;2;2;12;8;4;14;8;2;3;3;11;13;-2;9;4.75;3.75;1.73;0;4;A
17;21/12/2024;West Ham;16;5;4;7;21;29;-8;19;8;3;1;4;12;16;-4;10;8;2;3;3;9;13;-4;9;Brighton;16;6;6;4;26;25;1;24;8;3;4;1;13;12;1;13;8;3;2;3;13;13;0;11;2.88;3.7;2.35;1;1;D
17;21/12/2024;Crystal Palace;16;3;7;6;17;21;-4;16;8;1;4;3;6;10;-4;7;8;2;3;3;11;11;0;9;Arsenal;16;8;6;2;29;15;14;30;8;5;3;0;17;6;11;18;8;3;3;2;12;9;3;12;6.25;4.2;1.55;1;5;A
17;22/12/2024;Everton;16;3;7;6;16;23;-7;16;8;2;4;2;11;10;1;10;8;1;3;4;5;13;-8;6;Chelsea;16;10;4;2;37;19;18;34;8;4;3;1;14;9;5;15;8;6;1;1;23;10;13;19;5;4.2;1.62;0;0;D
17;22/12/2024;Fulham;16;6;6;4;24;22;2;24;8;4;2;2;14;13;1;14;8;2;4;2;10;9;1;10;Southampton;16;1;2;13;11;36;-25;5;8;1;1;6;7;21;-14;4;8;0;1;7;4;15;-11;1;1.42;4.75;7;0;0;D
17;22/12/2024;Leicester;16;3;5;8;21;34;-13;14;8;2;3;3;11;12;-1;9;8;1;2;5;10;22;-12;5;Wolverhampton;16;2;3;11;24;40;-16;9;8;1;1;6;12;20;-8;4;8;1;2;5;12;20;-8;5;2.55;3.4;2.7;0;3;A
17;22/12/2024;Man Utd;16;6;4;6;21;19;2;22;8;4;1;3;13;11;2;13;8;2;3;3;8;8;0;9;Bournemouth;16;7;4;5;24;21;3;25;8;4;2;2;11;7;4;14;8;3;2;3;13;14;-1;11;1.8;3.8;4.2;0;3;A
17;22/12/2024;Tottenham;16;7;2;7;36;19;17;23;8;4;1;3;20;11;9;13;8;3;1;4;16;8;8;10;Liverpool;16;11;4;1;33;15;18;37;8;6;1;1;15;5;10;19;8;5;3;0;18;10;8;18;4.5;4;1.73;3;6;A
18;26/12/2024;Man City;17;8;3;6;29;25;4;27;8;5;1;2;16;12;4;16;9;3;2;4;13;13;0;11;Everton;17;3;8;6;16;23;-7;17;9;2;5;2;11;10;1;11;8;1;3;4;5;13;-8;6;1.33;5.5;7.5;1;1;D
18;26/12/2024;Bournemouth;17;8;4;5;27;21;6;28;8;4;2;2;11;7;4;14;9;4;2;3;16;14;2;14;Crystal Palace;17;3;7;7;18;26;-8;16;9;1;4;4;7;15;-8;7;8;2;3;3;11;11;0;9;1.9;3.8;3.8;0;0;D
18;26/12/2024;Chelsea;17;10;5;2;37;19;18;35;8;4;3;1;14;9;5;15;9;6;2;1;23;10;13;20;Fulham;17;6;7;4;24;22;2;25;9;4;3;2;14;13;1;15;8;2;4;2;10;9;1;10;1.48;4.75;6;1;2;A
18;26/12/2024;Newcastle;17;7;5;5;27;21;6;26;8;4;2;2;12;8;4;14;9;3;3;3;15;13;2;12;Aston Villa;17;8;4;5;26;26;0;28;9;5;3;1;15;10;5;18;8;3;1;4;11;16;-5;10;1.91;3.8;3.75;3;0;H
18;26/12/2024;Nottingham;17;9;4;4;23;19;4;31;8;4;2;2;10;7;3;14;9;5;2;2;13;12;1;17;Tottenham;17;7;2;8;39;25;14;23;9;4;1;4;23;17;6;13;8;3;1;4;16;8;8;10;2.3;3.75;2.88;1;0;H
18;26/12/2024;Southampton;17;1;3;13;11;36;-25;6;8;1;1;6;7;21;-14;4;9;0;2;7;4;15;-11;2;West Ham;17;5;5;7;22;30;-8;20;9;3;2;4;13;17;-4;11;8;2;3;3;9;13;-4;9;3.25;3.5;2.2;0;1;A
18;26/12/2024;Wolverhampton;17;3;3;11;27;40;-13;12;8;1;1;6;12;20;-8;4;9;2;2;5;15;20;-5;8;Man Utd;17;6;4;7;21;22;-1;22;9;4;1;4;13;14;-1;13;8;2;3;3;8;8;0;9;3.9;3.7;1.91;2;0;H
18;26/12/2024;Liverpool;17;12;4;1;39;18;21;40;8;6;1;1;15;5;10;19;9;6;3;0;24;13;11;21;Leicester;17;3;5;9;21;37;-16;14;9;2;3;4;11;15;-4;9;8;1;2;5;10;22;-12;5;1.08;12;23;3;1;H
18;27/12/2024;Brighton;17;6;7;4;27;26;1;25;8;3;4;1;13;12;1;13;9;3;3;3;14;14;0;12;Brentford;17;7;2;8;32;32;0;23;9;7;1;1;26;16;10;22;8;0;1;7;6;16;-10;1;1.62;4.33;4.75;0;0;D
18;27/12/2024;Arsenal;17;9;6;2;34;16;18;33;8;5;3;0;17;6;11;18;9;4;3;2;17;10;7;15;Ipswich;17;2;6;9;16;32;-16;12;9;0;4;5;6;16;-10;4;8;2;2;4;10;16;-6;8;1.14;9;15;1;0;H
19;29/12/2024;Leicester;18;3;5;10;22;40;-18;14;9;2;3;4;11;15;-4;9;9;1;2;6;11;25;-14;5;Man City;18;8;4;6;30;26;4;28;9;5;2;2;17;13;4;17;9;3;2;4;13;13;0;11;7.5;5.5;1.36;0;2;A
19;29/12/2024;Crystal Palace;18;3;8;7;18;26;-8;17;9;1;4;4;7;15;-8;7;9;2;4;3;11;11;0;10;Southampton;18;1;3;14;11;37;-26;6;9;1;1;7;7;22;-15;4;9;0;2;7;4;15;-11;2;1.57;3.9;5.5;2;1;H
19;29/12/2024;Everton;18;3;9;6;17;24;-7;18;9;2;5;2;11;10;1;11;9;1;4;4;6;14;-8;7;Nottingham;18;10;4;4;24;19;5;34;9;5;2;2;11;7;4;17;9;5;2;2;13;12;1;17;2.6;3.2;2.8;0;2;A
19;29/12/2024;Fulham;18;7;7;4;26;23;3;28;9;4;3;2;14;13;1;15;9;3;4;2;12;10;2;13;Bournemouth;18;8;5;5;27;21;6;29;9;4;3;2;11;7;4;15;9;4;2;3;16;14;2;14;2.3;3.6;2.88;2;2;D
19;29/12/2024;Tottenham;18;7;2;9;39;26;13;23;9;4;1;4;23;17;6;13;9;3;1;5;16;9;7;10;Wolverhampton;18;4;3;11;29;40;-11;15;9;2;1;6;14;20;-6;7;9;2;2;5;15;20;-5;8;1.6;5;4.2;2;2;D
19;29/12/2024;West Ham;18;6;5;7;23;30;-7;23;9;3;2;4;13;17;-4;11;9;3;3;3;10;13;-3;12;Liverpool;18;13;4;1;42;19;23;43;9;7;1;1;18;6;12;22;9;6;3;0;24;13;11;21;7;5;1.4;0;5;A
19;30/12/2024;Aston Villa;18;8;4;6;26;29;-3;28;9;5;3;1;15;10;5;18;9;3;1;5;11;19;-8;10;Brighton;18;6;8;4;27;26;1;26;9;3;5;1;13;12;1;14;9;3;3;3;14;14;0;12;1.9;3.8;3.6;2;2;D
19;30/12/2024;Ipswich;18;2;6;10;16;33;-17;12;9;0;4;5;6;16;-10;4;9;2;2;5;10;17;-7;8;Chelsea;18;10;5;3;38;21;17;35;9;4;3;2;15;11;4;15;9;6;2;1;23;10;13;20;6.5;4.75;1.42;2;0;H
19;30/12/2024;Man Utd;18;6;4;8;21;24;-3;22;9;4;1;4;13;14;-1;13;9;2;3;4;8;10;-2;9;Newcastle;18;8;5;5;30;21;9;29;9;5;2;2;15;8;7;17;9;3;3;3;15;13;2;12;2.75;3.5;2.55;0;2;A
19;01/01/2025;Brentford;18;7;3;8;32;32;0;24;9;7;1;1;26;16;10;22;9;0;2;7;6;16;-10;2;Arsenal;18;10;6;2;35;16;19;36;9;6;3;0;18;6;12;21;9;4;3;2;17;10;7;15;6.5;4.75;1.44;1;3;A
20;04/01/2025;Tottenham;19;7;3;9;41;28;13;24;10;4;2;4;25;19;6;14;9;3;1;5;16;9;7;10;Newcastle;19;9;5;5;32;21;11;32;9;5;2;2;15;8;7;17;10;4;3;3;17;13;4;15;2.88;3.8;2.25;1;2;A
20;04/01/2025;Bournemouth;19;8;6;5;29;23;6;30;9;4;3;2;11;7;4;15;10;4;3;3;18;16;2;15;Everton;19;3;9;7;17;26;-9;18;10;2;5;3;11;12;-1;11;9;1;4;4;6;14;-8;7;1.73;3.75;4.75;1;0;H
20;04/01/2025;Aston Villa;19;8;5;6;28;31;-3;29;10;5;4;1;17;12;5;19;9;3;1;5;11;19;-8;10;Leicester;19;3;5;11;22;42;-20;14;10;2;3;5;11;17;-6;9;9;1;2;6;11;25;-14;5;1.33;5.5;8.5;2;1;H
20;04/01/2025;Crystal Palace;19;4;8;7;20;27;-7;20;10;2;4;4;9;16;-7;10;9;2;4;3;11;11;0;10;Chelsea;19;10;5;4;38;23;15;35;9;4;3;2;15;11;4;15;10;6;2;2;23;12;11;20;3.8;3.75;1.91;1;1;D
20;04/01/2025;Man City;19;9;4;6;32;26;6;31;9;5;2;2;17;13;4;17;10;4;2;4;15;13;2;14;West Ham;19;6;5;8;23;35;-12;23;10;3;2;5;13;22;-9;11;9;3;3;3;10;13;-3;12;1.3;6.25;7.5;4;1;H
20;04/01/2025;Southampton;19;1;3;15;12;39;-27;6;9;1;1;7;7;22;-15;4;10;0;2;8;5;17;-12;2;Brentford;19;7;3;9;33;35;-2;24;10;7;1;2;27;19;8;22;9;0;2;7;6;16;-10;2;3;3.4;2.4;0;5;A
20;04/01/2025;Brighton;19;6;9;4;29;28;1;27;9;3;5;1;13;12;1;14;10;3;4;3;16;16;0;13;Arsenal;19;11;6;2;38;17;21;39;9;6;3;0;18;6;12;21;10;5;3;2;20;11;9;18;4.33;3.75;1.8;1;1;D
20;05/01/2025;Fulham;19;7;8;4;28;25;3;29;10;4;4;2;16;15;1;16;9;3;4;2;12;10;2;13;Ipswich;19;3;6;10;18;33;-15;15;10;1;4;5;8;16;-8;7;9;2;2;5;10;17;-7;8;1.55;4.2;5.75;2;2;D
20;05/01/2025;Liverpool;19;14;4;1;47;19;28;46;9;7;1;1;18;6;12;22;10;7;3;0;29;13;16;24;Man Utd;19;6;4;9;21;26;-5;22;10;4;1;5;13;16;-3;13;9;2;3;4;8;10;-2;9;1.29;6.25;8;2;2;D
20;06/01/2025;Wolverhampton;19;4;4;11;31;42;-11;16;9;2;1;6;14;20;-6;7;10;2;3;5;17;22;-5;9;Nottingham;19;11;4;4;26;19;7;37;9;5;2;2;11;7;4;17;10;6;2;2;15;12;3;20;3.3;3.2;2.3;0;3;A
21;14/01/2025;Brentford;20;8;3;9;38;35;3;27;10;7;1;2;27;19;8;22;10;1;2;7;11;16;-5;5;Man City;20;10;4;6;36;27;9;34;10;6;2;2;21;14;7;20;10;4;2;4;15;13;2;14;4.75;4.2;1.62;2;2;D
21;14/01/2025;West Ham;20;6;5;9;24;39;-15;23;10;3;2;5;13;22;-9;11;10;3;3;4;11;17;-6;12;Fulham;20;7;9;4;30;27;3;30;11;4;5;2;18;17;1;17;9;3;4;2;12;10;2;13;3;3.4;2.38;3;2;H
21;14/01/2025;Chelsea;20;10;6;4;39;24;15;36;9;4;3;2;15;11;4;15;11;6;3;2;24;13;11;21;Bournemouth;20;9;6;5;30;23;7;33;10;5;3;2;12;7;5;18;10;4;3;3;18;16;2;15;1.48;4.75;6;2;2;D
21;14/01/2025;Nottingham;20;12;4;4;29;19;10;40;9;5;2;2;11;7;4;17;11;7;2;2;18;12;6;23;Liverpool;20;14;5;1;49;21;28;47;10;7;2;1;20;8;12;23;10;7;3;0;29;13;16;24;5.25;4.1;1.62;1;1;D
21;15/01/2025;Everton;20;3;9;8;17;27;-10;18;10;2;5;3;11;12;-1;11;10;1;4;5;6;15;-9;7;Aston Villa;20;9;5;6;30;32;-2;32;11;6;4;1;19;13;6;22;9;3;1;5;11;19;-8;10;3.25;3.2;2.3;0;1;A
21;15/01/2025;Leicester;20;3;5;12;23;44;-21;14;10;2;3;5;11;17;-6;9;10;1;2;7;12;27;-15;5;Crystal Palace;20;4;9;7;21;28;-7;21;11;2;5;4;10;17;-7;11;9;2;4;3;11;11;0;10;3.9;3.6;1.91;0;2;A
21;15/01/2025;Newcastle;20;10;5;5;34;22;12;35;9;5;2;2;15;8;7;17;11;5;3;3;19;14;5;18;Wolverhampton;20;4;4;12;31;45;-14;16;10;2;1;7;14;23;-9;7;10;2;3;5;17;22;-5;9;1.36;5.5;8;3;0;H
21;15/01/2025;Arsenal;20;11;7;2;39;18;21;40;9;6;3;0;18;6;12;21;11;5;4;2;21;12;9;19;Tottenham;20;7;3;10;42;30;12;24;11;4;2;5;26;21;5;14;9;3;1;5;16;9;7;10;1.4;5.25;7;2;1;H
21;16/01/2025;Ipswich;20;3;7;10;20;35;-15;16;10;1;4;5;8;16;-8;7;10;2;3;5;12;19;-7;9;Brighton;20;6;10;4;30;29;1;28;10;3;6;1;14;13;1;15;10;3;4;3;16;16;0;13;3.9;3.7;1.91;0;2;A
21;16/01/2025;Man Utd;20;6;5;9;23;28;-5;23;10;4;1;5;13;16;-3;13;10;2;4;4;10;12;-2;10;Southampton;20;1;3;16;12;44;-32;6;10;1;1;8;7;27;-20;4;10;0;2;8;5;17;-12;2;1.29;6;9.5;3;1;H
22;18/01/2025;Newcastle;21;11;5;5;37;22;15;38;10;6;2;2;18;8;10;20;11;5;3;3;19;14;5;18;Bournemouth;21;9;7;5;32;25;7;34;10;5;3;2;12;7;5;18;11;4;4;3;20;18;2;16;1.62;4.2;5;1;4;A
22;18/01/2025;Brentford;21;8;4;9;40;37;3;28;11;7;2;2;29;21;8;23;10;1;2;7;11;16;-5;5;Liverpool;21;14;6;1;50;22;28;48;10;7;2;1;20;8;12;23;11;7;4;0;30;14;16;25;6.5;5;1.42;0;2;A
22;18/01/2025;Leicester;21;3;5;13;23;46;-23;14;11;2;3;6;11;19;-8;9;10;1;2;7;12;27;-15;5;Fulham;21;7;9;5;32;30;2;30;11;4;5;2;18;17;1;17;10;3;4;3;14;13;1;13;4.33;3.7;1.8;0;2;A
22;18/01/2025;West Ham;21;7;5;9;27;41;-14;26;11;4;2;5;16;24;-8;14;10;3;3;4;11;17;-6;12;Crystal Palace;21;5;9;7;23;28;-5;24;11;2;5;4;10;17;-7;11;10;3;4;3;13;11;2;13;2.6;3.5;2.63;0;2;A
22;18/01/2025;Arsenal;21;12;7;2;41;19;22;43;10;7;3;0;20;7;13;24;11;5;4;2;21;12;9;19;Aston Villa;21;10;5;6;31;32;-1;35;11;6;4;1;19;13;6;22;10;4;1;5;12;19;-7;13;1.5;4.1;7;2;2;D
22;19/01/2025;Everton;21;3;9;9;17;28;-11;18;11;2;5;4;11;13;-2;11;10;1;4;5;6;15;-9;7;Tottenham;21;7;3;11;43;32;11;24;11;4;2;5;26;21;5;14;10;3;1;6;17;11;6;10;2.8;3.5;2.45;3;2;H
22;19/01/2025;Man Utd;21;7;5;9;26;29;-3;26;11;5;1;5;16;17;-1;16;10;2;4;4;10;12;-2;10;Brighton;21;7;10;4;32;29;3;31;10;3;6;1;14;13;1;15;11;4;4;3;18;16;2;16;2.1;3.6;3.3;1;3;A
22;19/01/2025;Nottingham;21;12;5;4;30;20;10;41;10;5;3;2;12;8;4;18;11;7;2;2;18;12;6;23;Southampton;21;1;3;17;13;47;-34;6;10;1;1;8;7;27;-20;4;11;0;2;9;6;20;-14;2;1.38;4.75;8;3;2;H
22;19/01/2025;Ipswich;21;3;7;11;20;37;-17;16;11;1;4;6;8;18;-10;7;10;2;3;5;12;19;-7;9;Man City;21;10;5;6;38;29;9;35;10;6;2;2;21;14;7;20;11;4;3;4;17;15;2;15;7.5;5.25;1.36;0;6;A
22;20/01/2025;Chelsea;21;10;7;4;41;26;15;37;10;4;4;2;17;13;4;16;11;6;3;2;24;13;11;21;Wolverhampton;21;4;4;13;31;48;-17;16;10;2;1;7;14;23;-9;7;11;2;3;6;17;25;-8;9;1.36;5.75;6.5;3;1;H
23;25/01/2025;Bournemouth;22;10;7;5;36;26;10;37;10;5;3;2;12;7;5;18;12;5;4;3;24;19;5;19;Nottingham;22;13;5;4;33;22;11;44;11;6;3;2;15;10;5;21;11;7;2;2;18;12;6;23;2.05;3.7;3.4;5;0;H
23;25/01/2025;Brighton;22;8;10;4;35;30;5;34;10;3;6;1;14;13;1;15;12;5;4;3;21;17;4;19;Everton;22;4;9;9;20;30;-10;21;12;3;5;4;14;15;-1;14;10;1;4;5;6;15;-9;7;1.67;3.75;5.5;0;1;A
23;25/01/2025;Liverpool;22;15;6;1;52;22;30;51;10;7;2;1;20;8;12;23;12;8;4;0;32;14;18;28;Ipswich;22;3;7;12;20;43;-23;16;12;1;4;7;8;24;-16;7;10;2;3;5;12;19;-7;9;1.08;12;15;4;1;H
23;25/01/2025;Southampton;22;1;3;18;15;50;-35;6;10;1;1;8;7;27;-20;4;12;0;2;10;8;23;-15;2;Newcastle;22;11;5;6;38;26;12;38;11;6;2;3;19;12;7;20;11;5;3;3;19;14;5;18;6.5;5.25;1.42;1;3;A
23;25/01/2025;Wolverhampton;22;4;4;14;32;51;-19;16;10;2;1;7;14;23;-9;7;12;2;3;7;18;28;-10;9;Arsenal;22;12;8;2;43;21;22;44;11;7;4;0;22;9;13;25;11;5;4;2;21;12;9;19;7;4.5;1.45;0;1;A
23;25/01/2025;Man City;22;11;5;6;44;29;15;38;10;6;2;2;21;14;7;20;12;5;3;4;23;15;8;18;Chelsea;22;11;7;4;44;27;17;40;11;5;4;2;20;14;6;19;11;6;3;2;24;13;11;21;2.05;4;3.3;3;1;H
23;26/01/2025;Crystal Palace;22;6;9;7;25;28;-3;27;11;2;5;4;10;17;-7;11;11;4;4;3;15;11;4;16;Brentford;22;8;4;10;40;39;1;28;12;7;2;3;29;23;6;23;10;1;2;7;11;16;-5;5;2.05;3.75;3.3;1;2;A
23;26/01/2025;Tottenham;22;7;3;12;45;35;10;24;11;4;2;5;26;21;5;14;11;3;1;7;19;14;5;10;Leicester;22;3;5;14;23;48;-25;14;12;2;3;7;11;21;-10;9;10;1;2;7;12;27;-15;5;1.45;5.5;5.5;1;2;A
23;26/01/2025;Aston Villa;22;10;6;6;33;34;-1;36;11;6;4;1;19;13;6;22;11;4;2;5;14;21;-7;14;West Ham;22;7;5;10;27;43;-16;26;12;4;2;6;16;26;-10;14;10;3;3;4;11;17;-6;12;1.53;4.33;5.75;1;1;D
23;26/01/2025;Fulham;22;8;9;5;34;30;4;33;11;4;5;2;18;17;1;17;11;4;4;3;16;13;3;16;Man Utd;22;7;5;10;27;32;-5;26;12;5;1;6;17;20;-3;16;10;2;4;4;10;12;-2;10;2.3;3.4;3.1;0;1;A
24;01/02/2025;Nottingham;23;13;5;5;33;27;6;44;11;6;3;2;15;10;5;21;12;7;2;3;18;17;1;23;Brighton;23;8;10;5;35;31;4;34;11;3;6;2;14;14;0;15;12;5;4;3;21;17;4;19;2.38;3.5;2.8;7;0;H
24;01/02/2025;Bournemouth;23;11;7;5;41;26;15;40;11;6;3;2;17;7;10;21;12;5;4;3;24;19;5;19;Liverpool;23;16;6;1;56;23;33;54;11;8;2;1;24;9;15;26;12;8;4;0;32;14;18;28;4.5;4.33;1.67;0;2;A
24;01/02/2025;Everton;23;5;9;9;21;30;-9;24;12;3;5;4;14;15;-1;14;11;2;4;5;7;15;-8;10;Leicester;23;4;5;14;25;49;-24;17;12;2;3;7;11;21;-10;9;11;2;2;7;14;28;-14;8;1.75;3.75;4.5;4;0;H
24;01/02/2025;Ipswich;23;3;7;13;21;47;-26;16;12;1;4;7;8;24;-16;7;11;2;3;6;13;23;-10;9;Southampton;23;1;3;19;16;53;-37;6;11;1;1;9;8;30;-22;4;12;0;2;10;8;23;-15;2;1.95;3.6;3.8;1;2;A
24;01/02/2025;Newcastle;23;12;5;6;41;27;14;41;11;6;2;3;19;12;7;20;12;6;3;3;22;15;7;21;Fulham;23;8;9;6;34;31;3;33;12;4;5;3;18;18;0;17;11;4;4;3;16;13;3;16;1.7;4;4.75;1;2;A
24;01/02/2025;Wolverhampton;23;4;4;15;32;52;-20;16;11;2;1;8;14;24;-10;7;12;2;3;7;18;28;-10;9;Aston Villa;23;10;7;6;34;35;-1;37;12;6;5;1;20;14;6;23;11;4;2;5;14;21;-7;14;3.3;3.6;2.1;2;0;H
24;02/02/2025;Brentford;23;9;4;10;42;40;2;31;12;7;2;3;29;23;6;23;11;2;2;7;13;17;-4;8;Tottenham;23;7;3;13;46;37;9;24;12;4;2;6;27;23;4;14;11;3;1;7;19;14;5;10;2.1;3.9;3.2;0;2;A
24;02/02/2025;Man Utd;23;8;5;10;28;32;-4;29;12;5;1;6;17;20;-3;16;11;3;4;4;11;12;-1;13;Crystal Palace;23;6;9;8;26;30;-4;27;12;2;5;5;11;19;-8;11;11;4;4;3;15;11;4;16;2;3.5;3.8;0;2;A
24;02/02/2025;Arsenal;23;13;8;2;44;21;23;47;11;7;4;0;22;9;13;25;12;6;4;2;22;12;10;22;Man City;23;12;5;6;47;30;17;41;11;7;2;2;24;15;9;23;12;5;3;4;23;15;8;18;1.95;3.5;4;5;1;H
24;03/02/2025;Chelsea;23;11;7;5;45;30;15;40;11;5;4;2;20;14;6;19;12;6;3;3;25;16;9;21;West Ham;23;7;6;10;28;44;-16;27;12;4;2;6;16;26;-10;14;11;3;4;4;12;18;-6;13;1.36;4.75;8;2;1;H
25;14/02/2025;Brighton;24;8;10;6;35;38;-3;34;11;3;6;2;14;14;0;15;13;5;4;4;21;24;-3;19;Chelsea;24;12;7;5;47;31;16;43;12;6;4;2;22;15;7;22;12;6;3;3;25;16;9;21;2.7;3.6;2.45;3;0;H
25;15/02/2025;Leicester;24;4;5;15;25;53;-28;17;12;2;3;7;11;21;-10;9;12;2;2;8;14;32;-18;8;Arsenal;24;14;8;2;49;22;27;50;12;8;4;0;27;10;17;28;12;6;4;2;22;12;10;22;8.5;5;1.33;0;2;A
25;15/02/2025;Aston Villa;24;10;7;7;34;37;-3;37;12;6;5;1;20;14;6;23;12;4;2;6;14;23;-9;14;Ipswich;24;3;7;14;22;49;-27;16;13;1;4;8;9;26;-17;7;11;2;3;6;13;23;-10;9;1.4;4.75;7;1;1;D
25;15/02/2025;Fulham;24;9;9;6;36;32;4;36;12;4;5;3;18;18;0;17;12;5;4;3;18;14;4;19;Nottingham;24;14;5;5;40;27;13;47;12;7;3;2;22;10;12;24;12;7;2;3;18;17;1;23;2.2;3.4;3.3;2;1;H
25;15/02/2025;Man City;24;12;5;7;48;35;13;41;11;7;2;2;24;15;9;23;13;5;3;5;24;20;4;18;Newcastle;24;12;5;7;42;29;13;41;12;6;2;4;20;14;6;20;12;6;3;3;22;15;7;21;1.95;4.2;3.3;4;0;H
25;15/02/2025;Southampton;24;2;3;19;18;54;-36;9;11;1;1;9;8;30;-22;4;13;1;2;10;10;24;-14;5;Bournemouth;24;11;7;6;41;28;13;40;12;6;3;3;17;9;8;21;12;5;4;3;24;19;5;19;6;4.5;1.5;1;3;A
25;15/02/2025;West Ham;24;7;6;11;29;46;-17;27;12;4;2;6;16;26;-10;14;12;3;4;5;13;20;-7;13;Brentford;24;9;4;11;42;42;0;31;13;7;2;4;29;25;4;23;11;2;2;7;13;17;-4;8;2.35;3.6;2.88;0;1;A
25;15/02/2025;Crystal Palace;24;7;9;8;28;30;-2;30;12;2;5;5;11;19;-8;11;12;5;4;3;17;11;6;19;Everton;24;6;9;9;25;30;-5;27;13;4;5;4;18;15;3;17;11;2;4;5;7;15;-8;10;1.8;3.4;5;1;2;A
25;16/02/2025;Liverpool;24;17;6;1;58;23;35;57;11;8;2;1;24;9;15;26;13;9;4;0;34;14;20;31;Wolverhampton;24;5;4;15;34;52;-18;19;12;3;1;8;16;24;-8;10;12;2;3;7;18;28;-10;9;1.15;8;12;2;1;H
25;16/02/2025;Tottenham;24;8;3;13;48;37;11;27;12;4;2;6;27;23;4;14;12;4;1;7;21;14;7;13;Man Utd;24;8;5;11;28;34;-6;29;13;5;1;7;17;22;-5;16;11;3;4;4;11;12;-1;13;2.45;3.75;2.62;1;0;H
26;21/02/2025;Leicester;25;4;5;16;25;55;-30;17;13;2;3;8;11;23;-12;9;12;2;2;8;14;32;-18;8;Brentford;25;10;4;11;43;42;1;34;13;7;2;4;29;25;4;23;12;3;2;7;14;17;-3;11;3.6;3.8;1.91;0;4;A
26;22/02/2025;Everton;25;7;9;9;27;31;-4;30;13;4;5;4;18;15;3;17;12;3;4;5;9;16;-7;13;Man Utd;25;8;5;12;28;35;-7;29;13;5;1;7;17;22;-5;16;12;3;4;5;11;13;-2;13;2.5;3.2;2.9;2;2;D
26;22/02/2025;Bournemouth;25;12;7;6;44;29;15;43;12;6;3;3;17;9;8;21;13;6;4;3;27;20;7;22;Wolverhampton;25;5;4;16;35;54;-19;19;12;3;1;8;16;24;-8;10;13;2;3;8;19;30;-11;9;1.53;4.5;5.5;0;1;A
26;22/02/2025;Arsenal;25;15;8;2;51;22;29;53;12;8;4;0;27;10;17;28;13;7;4;2;24;12;12;25;West Ham;25;7;6;12;29;47;-18;27;13;4;2;7;16;27;-11;14;12;3;4;5;13;20;-7;13;1.27;6;10;0;1;A
26;22/02/2025;Fulham;25;10;9;6;38;33;5;39;13;5;5;3;20;19;1;20;12;5;4;3;18;14;4;19;Crystal Palace;25;7;9;9;29;32;-3;30;13;2;5;6;12;21;-9;11;12;5;4;3;17;11;6;19;2.05;3.4;3.7;0;2;A
26;22/02/2025;Ipswich;25;3;8;14;23;50;-27;17;13;1;4;8;9;26;-17;7;12;2;4;6;14;24;-10;10;Tottenham;25;9;3;13;49;37;12;30;13;5;2;6;28;23;5;17;12;4;1;7;21;14;7;13;4.1;3.6;1.9;1;4;A
26;22/02/2025;Southampton;25;2;3;20;19;57;-38;9;12;1;1;10;9;33;-24;4;13;1;2;10;10;24;-14;5;Brighton;25;9;10;6;38;38;0;37;12;4;6;2;17;14;3;18;13;5;4;4;21;24;-3;19;6;4.1;1.55;0;4;A
26;22/02/2025;Aston Villa;25;10;8;7;35;38;-3;38;13;6;6;1;21;15;6;24;12;4;2;6;14;23;-9;14;Chelsea;25;12;7;6;47;34;13;43;12;6;4;2;22;15;7;22;13;6;3;4;25;19;6;21;2.63;3.4;2.6;2;1;H
26;23/02/2025;Newcastle;25;12;5;8;42;33;9;41;12;6;2;4;20;14;6;20;13;6;3;4;22;19;3;21;Nottingham;25;14;5;6;41;29;12;47;12;7;3;2;22;10;12;24;13;7;2;4;19;19;0;23;1.8;3.8;4.2;4;3;H
26;23/02/2025;Man City;25;13;5;7;52;35;17;44;12;8;2;2;28;15;13;26;13;5;3;5;24;20;4;18;Liverpool;25;18;6;1;60;24;36;60;12;9;2;1;26;10;16;29;13;9;4;0;34;14;20;31;2.88;3.8;2.25;0;2;A
27;25/02/2025;Brighton;26;10;10;6;42;38;4;40;12;4;6;2;17;14;3;18;14;6;4;4;25;24;1;22;Bournemouth;26;12;7;7;44;30;14;43;13;6;3;4;17;10;7;21;13;6;4;3;27;20;7;22;2;3.8;3.3;2;1;H
27;25/02/2025;Wolverhampton;26;6;4;16;36;54;-18;22;12;3;1;8;16;24;-8;10;14;3;3;8;20;30;-10;12;Fulham;26;10;9;7;38;35;3;39;14;5;5;4;20;21;-1;20;12;5;4;3;18;14;4;19;2.63;3.3;2.63;1;2;A
27;25/02/2025;Crystal Palace;26;8;9;9;31;32;-1;33;13;2;5;6;12;21;-9;11;13;6;4;3;19;11;8;22;Aston Villa;26;11;8;7;37;39;-2;41;14;7;6;1;23;16;7;27;12;4;2;6;14;23;-9;14;2.45;3.4;2.8;4;1;H
27;25/02/2025;Chelsea;26;12;7;7;48;36;12;43;12;6;4;2;22;15;7;22;14;6;3;5;26;21;5;21;Southampton;26;2;3;21;19;61;-42;9;13;1;1;11;9;37;-28;4;13;1;2;10;10;24;-14;5;1.17;8;13;4;0;H
27;26/02/2025;Brentford;26;11;4;11;47;42;5;37;13;7;2;4;29;25;4;23;13;4;2;7;18;17;1;14;Everton;26;7;10;9;29;33;-4;31;14;4;6;4;20;17;3;18;12;3;4;5;9;16;-7;13;2;3.7;3.5;1;1;D
27;26/02/2025;Nottingham;26;14;5;7;44;33;11;47;12;7;3;2;22;10;12;24;14;7;2;5;22;23;-1;23;Arsenal;26;15;8;3;51;23;28;53;13;8;4;1;27;11;16;28;13;7;4;2;24;12;12;25;3.9;3.6;1.95;0;0;D
27;26/02/2025;Tottenham;26;10;3;13;53;38;15;33;13;5;2;6;28;23;5;17;13;5;1;7;25;15;10;16;Man City;26;13;5;8;52;37;15;44;13;8;2;3;28;17;11;26;13;5;3;5;24;20;4;18;3.25;4;2;0;1;A
27;26/02/2025;Man Utd;26;8;6;12;30;37;-7;30;13;5;1;7;17;22;-5;16;13;3;5;5;13;15;-2;14;Ipswich;26;3;8;15;24;54;-30;17;14;1;4;9;10;30;-20;7;12;2;4;6;14;24;-10;10;1.53;4.33;6;3;2;H
27;26/02/2025;Liverpool;26;19;6;1;62;24;38;63;12;9;2;1;26;10;16;29;14;10;4;0;36;14;22;34;Newcastle;26;13;5;8;46;36;10;44;13;7;2;4;24;17;7;23;13;6;3;4;22;19;3;21;1.5;4.5;5.75;2;0;H
27;27/02/2025;West Ham;26;8;6;12;30;47;-17;30;13;4;2;7;16;27;-11;14;13;4;4;5;14;20;-6;16;Leicester;26;4;5;17;25;59;-34;17;14;2;3;9;11;27;-16;9;12;2;2;8;14;32;-18;8;1.62;4.2;5;2;0;H
28;08/03/2025;Nottingham;27;14;6;7;44;33;11;48;13;7;4;2;22;10;12;25;14;7;2;5;22;23;-1;23;Man City;27;14;5;8;53;37;16;47;13;8;2;3;28;17;11;26;14;6;3;5;25;20;5;21;4;3.75;1.85;1;0;H
28;08/03/2025;Brighton;27;11;10;6;44;39;5;43;13;5;6;2;19;15;4;21;14;6;4;4;25;24;1;22;Fulham;27;11;9;7;40;36;4;42;14;5;5;4;20;21;-1;20;13;6;4;3;20;15;5;22;1.95;3.6;3.75;2;1;H
28;08/03/2025;Crystal Palace;27;9;9;9;35;33;2;36;14;3;5;6;16;22;-6;14;13;6;4;3;19;11;8;22;Ipswich;27;3;8;16;26;57;-31;17;14;1;4;9;10;30;-20;7;13;2;4;7;16;27;-11;10;1.45;4.75;6.25;1;0;H
28;08/03/2025;Liverpool;27;20;6;1;64;24;40;66;13;10;2;1;28;10;18;32;14;10;4;0;36;14;22;34;Southampton;27;2;3;22;19;65;-46;9;13;1;1;11;9;37;-28;4;14;1;2;11;10;28;-18;5;1.1;9;19;3;1;H
28;08/03/2025;Brentford;27;11;5;11;48;43;5;38;14;7;3;4;30;26;4;24;13;4;2;7;18;17;1;14;Aston Villa;27;11;8;8;38;43;-5;41;14;7;6;1;23;16;7;27;13;4;2;7;15;27;-12;14;2.2;3.8;2.9;0;1;A
28;08/03/2025;Wolverhampton;27;6;4;17;37;56;-19;22;13;3;1;9;17;26;-9;10;14;3;3;8;20;30;-10;12;Everton;27;7;11;9;30;34;-4;32;14;4;6;4;20;17;3;18;13;3;5;5;10;17;-7;14;2.6;3.1;2.88;1;1;D
28;09/03/2025;Chelsea;27;13;7;7;52;36;16;46;13;7;4;2;26;15;11;25;14;6;3;5;26;21;5;21;Leicester;27;4;5;18;25;61;-36;17;14;2;3;9;11;27;-16;9;13;2;2;9;14;34;-20;8;1.18;8;12;1;0;H
28;09/03/2025;Tottenham;27;10;3;14;53;39;14;33;14;5;2;7;28;24;4;17;13;5;1;7;25;15;10;16;Bournemouth;27;12;7;8;45;32;13;43;13;6;3;4;17;10;7;21;14;6;4;4;28;22;6;22;2.7;3.9;2.35;2;2;D
28;09/03/2025;Man Utd;27;9;6;12;33;39;-6;33;14;6;1;7;20;24;-4;19;13;3;5;5;13;15;-2;14;Arsenal;27;15;9;3;51;23;28;54;13;8;4;1;27;11;16;28;14;7;5;2;24;12;12;26;5.75;3.5;1.7;1;1;D
28;10/03/2025;West Ham;27;9;6;12;32;47;-15;33;14;5;2;7;18;27;-9;17;13;4;4;5;14;20;-6;16;Newcastle;27;13;5;9;46;38;8;44;13;7;2;4;24;17;7;23;14;6;3;5;22;21;1;21;3.25;3.4;2.2;0;1;A
29;15/03/2025;Everton;28;7;12;9;31;35;-4;33;14;4;6;4;20;17;3;18;14;3;6;5;11;18;-7;15;West Ham;28;9;6;13;32;48;-16;33;15;5;2;8;18;28;-10;17;13;4;4;5;14;20;-6;16;2.05;3.2;3.9;1;1;D
29;15/03/2025;Ipswich;28;3;8;17;26;58;-32;17;14;1;4;9;10;30;-20;7;14;2;4;8;16;28;-12;10;Nottingham;28;15;6;7;45;33;12;51;14;8;4;2;23;10;13;28;14;7;2;5;22;23;-1;23;3.75;3.5;2;2;4;A
29;15/03/2025;Man City;28;14;5;9;53;38;15;47;13;8;2;3;28;17;11;26;15;6;3;6;25;21;4;21;Brighton;28;12;10;6;46;40;6;46;14;6;6;2;21;16;5;24;14;6;4;4;25;24;1;22;1.67;4.33;4.5;2;2;D
29;15/03/2025;Southampton;28;2;3;23;20;68;-48;9;13;1;1;11;9;37;-28;4;15;1;2;12;11;31;-20;5;Wolverhampton;28;6;5;17;38;57;-19;23;14;3;2;9;18;27;-9;11;14;3;3;8;20;30;-10;12;3.7;3.4;2;1;2;A
29;15/03/2025;Bournemouth;28;12;8;8;47;34;13;44;13;6;3;4;17;10;7;21;15;6;5;4;30;24;6;23;Brentford;28;11;5;12;48;44;4;38;15;7;3;5;30;27;3;24;13;4;2;7;18;17;1;14;1.73;4.2;4.2;1;2;A
29;16/03/2025;Arsenal;28;15;10;3;52;24;28;55;13;8;4;1;27;11;16;28;15;7;6;2;25;13;12;27;Chelsea;28;14;7;7;53;36;17;49;14;8;4;2;27;15;12;28;14;6;3;5;26;21;5;21;1.8;3.6;4.5;1;0;H
29;16/03/2025;Fulham;28;11;9;8;41;38;3;42;14;5;5;4;20;21;-1;20;14;6;4;4;21;17;4;22;Tottenham;28;10;4;14;55;41;14;34;15;5;3;7;30;26;4;18;13;5;1;7;25;15;10;16;2;3.75;3.6;2;0;H
29;16/03/2025;Leicester;28;4;5;19;25;62;-37;17;14;2;3;9;11;27;-16;9;14;2;2;10;14;35;-21;8;Man Utd;28;9;7;12;34;40;-6;34;15;6;2;7;21;25;-4;20;13;3;5;5;13;15;-2;14;4.5;3.5;1.83;0;3;A
30;01/04/2025;Arsenal;29;16;10;3;53;24;29;58;14;9;4;1;28;11;17;31;15;7;6;2;25;13;12;27;Fulham;29;12;9;8;43;38;5;45;15;6;5;4;22;21;1;23;14;6;4;4;21;17;4;22;1.48;4.33;7;2;1;H
30;01/04/2025;Wolverhampton;29;7;5;17;40;58;-18;26;14;3;2;9;18;27;-9;11;15;4;3;8;22;31;-9;15;West Ham;29;9;7;13;33;49;-16;34;15;5;2;8;18;28;-10;17;14;4;5;5;15;21;-6;17;2.5;3.2;2.9;1;0;H
30;01/04/2025;Nottingham;29;16;6;7;49;35;14;54;14;8;4;2;23;10;13;28;15;8;2;5;26;25;1;26;Man Utd;29;10;7;12;37;40;-3;37;15;6;2;7;21;25;-4;20;14;4;5;5;16;15;1;17;2.3;3.4;3.1;1;0;H
30;02/04/2025;Bournemouth;29;12;8;9;48;36;12;44;14;6;3;5;18;12;6;21;15;6;5;4;30;24;6;23;Ipswich;29;3;8;18;28;62;-34;17;15;1;4;10;12;34;-22;7;14;2;4;8;16;28;-12;10;1.36;5.25;7.5;1;2;A
30;02/04/2025;Brighton;29;12;11;6;48;42;6;47;14;6;6;2;21;16;5;24;15;6;5;4;27;26;1;23;Aston Villa;29;12;9;8;41;45;-4;45;15;7;7;1;25;18;7;28;14;5;2;7;16;27;-11;17;2.05;3.8;3.25;0;3;A
30;02/04/2025;Man City;29;14;6;9;55;40;15;48;14;8;3;3;30;19;11;27;15;6;3;6;25;21;4;21;Leicester;29;4;5;20;25;65;-40;17;15;2;3;10;11;30;-19;9;14;2;2;10;14;35;-21;8;1.2;8;10;2;0;H
30;02/04/2025;Newcastle;29;15;5;9;52;38;14;50;14;8;2;4;29;17;12;26;15;7;3;5;23;21;2;24;Brentford;29;12;5;12;50;45;5;41;15;7;3;5;30;27;3;24;14;5;2;7;20;18;2;17;1.73;4.5;4;2;1;H
30;02/04/2025;Southampton;29;2;3;24;21;70;-49;9;14;1;1;12;10;39;-29;4;15;1;2;12;11;31;-20;5;Crystal Palace;29;10;9;10;36;38;-2;39;15;4;5;6;17;22;-5;17;14;6;4;4;19;16;3;22;5.75;3.8;1.62;1;1;D
30;02/04/2025;Liverpool;29;21;7;1;69;27;42;70;14;11;2;1;31;11;20;35;15;10;5;0;38;16;22;35;Everton;29;7;13;9;32;36;-4;34;15;4;7;4;21;18;3;19;14;3;6;5;11;18;-7;15;1.36;5;8;1;0;H
30;03/04/2025;Chelsea;29;14;7;8;53;37;16;49;14;8;4;2;27;15;12;28;15;6;3;6;26;22;4;21;Tottenham;29;10;4;15;55;43;12;34;15;5;3;7;30;26;4;18;14;5;1;8;25;17;8;16;1.65;4.5;4.5;1;0;H
31;05/04/2025;Everton;30;7;13;10;32;37;-5;34;15;4;7;4;21;18;3;19;15;3;6;6;11;19;-8;15;Arsenal;30;17;10;3;55;25;30;61;15;10;4;1;30;12;18;34;15;7;6;2;25;13;12;27;5.25;3.25;1.75;1;1;D
31;05/04/2025;Crystal Palace;30;10;10;10;37;39;-2;40;15;4;5;6;17;22;-5;17;15;6;5;4;20;17;3;23;Brighton;30;12;11;7;48;45;3;47;15;6;6;3;21;19;2;24;15;6;5;4;27;26;1;23;2.35;3.6;2.8;2;1;H
31;05/04/2025;Ipswich;30;4;8;18;30;63;-33;20;15;1;4;10;12;34;-22;7;15;3;4;8;18;29;-11;13;Wolverhampton;30;8;5;17;41;58;-17;29;15;4;2;9;19;27;-8;14;15;4;3;8;22;31;-9;15;2.7;3.25;2.63;1;2;A
31;05/04/2025;West Ham;30;9;7;14;33;50;-17;34;15;5;2;8;18;28;-10;17;15;4;5;6;15;22;-7;17;Bournemouth;30;12;8;10;49;38;11;44;15;6;3;6;19;14;5;21;15;6;5;4;30;24;6;23;3;3.5;2.3;2;2;D
31;05/04/2025;Aston Villa;30;13;9;8;44;45;-1;48;15;7;7;1;25;18;7;28;15;6;2;7;19;27;-8;20;Nottingham;30;17;6;7;50;35;15;57;15;9;4;2;24;10;14;31;15;8;2;5;26;25;1;26;1.95;3.6;3.7;2;1;H
31;06/04/2025;Brentford;30;12;5;13;51;47;4;41;15;7;3;5;30;27;3;24;15;5;2;8;21;20;1;17;Chelsea;30;15;7;8;54;37;17;52;15;9;4;2;28;15;13;31;15;6;3;6;26;22;4;21;3.2;3.6;2.15;0;0;D
31;06/04/2025;Fulham;30;12;9;9;44;40;4;45;15;6;5;4;22;21;1;23;15;6;4;5;22;19;3;22;Liverpool;30;22;7;1;70;27;43;73;15;12;2;1;32;11;21;38;15;10;5;0;38;16;22;35;4.5;3.5;1.83;3;2;H
31;06/04/2025;Tottenham;30;10;4;16;55;44;11;34;15;5;3;7;30;26;4;18;15;5;1;9;25;18;7;16;Southampton;30;2;4;24;22;71;-49;10;15;1;2;12;11;40;-29;5;15;1;2;12;11;31;-20;5;1.38;5.5;6.5;3;1;H
31;06/04/2025;Man Utd;30;10;7;13;37;41;-4;37;15;6;2;7;21;25;-4;20;15;4;5;6;16;16;0;17;Man City;30;15;6;9;57;40;17;51;15;9;3;3;32;19;13;30;15;6;3;6;25;21;4;21;3.4;3.6;2.1;0;0;D
31;07/04/2025;Leicester;30;4;5;21;25;67;-42;17;15;2;3;10;11;30;-19;9;15;2;2;11;14;37;-23;8;Newcastle;30;16;5;9;54;39;15;53;15;9;2;4;31;18;13;29;15;7;3;5;23;21;2;24;6.5;4.2;1.48;0;3;A
32;12/04/2025;Man City;31;15;7;9;57;40;17;52;15;9;3;3;32;19;13;30;16;6;4;6;25;21;4;22;Crystal Palace;31;11;10;10;39;40;-1;43;16;5;5;6;19;23;-4;20;15;6;5;4;20;17;3;23;1.5;4.75;5.75;5;2;H
32;12/04/2025;Brighton;31;12;11;8;49;47;2;47;15;6;6;3;21;19;2;24;16;6;5;5;28;28;0;23;Leicester;31;4;5;22;25;70;-45;17;16;2;3;11;11;33;-22;9;15;2;2;11;14;37;-23;8;1.29;6;10;2;2;D
32;12/04/2025;Nottingham;31;17;6;8;51;37;14;57;15;9;4;2;24;10;14;31;16;8;2;6;27;27;0;26;Everton;31;7;14;10;33;38;-5;35;16;4;8;4;22;19;3;20;15;3;6;6;11;19;-8;15;2.1;3.3;3.7;0;1;A
32;12/04/2025;Southampton;31;2;4;25;23;74;-51;10;15;1;2;12;11;40;-29;5;16;1;2;13;12;34;-22;5;Aston Villa;31;14;9;8;46;46;0;51;16;8;7;1;27;19;8;31;15;6;2;7;19;27;-8;20;6;4.2;1.55;0;3;A
32;12/04/2025;Arsenal;31;17;11;3;56;26;30;62;15;10;4;1;30;12;18;34;16;7;7;2;26;14;12;28;Brentford;31;12;6;13;51;47;4;42;16;7;4;5;30;27;3;25;15;5;2;8;21;20;1;17;1.6;4.33;5;1;1;D
32;13/04/2025;Chelsea;31;15;8;8;54;37;17;53;15;9;4;2;28;15;13;31;16;6;4;6;26;22;4;22;Ipswich;31;4;8;19;31;65;-34;20;16;1;4;11;13;36;-23;7;15;3;4;8;18;29;-11;13;1.27;7;8.5;2;2;D
32;13/04/2025;Liverpool;31;22;7;2;72;30;42;73;15;12;2;1;32;11;21;38;16;10;5;1;40;19;21;35;West Ham;31;9;8;14;35;52;-17;35;16;5;3;8;20;30;-10;18;15;4;5;6;15;22;-7;17;1.3;6;8;2;1;H
32;13/04/2025;Wolverhampton;31;9;5;17;43;59;-16;32;15;4;2;9;19;27;-8;14;16;5;3;8;24;32;-8;18;Tottenham;31;11;4;16;58;45;13;37;16;6;3;7;33;27;6;21;15;5;1;9;25;18;7;16;2.2;3.6;3.1;4;2;H
32;13/04/2025;Newcastle;31;17;5;9;57;39;18;56;15;9;2;4;31;18;13;29;16;8;3;5;26;21;5;27;Man Utd;31;10;8;13;37;41;-4;38;16;6;3;7;21;25;-4;21;15;4;5;6;16;16;0;17;1.65;4.2;4.75;4;1;H
32;14/04/2025;Bournemouth;31;12;9;10;51;40;11;45;15;6;3;6;19;14;5;21;16;6;6;4;32;26;6;24;Fulham;31;13;9;9;47;42;5;48;16;7;5;4;25;23;2;26;15;6;4;5;22;19;3;22;2.15;3.5;3.3;1;0;H
33;19/04/2025;Brentford;32;12;7;13;52;48;4;43;16;7;4;5;30;27;3;25;16;5;3;8;22;21;1;18;Brighton;32;12;12;8;51;49;2;48;16;6;7;3;23;21;2;25;16;6;5;5;28;28;0;23;2.4;3.75;2.63;4;2;H
33;19/04/2025;Crystal Palace;32;11;10;11;41;45;-4;43;16;5;5;6;19;23;-4;20;16;6;5;5;22;22;0;23;Bournemouth;32;13;9;10;52;40;12;48;16;7;3;6;20;14;6;24;16;6;6;4;32;26;6;24;2.45;3.6;2.63;0;0;D
33;19/04/2025;Everton;32;8;14;10;34;38;-4;38;16;4;8;4;22;19;3;20;16;4;6;6;12;19;-7;18;Man City;32;16;7;9;62;42;20;55;16;10;3;3;37;21;16;33;16;6;4;6;25;21;4;22;3.7;3.6;1.91;0;2;A
33;19/04/2025;West Ham;32;9;8;15;36;54;-18;35;16;5;3;8;20;30;-10;18;16;4;5;7;16;24;-8;17;Southampton;32;2;4;26;23;77;-54;10;16;1;2;13;11;43;-32;5;16;1;2;13;12;34;-22;5;1.48;4.33;6.5;1;1;D
33;19/04/2025;Aston Villa;32;15;9;8;49;46;3;54;16;8;7;1;27;19;8;31;16;7;2;7;22;27;-5;23;Newcastle;32;18;5;9;61;40;21;59;16;10;2;4;35;19;16;32;16;8;3;5;26;21;5;27;2.3;3.6;2.75;4;1;H
33;20/04/2025;Fulham;32;13;9;10;47;43;4;48;16;7;5;4;25;23;2;26;16;6;4;6;22;20;2;22;Chelsea;32;15;9;8;56;39;17;54;16;9;5;2;30;17;13;32;16;6;4;6;26;22;4;22;2.7;3.7;2.35;1;2;A
33;20/04/2025;Ipswich;32;4;9;19;33;67;-34;21;16;1;4;11;13;36;-23;7;16;3;5;8;20;31;-11;14;Arsenal;32;17;12;3;57;27;30;63;16;10;5;1;31;13;18;35;16;7;7;2;26;14;12;28;8;4.5;1.4;0;4;A
33;20/04/2025;Man Utd;32;10;8;14;38;45;-7;38;16;6;3;7;21;25;-4;21;16;4;5;7;17;20;-3;17;Wolverhampton;32;10;5;17;47;61;-14;35;16;5;2;9;23;29;-6;17;16;5;3;8;24;32;-8;18;2;3.6;3.6;0;1;A
33;20/04/2025;Leicester;32;4;6;22;27;72;-45;18;16;2;3;11;11;33;-22;9;16;2;3;11;16;39;-23;9;Liverpool;32;23;7;2;74;31;43;76;16;13;2;1;34;12;22;41;16;10;5;1;40;19;21;35;11;6.25;1.22;0;1;A
33;21/04/2025;Tottenham;32;11;4;17;60;49;11;37;16;6;3;7;33;27;6;21;16;5;1;10;27;22;5;16;Nottingham;32;17;6;9;51;38;13;57;16;9;4;3;24;11;13;31;16;8;2;6;27;27;0;26;2.45;3.6;2.63;1;2;A
34;22/04/2025;Man City;33;17;7;9;64;42;22;58;16;10;3;3;37;21;16;33;17;7;4;6;27;21;6;25;Aston Villa;33;16;9;8;53;47;6;57;17;9;7;1;31;20;11;34;16;7;2;7;22;27;-5;23;1.8;4.1;3.9;2;1;H
34;23/04/2025;Arsenal;33;18;12;3;61;27;34;66;16;10;5;1;31;13;18;35;17;8;7;2;30;14;16;31;Crystal Palace;33;11;11;11;41;45;-4;44;17;5;6;6;19;23;-4;21;16;6;5;5;22;22;0;23;1.4;4.75;7.5;2;2;D
34;26/04/2025;Chelsea;33;16;9;8;58;40;18;57;16;9;5;2;30;17;13;32;17;7;4;6;28;23;5;25;Everton;33;8;14;11;34;40;-6;38;17;4;8;5;22;21;1;20;16;4;6;6;12;19;-7;18;1.55;4;6;1;0;H
34;26/04/2025;Brighton;33;12;12;9;53;53;0;48;16;6;7;3;23;21;2;25;17;6;5;6;30;32;-2;23;West Ham;33;9;9;15;37;55;-18;36;17;5;4;8;21;31;-10;19;16;4;5;7;16;24;-8;17;1.67;4.2;4.75;3;2;H
34;26/04/2025;Newcastle;33;18;5;10;62;44;18;59;16;10;2;4;35;19;16;32;17;8;3;6;27;25;2;27;Ipswich;33;4;9;20;33;71;-38;21;17;1;4;12;13;40;-27;7;16;3;5;8;20;31;-11;14;1.18;7.5;13;3;0;H
34;26/04/2025;Southampton;33;2;5;26;24;78;-54;11;16;1;2;13;11;43;-32;5;17;1;3;13;13;35;-22;6;Fulham;33;13;9;11;48;45;3;48;17;7;5;5;26;25;1;26;16;6;4;6;22;20;2;22;5.25;4;1.6;1;2;A
34;26/04/2025;Wolverhampton;33;11;5;17;48;61;-13;38;16;5;2;9;23;29;-6;17;17;6;3;8;25;32;-7;21;Leicester;33;4;6;23;27;73;-46;18;17;2;3;12;11;34;-23;9;16;2;3;11;16;39;-23;9;1.5;4.2;6.25;3;0;H
34;27/04/2025;Bournemouth;33;13;10;10;52;40;12;49;16;7;3;6;20;14;6;24;17;6;7;4;32;26;6;25;Man Utd;33;10;8;15;38;46;-8;38;17;6;3;8;21;26;-5;21;16;4;5;7;17;20;-3;17;1.67;4;4.5;1;1;D
34;27/04/2025;Liverpool;33;24;7;2;75;31;44;79;16;13;2;1;34;12;22;41;17;11;5;1;41;19;22;38;Tottenham;33;11;4;18;61;51;10;37;17;6;3;8;34;29;5;21;16;5;1;10;27;22;5;16;1.25;6;11;5;1;H
34;01/05/2025;Nottingham;33;18;6;9;53;39;14;60;16;9;4;3;24;11;13;31;17;9;2;6;29;28;1;29;Brentford;33;13;7;13;56;50;6;46;17;8;4;5;34;29;5;28;16;5;3;8;22;21;1;18;2.15;3.5;3.25;0;2;A
35;02/05/2025;Man City;34;18;7;9;66;43;23;61;17;11;3;3;39;22;17;36;17;7;4;6;27;21;6;25;Wolverhampton;34;12;5;17;51;61;-10;41;17;6;2;9;26;29;-3;20;17;6;3;8;25;32;-7;21;1.4;4.75;7.5;1;0;H
35;03/05/2025;Aston Villa;34;16;9;9;54;49;5;57;17;9;7;1;31;20;11;34;17;7;2;8;23;29;-6;23;Fulham;34;14;9;11;50;46;4;51;17;7;5;5;26;25;1;26;17;7;4;6;24;21;3;25;1.77;3.75;4.5;1;0;H
35;03/05/2025;Everton;34;8;14;12;34;41;-7;38;17;4;8;5;22;21;1;20;17;4;6;7;12;20;-8;18;Ipswich;34;4;9;21;33;74;-41;21;17;1;4;12;13;40;-27;7;17;3;5;9;20;34;-14;14;1.45;4.33;6.5;2;2;D
35;03/05/2025;Leicester;34;4;6;24;27;76;-49;18;17;2;3;12;11;34;-23;9;17;2;3;12;16;42;-26;9;Southampton;34;2;5;27;25;80;-55;11;17;1;2;14;12;45;-33;5;17;1;3;13;13;35;-22;6;2.3;3.6;2.88;2;0;H
35;03/05/2025;Arsenal;34;18;13;3;63;29;34;67;17;10;6;1;33;15;18;36;17;8;7;2;30;14;16;31;Bournemouth;34;13;11;10;53;41;12;50;17;7;4;6;21;15;6;25;17;6;7;4;32;26;6;25;2.05;3.7;3.4;1;2;A
35;04/05/2025;Brentford;34;14;7;13;58;50;8;49;17;8;4;5;34;29;5;28;17;6;3;8;24;21;3;21;Man Utd;34;10;9;15;39;47;-8;39;17;6;3;8;21;26;-5;21;17;4;6;7;18;21;-3;18;1.65;4.1;4.75;4;3;H
35;04/05/2025;Brighton;34;13;12;9;56;55;1;51;17;7;7;3;26;23;3;28;17;6;5;6;30;32;-2;23;Newcastle;34;19;5;10;65;44;21;62;17;11;2;4;38;19;19;35;17;8;3;6;27;25;2;27;2.88;3.7;2.3;1;1;D
35;04/05/2025;West Ham;34;9;9;16;39;58;-19;36;17;5;4;8;21;31;-10;19;17;4;5;8;18;27;-9;17;Tottenham;34;11;4;19;62;56;6;37;17;6;3;8;34;29;5;21;17;5;1;11;28;27;1;16;2.1;3.7;3.25;1;1;D
35;04/05/2025;Chelsea;34;17;9;8;59;40;19;60;17;10;5;2;31;17;14;35;17;7;4;6;28;23;5;25;Liverpool;34;25;7;2;80;32;48;82;17;14;2;1;39;13;26;44;17;11;5;1;41;19;22;38;2.15;3.7;3.1;3;1;H
35;05/05/2025;Crystal Palace;34;11;12;11;43;47;-4;45;17;5;6;6;19;23;-4;21;17;6;6;5;24;24;0;24;Nottingham;34;18;6;10;53;41;12;60;17;9;4;4;24;13;11;31;17;9;2;6;29;28;1;29;2.25;3.4;3.2;1;1;D
36;10/05/2025;Fulham;35;14;9;12;50;47;3;51;17;7;5;5;26;25;1;26;18;7;4;7;24;22;2;25;Everton;35;8;15;12;36;43;-7;39;18;4;9;5;24;23;1;21;17;4;6;7;12;20;-8;18;1.82;3.4;4.5;1;3;A
36;10/05/2025;Ipswich;35;4;10;21;35;76;-41;22;17;1;4;12;13;40;-27;7;18;3;6;9;22;36;-14;15;Brentford;35;15;7;13;62;53;9;52;18;9;4;5;38;32;6;31;17;6;3;8;24;21;3;21;5;4;1.65;0;1;A
36;10/05/2025;Southampton;35;2;5;28;25;82;-57;11;17;1;2;14;12;45;-33;5;18;1;3;14;13;37;-24;6;Man City;35;19;7;9;67;43;24;64;18;12;3;3;40;22;18;39;17;7;4;6;27;21;6;25;11;7.5;1.2;0;0;D
36;10/05/2025;Wolverhampton;35;12;5;18;51;62;-11;41;17;6;2;9;26;29;-3;20;18;6;3;9;25;33;-8;21;Brighton;35;13;13;9;57;56;1;52;18;7;8;3;27;24;3;29;17;6;5;6;30;32;-2;23;2.7;3.5;2.5;0;2;A
36;10/05/2025;Bournemouth;35;14;11;10;55;42;13;53;17;7;4;6;21;15;6;25;18;7;7;4;34;27;7;28;Aston Villa;35;17;9;9;55;49;6;60;18;10;7;1;32;20;12;37;17;7;2;8;23;29;-6;23;2.4;3.6;2.75;0;1;A
36;11/05/2025;Newcastle;35;19;6;10;66;45;21;63;17;11;2;4;38;19;19;35;18;8;4;6;28;26;2;28;Chelsea;35;18;9;8;62;41;21;63;18;11;5;2;34;18;16;38;17;7;4;6;28;23;5;25;2.1;3.75;3.1;2;0;H
36;11/05/2025;Man Utd;35;10;9;16;42;51;-9;39;17;6;3;8;21;26;-5;21;18;4;6;8;21;25;-4;18;West Ham;35;9;10;16;40;59;-19;37;18;5;5;8;22;32;-10;20;17;4;5;8;18;27;-9;17;1.9;3.6;4;0;2;A
36;11/05/2025;Nottingham;35;18;7;10;54;42;12;61;17;9;4;4;24;13;11;31;18;9;3;6;30;29;1;30;Leicester;35;5;6;24;29;76;-47;21;18;3;3;12;13;34;-21;12;17;2;3;12;16;42;-26;9;1.33;5.25;8;2;2;D
36;11/05/2025;Tottenham;35;11;5;19;63;57;6;38;17;6;3;8;34;29;5;21;18;5;2;11;29;28;1;17;Crystal Palace;35;11;13;11;44;48;-4;46;18;5;7;6;20;24;-4;22;17;6;6;5;24;24;0;24;2.63;3.6;2.5;0;2;A
36;11/05/2025;Liverpool;35;25;7;3;81;35;46;82;17;14;2;1;39;13;26;44;18;11;5;2;42;22;20;38;Arsenal;35;18;13;4;64;31;33;67;18;10;6;2;34;17;17;36;17;8;7;2;30;14;16;31;2;3.6;3.6;2;2;D
37;16/05/2025;Aston Villa;36;18;9;9;56;49;7;63;18;10;7;1;32;20;12;37;18;8;2;8;24;29;-5;26;Tottenham;36;11;5;20;63;59;4;38;18;6;3;9;34;31;3;21;18;5;2;11;29;28;1;17;1.3;6;8.5;2;0;H
37;16/05/2025;Chelsea;36;18;9;9;62;43;19;63;18;11;5;2;34;18;16;38;18;7;4;7;28;25;3;25;Man Utd;36;10;9;17;42;53;-11;39;18;6;3;9;21;28;-7;21;18;4;6;8;21;25;-4;18;1.44;5;6.25;1;0;H
37;18/05/2025;Everton;36;9;15;12;39;44;-5;42;18;4;9;5;24;23;1;21;18;5;6;7;15;21;-6;21;Southampton;36;2;6;28;25;82;-57;12;18;1;3;14;12;45;-33;6;18;1;3;14;13;37;-24;6;1.4;4.75;7.5;2;0;H
37;18/05/2025;West Ham;36;10;10;16;42;59;-17;40;18;5;5;8;22;32;-10;20;18;5;5;8;20;27;-7;20;Nottingham;36;18;8;10;56;44;12;62;18;9;5;4;26;15;11;32;18;9;3;6;30;29;1;30;2.75;3.3;2.55;1;2;A
37;18/05/2025;Brentford;36;16;7;13;63;53;10;55;18;9;4;5;38;32;6;31;18;7;3;8;25;21;4;24;Fulham;36;14;9;13;51;50;1;51;18;7;5;6;27;28;-1;26;18;7;4;7;24;22;2;25;1.91;3.9;3.6;2;3;A
37;18/05/2025;Leicester;36;5;7;24;31;78;-47;22;18;3;3;12;13;34;-21;12;18;2;4;12;18;44;-26;10;Ipswich;36;4;10;22;35;77;-42;22;18;1;4;13;13;41;-28;7;18;3;6;9;22;36;-14;15;2.3;3.6;2.9;2;0;H
37;18/05/2025;Arsenal;36;18;14;4;66;33;33;68;18;10;6;2;34;17;17;36;18;8;8;2;32;16;16;32;Newcastle;36;20;6;10;68;45;23;66;18;12;2;4;40;19;21;38;18;8;4;6;28;26;2;28;1.95;3.7;3.7;1;0;H
37;19/05/2025;Brighton;36;14;13;9;59;56;3;55;18;7;8;3;27;24;3;29;18;7;5;6;32;32;0;26;Liverpool;36;25;8;3;83;37;46;83;18;14;3;1;41;15;26;45;18;11;5;2;42;22;20;38;2.6;3.75;2.45;3;2;H
37;20/05/2025;Crystal Palace;36;12;13;11;46;48;-2;49;18;5;7;6;20;24;-4;22;18;7;6;5;26;24;2;27;Wolverhampton;36;12;5;19;51;64;-13;41;18;6;2;10;26;31;-5;20;18;6;3;9;25;33;-8;21;2.25;3.3;3.2;4;2;H
37;20/05/2025;Man City;36;19;8;9;67;43;24;65;18;12;3;3;40;22;18;39;18;7;5;6;27;21;6;26;Bournemouth;36;14;11;11;55;43;12;53;18;7;4;7;21;16;5;25;18;7;7;4;34;27;7;28;1.55;4.33;5.75;3;1;H
38;25/05/2025;Bournemouth;37;14;11;12;56;46;10;53;18;7;4;7;21;16;5;25;19;7;7;5;35;30;5;28;Leicester;37;6;7;24;33;78;-45;25;19;4;3;12;15;34;-19;15;18;2;4;12;18;44;-26;10;1.33;5.25;8.5;2;0;H
38;25/05/2025;Fulham;37;15;9;13;54;52;2;54;18;7;5;6;27;28;-1;26;19;8;4;7;27;24;3;28;Man City;37;20;8;9;70;44;26;68;19;13;3;3;43;23;20;42;18;7;5;6;27;21;6;26;5;4.2;1.6;0;2;A
38;25/05/2025;Ipswich;37;4;10;23;35;79;-44;22;18;1;4;13;13;41;-28;7;19;3;6;10;22;38;-16;15;West Ham;37;10;10;17;43;61;-18;40;19;5;5;9;23;34;-11;20;18;5;5;8;20;27;-7;20;3;3.8;2.2;1;3;A
38;25/05/2025;Liverpool;37;25;8;4;85;40;45;83;18;14;3;1;41;15;26;45;19;11;5;3;44;25;19;38;Crystal Palace;37;13;13;11;50;50;0;52;19;6;7;6;24;26;-2;25;18;7;6;5;26;24;2;27;1.4;6;5.75;1;1;D
38;25/05/2025;Man Utd;37;10;9;18;42;54;-12;39;18;6;3;9;21;28;-7;21;19;4;6;9;21;26;-5;18;Aston Villa;37;19;9;9;58;49;9;66;19;11;7;1;34;20;14;40;18;8;2;8;24;29;-5;26;4.33;4.2;1.7;2;0;H
38;25/05/2025;Newcastle;37;20;6;11;68;46;22;66;18;12;2;4;40;19;21;38;19;8;4;7;28;27;1;28;Everton;37;10;15;12;41;44;-3;45;19;5;9;5;26;23;3;24;18;5;6;7;15;21;-6;21;1.33;5.5;8.5;0;1;A
38;25/05/2025;Nottingham;37;19;8;10;58;45;13;65;18;9;5;4;26;15;11;32;19;10;3;6;32;30;2;33;Chelsea;37;19;9;9;63;43;20;66;19;12;5;2;35;18;17;41;18;7;4;7;28;25;3;25;3;3.75;2.2;0;1;A
38;25/05/2025;Southampton;37;2;6;29;25;84;-59;12;18;1;3;14;12;45;-33;6;19;1;3;15;13;39;-26;6;Arsenal;37;19;14;4;67;33;34;71;19;11;6;2;35;17;18;39;18;8;8;2;32;16;16;32;8.5;6;1.3;1;2;A
38;25/05/2025;Tottenham;37;11;5;21;63;61;2;38;18;6;3;9;34;31;3;21;19;5;2;12;29;30;-1;17;Brighton;37;15;13;9;62;58;4;58;19;8;8;3;30;26;4;32;18;7;5;6;32;32;0;26;4.2;4.33;1.7;1;4;A
38;25/05/2025;Wolverhampton;37;12;5;20;53;68;-15;41;18;6;2;10;26;31;-5;20;19;6;3;10;27;37;-10;21;Brentford;37;16;7;14;65;56;9;55;19;9;4;6;40;35;5;31;18;7;3;8;25;21;4;24;2.7;3.7;2.45;1;1;D
11;04/11/2023;Brentford;10;3;4;3;16;12;4;13;5;1;3;1;9;8;1;6;5;2;1;2;7;4;3;7;West Ham;10;4;2;4;16;17;-1;14;5;2;1;2;8;7;1;7;5;2;1;2;8;10;-2;7;2.05;3.6;3.5;3;2;H
11;04/11/2023;Burnley;10;1;1;8;8;25;-17;4;5;0;0;5;4;16;-12;0;5;1;1;3;4;9;-5;4;Crystal Palace;10;3;3;4;8;13;-5;12;5;1;2;2;4;5;-1;5;5;2;1;2;4;8;-4;7;2.75;3.25;2.6;0;2;A
11;04/11/2023;Everton;10;3;1;6;10;14;-4;2;5;1;0;4;4;5;-1;3;5;2;1;2;6;9;-3;7;Brighton;10;5;2;3;23;19;4;17;6;3;2;1;14;9;5;11;4;2;0;2;9;10;-1;6;3.1;3.6;2.2;1;1;D
11;04/11/2023;Fulham;10;3;3;4;9;16;-7;12;4;2;0;2;4;6;-2;6;6;1;3;2;5;10;-5;6;Man Utd;10;5;0;5;11;16;-5;15;6;3;0;3;7;10;-3;9;4;2;0;2;4;6;-2;6;3.2;3.6;2.2;0;1;A
11;04/11/2023;Man City;10;8;0;2;22;7;15;24;4;4;0;0;10;2;8;12;6;4;0;2;12;5;7;12;Bournemouth;10;1;3;6;8;21;-13;6;6;1;2;3;4;10;-6;5;4;0;1;3;4;11;-7;1;1.1;11;19;6;1;H
11;04/11/2023;Newcastle;10;5;2;3;26;11;15;17;5;4;0;1;13;3;10;12;5;1;2;2;13;8;5;5;Arsenal;10;7;3;0;23;8;15;24;6;4;2;0;15;6;9;14;4;3;1;0;8;2;6;10;2.8;3.2;2.6;1;0;H
11;04/11/2023;Sheffield Utd;10;0;1;9;7;29;-22;1;5;0;1;4;4;15;-11;1;5;0;0;5;3;14;-11;0;Wolverhampton;10;3;3;4;13;17;-4;12;5;1;2;2;7;11;-4;5;5;2;1;2;6;6;0;7;3.8;3.5;2;2;1;H
11;05/11/2023;Luton;10;1;2;7;9;20;-11;5;4;0;1;3;3;6;-3;1;6;1;1;4;6;14;-8;4;Liverpool;10;7;2;1;23;9;14;23;5;5;0;0;14;2;12;15;5;2;2;1;9;7;2;8;12;6.5;1.22;1;1;D
11;05/11/2023;Nottingham;10;2;4;4;10;15;-5;6;4;1;3;0;6;5;1;6;6;1;1;4;4;10;-6;4;Aston Villa;10;7;1;2;26;14;12;22;5;5;0;0;20;4;16;15;5;2;1;2;6;10;-4;7;4.2;3.75;1.85;2;0;H
11;06/11/2023;Tottenham;10;8;2;0;22;9;13;26;4;4;0;0;8;2;6;12;6;4;2;0;14;7;7;14;Chelsea;10;3;3;4;13;11;2;12;6;1;2;3;6;7;-1;5;4;2;1;1;7;4;3;7;2;3.75;3.5;1;4;A
12;11/11/2023;Arsenal;11;7;3;1;23;9;14;24;6;4;2;0;15;6;9;14;5;3;1;1;8;3;5;10;Burnley;11;1;1;9;8;27;-19;4;6;0;0;6;4;18;-14;0;5;1;1;3;4;9;-5;4;1.18;7;17;3;1;H
12;11/11/2023;Bournemouth;11;1;3;7;9;27;-18;6;6;1;2;3;4;10;-6;5;5;0;1;4;5;17;-12;1;Newcastle;11;6;2;3;27;11;16;20;6;5;0;1;14;3;11;15;5;1;2;2;13;8;5;5;4.75;4;1.73;2;0;H
12;11/11/2023;Crystal Palace;11;4;3;4;10;13;-3;15;5;1;2;2;4;5;-1;5;6;3;1;2;6;8;-2;10;Everton;11;3;2;6;11;15;-4;3;6;1;1;4;5;6;-1;4;5;2;1;2;6;9;-3;7;2.45;3.2;3;2;3;A
12;11/11/2023;Man Utd;11;6;0;5;12;16;-4;18;6;3;0;3;7;10;-3;9;5;3;0;2;5;6;-1;9;Luton;11;1;3;7;10;21;-11;6;5;0;2;3;4;7;-3;2;6;1;1;4;6;14;-8;4;1.33;5.25;9.5;1;0;H
12;11/11/2023;Wolverhampton;11;3;3;5;14;19;-5;12;5;1;2;2;7;11;-4;5;6;2;1;3;7;8;-1;7;Tottenham;11;8;2;1;23;13;10;26;5;4;0;1;9;6;3;12;6;4;2;0;14;7;7;14;3.1;3.75;2.2;2;1;H
12;12/11/2023;Aston Villa;11;7;1;3;26;16;10;22;5;5;0;0;20;4;16;15;6;2;1;3;6;12;-6;7;Fulham;11;3;3;5;9;17;-8;12;5;2;0;3;4;7;-3;6;6;1;3;2;5;10;-5;6;1.57;4.2;5.5;3;1;H
12;12/11/2023;Brighton;11;5;3;3;24;20;4;18;6;3;2;1;14;9;5;11;5;2;1;2;10;11;-1;7;Sheffield Utd;11;1;1;9;9;30;-21;4;6;1;1;4;6;16;-10;4;5;0;0;5;3;14;-11;0;1.25;5.75;13;1;1;D
12;12/11/2023;Chelsea;11;4;3;4;17;12;5;15;6;1;2;3;6;7;-1;5;5;3;1;1;11;5;6;10;Man City;11;9;0;2;28;8;20;27;5;5;0;0;16;3;13;15;6;4;0;2;12;5;7;12;5;3.7;1.73;4;4;D
12;12/11/2023;Liverpool;11;7;3;1;24;10;14;24;5;5;0;0;14;2;12;15;6;2;3;1;10;8;2;9;Brentford;11;4;4;3;19;14;5;16;6;2;3;1;12;10;2;9;5;2;1;2;7;4;3;7;1.4;5;6.5;3;0;H
12;12/11/2023;West Ham;11;4;2;5;18;20;-2;14;5;2;1;2;8;7;1;7;6;2;1;3;10;13;-3;7;Nottingham;11;3;4;4;12;15;-3;9;5;2;3;0;8;5;3;9;6;1;1;4;4;10;-6;4;1.85;3.6;4;3;2;H
13;25/11/2023;Brentford;12;4;4;4;19;17;2;16;6;2;3;1;12;10;2;9;6;2;1;3;7;7;0;7;Arsenal;12;8;3;1;26;10;16;27;7;5;2;0;18;7;11;17;5;3;1;1;8;3;5;10;4.5;3.75;1.75;0;1;A
13;25/11/2023;Burnley;12;1;1;10;9;30;-21;4;6;0;0;6;4;18;-14;0;6;1;1;4;5;12;-7;4;West Ham;12;5;2;5;21;22;-1;17;6;3;1;2;11;9;2;10;6;2;1;3;10;13;-3;7;3.4;3.5;2.05;1;2;A
13;25/11/2023;Luton;12;1;3;8;10;22;-12;6;5;0;2;3;4;7;-3;2;7;1;1;5;6;15;-9;4;Crystal Palace;12;4;3;5;12;16;-4;15;6;1;2;3;6;8;-2;5;6;3;1;2;6;8;-2;10;3.6;3.3;2.1;2;1;H
13;25/11/2023;Man City;12;9;1;2;32;12;20;28;5;5;0;0;16;3;13;15;7;4;1;2;16;9;7;13;Liverpool;12;8;3;1;27;10;17;27;6;6;0;0;17;2;15;18;6;2;3;1;10;8;2;9;1.73;4.2;4.2;1;1;D
13;25/11/2023;Newcastle;12;6;2;4;27;13;14;20;6;5;0;1;14;3;11;15;6;1;2;3;13;10;3;5;Chelsea;12;4;4;4;21;16;5;16;7;1;3;3;10;11;-1;6;5;3;1;1;11;5;6;10;2.55;3.5;2.63;4;1;H
13;25/11/2023;Nottingham;12;3;4;5;14;18;-4;9;5;2;3;0;8;5;3;9;7;1;1;5;6;13;-7;4;Brighton;12;5;4;3;25;21;4;19;7;3;3;1;15;10;5;12;5;2;1;2;10;11;-1;7;3.2;3.6;2.15;2;3;A
13;25/11/2023;Sheffield Utd;12;1;2;9;10;31;-21;5;6;1;1;4;6;16;-10;4;6;0;1;5;4;15;-11;1;Bournemouth;12;2;3;7;11;27;-16;9;7;2;2;3;6;10;-4;8;5;0;1;4;5;17;-12;1;3.2;3.5;2.2;1;3;A
13;26/11/2023;Everton;12;4;2;6;14;17;-3;6;6;1;1;4;5;6;-1;4;6;3;1;2;9;11;-2;10;Man Utd;12;7;0;5;13;16;-3;21;7;4;0;3;8;10;-2;12;5;3;0;2;5;6;-1;9;2.7;3.4;2.55;0;3;A
13;26/11/2023;Tottenham;12;8;2;2;24;15;9;26;5;4;0;1;9;6;3;12;7;4;2;1;15;9;6;14;Aston Villa;12;8;1;3;29;17;12;25;6;6;0;0;23;5;18;18;6;2;1;3;6;12;-6;7;2.3;3.8;2.8;1;2;A
13;27/11/2023;Fulham;12;3;3;6;10;20;-10;12;5;2;0;3;4;7;-3;6;7;1;3;3;6;13;-7;6;Wolverhampton;12;4;3;5;16;20;-4;15;6;2;2;2;9;12;-3;8;6;2;1;3;7;8;-1;7;2.38;3.3;3;3;2;H
14;02/12/2023;Arsenal;13;9;3;1;27;10;17;30;7;5;2;0;18;7;11;17;6;4;1;1;9;3;6;13;Wolverhampton;13;4;3;6;18;23;-5;15;6;2;2;2;9;12;-3;8;7;2;1;4;9;11;-2;7;1.25;5.5;12;2;1;H
14;02/12/2023;Brentford;13;4;4;5;19;18;1;16;7;2;3;2;12;11;1;9;6;2;1;3;7;7;0;7;Luton;13;2;3;8;12;23;-11;9;6;1;2;3;6;8;-2;5;7;1;1;5;6;15;-9;4;1.45;4.5;6.5;3;1;H
14;02/12/2023;Burnley;13;1;1;11;10;32;-22;4;7;0;0;7;5;20;-15;0;6;1;1;4;5;12;-7;4;Sheffield Utd;13;1;2;10;11;34;-23;5;7;1;1;5;7;19;-12;4;6;0;1;5;4;15;-11;1;1.8;3.6;4.5;5;0;H
14;02/12/2023;Newcastle;13;7;2;4;31;14;17;23;7;6;0;1;18;4;14;18;6;1;2;3;13;10;3;5;Man Utd;13;8;0;5;16;16;0;24;7;4;0;3;8;10;-2;12;6;4;0;2;8;6;2;12;1.91;3.75;3.8;1;0;H
14;02/12/2023;Nottingham;13;3;4;6;16;21;-5;9;6;2;3;1;10;8;2;9;7;1;1;5;6;13;-7;4;Everton;13;4;2;7;14;20;-6;6;7;1;1;5;5;9;-4;4;6;3;1;2;9;11;-2;10;2.75;3.25;2.6;0;1;A
14;03/12/2023;Bournemouth;13;3;3;7;14;28;-14;12;7;2;2;3;6;10;-4;8;6;1;1;4;8;18;-10;4;Aston Villa;13;9;1;3;31;18;13;28;6;6;0;0;23;5;18;18;7;3;1;3;8;13;-5;10;3.4;4;1.95;2;2;D
14;03/12/2023;Chelsea;13;4;4;5;22;20;2;16;7;1;3;3;10;11;-1;6;6;3;1;2;12;9;3;10;Brighton;13;6;4;3;28;23;5;22;7;3;3;1;15;10;5;12;6;3;1;2;13;13;0;10;1.73;4.2;4.2;3;2;H
14;03/12/2023;Liverpool;13;8;4;1;28;11;17;28;6;6;0;0;17;2;15;18;7;2;4;1;11;9;2;10;Fulham;13;4;3;6;13;22;-9;15;6;3;0;3;7;9;-2;9;7;1;3;3;6;13;-7;6;1.25;6.5;9;4;3;H
14;03/12/2023;Man City;13;9;2;2;33;13;20;29;6;5;1;0;17;4;13;16;7;4;1;2;16;9;7;13;Tottenham;13;8;2;3;25;17;8;26;6;4;0;2;10;8;2;12;7;4;2;1;15;9;6;14;1.29;6;9;3;3;D
14;03/12/2023;West Ham;13;6;2;5;23;23;0;20;6;3;1;2;11;9;2;10;7;3;1;3;12;14;-2;10;Crystal Palace;13;4;3;6;13;18;-5;15;6;1;2;3;6;8;-2;5;7;3;1;3;7;10;-3;10;2;3.5;3.8;1;1;D
15;05/12/2023;Luton;14;2;3;9;13;26;-13;9;6;1;2;3;6;8;-2;5;8;1;1;6;7;18;-11;4;Arsenal;14;10;3;1;29;11;18;33;8;6;2;0;20;8;12;20;6;4;1;1;9;3;6;13;17;7;1.18;3;4;A
15;05/12/2023;Wolverhampton;14;4;3;7;19;25;-6;15;6;2;2;2;9;12;-3;8;8;2;1;5;10;13;-3;7;Burnley;14;2;1;11;15;32;-17;7;8;1;0;7;10;20;-10;3;6;1;1;4;5;12;-7;4;1.85;3.6;4.2;1;0;H
15;06/12/2023;Aston Villa;14;9;2;3;33;20;13;29;6;6;0;0;23;5;18;18;8;3;2;3;10;15;-5;11;Man City;14;9;3;2;36;16;20;30;7;5;2;0;20;7;13;17;7;4;1;2;16;9;7;13;4.75;4.2;1.7;1;0;H
15;06/12/2023;Brighton;14;6;4;4;30;26;4;22;7;3;3;1;15;10;5;12;7;3;1;3;15;16;-1;10;Brentford;14;5;4;5;22;19;3;19;8;3;3;2;15;12;3;12;6;2;1;3;7;7;0;7;1.91;3.8;3.75;2;1;H
15;06/12/2023;Crystal Palace;14;4;4;6;14;19;-5;16;6;1;2;3;6;8;-2;5;8;3;2;3;8;11;-3;11;Bournemouth;14;3;4;7;16;30;-14;13;8;2;3;3;8;12;-4;9;6;1;1;4;8;18;-10;4;2.25;3.5;3.1;0;2;A
15;06/12/2023;Fulham;14;4;3;7;16;26;-10;15;6;3;0;3;7;9;-2;9;8;1;3;4;9;17;-8;6;Nottingham;14;3;4;7;16;22;-6;9;7;2;3;2;10;9;1;9;7;1;1;5;6;13;-7;4;2;3.4;3.75;5;0;H
15;06/12/2023;Man Utd;14;8;0;6;16;17;-1;24;7;4;0;3;8;10;-2;12;7;4;0;3;8;7;1;12;Chelsea;14;5;4;5;25;22;3;19;8;2;3;3;13;13;0;9;6;3;1;2;12;9;3;10;2.88;3.4;2.45;2;1;H
15;06/12/2023;Sheffield Utd;14;1;2;11;11;39;-28;5;7;1;1;5;7;19;-12;4;7;0;1;6;4;20;-16;1;Liverpool;14;9;4;1;32;14;18;31;7;7;0;0;21;5;16;21;7;2;4;1;11;9;2;10;12;7.5;1.2;0;2;A
15;07/12/2023;Everton;14;5;2;7;15;20;-5;9;7;1;1;5;5;9;-4;4;7;4;1;2;10;11;-1;13;Newcastle;14;8;2;4;32;14;18;26;8;7;0;1;19;4;15;21;6;1;2;3;13;10;3;5;3.25;3.25;2.25;3;0;H
15;07/12/2023;Tottenham;14;8;3;3;28;20;8;27;6;4;0;2;10;8;2;12;8;4;3;1;18;12;6;15;West Ham;14;6;3;5;24;24;0;21;7;3;2;2;12;10;2;11;7;3;1;3;12;14;-2;10;1.75;4.2;4.2;1;2;A
16;09/12/2023;Aston Villa;15;10;2;3;34;20;14;32;7;7;0;0;24;5;19;21;8;3;2;3;10;15;-5;11;Arsenal;15;11;3;1;33;14;19;36;8;6;2;0;20;8;12;20;7;5;1;1;13;6;7;16;3.3;3.6;2.1;1;0;H
16;09/12/2023;Brighton;15;7;4;4;32;27;5;25;8;4;3;1;17;11;6;15;7;3;1;3;15;16;-1;10;Burnley;15;2;1;12;15;33;-18;7;8;1;0;7;10;20;-10;3;7;1;1;5;5;13;-8;4;1.5;4.75;6;1;1;D
16;09/12/2023;Crystal Palace;15;4;4;7;14;21;-7;16;7;1;2;4;6;10;-4;5;8;3;2;3;8;11;-3;11;Liverpool;15;10;4;1;34;14;20;34;7;7;0;0;21;5;16;21;8;3;4;1;13;9;4;13;6;4.5;1.5;1;2;A
16;09/12/2023;Man Utd;15;9;0;6;18;18;0;27;8;5;0;3;10;11;-1;15;7;4;0;3;8;7;1;12;Bournemouth;15;4;4;7;18;30;-12;16;8;2;3;3;8;12;-4;9;7;2;1;4;10;18;-8;7;1.55;4.33;5.75;0;3;A
16;09/12/2023;Sheffield Utd;15;1;2;12;11;41;-30;5;8;1;1;6;7;21;-14;4;7;0;1;6;4;20;-16;1;Brentford;15;5;4;6;23;21;2;19;8;3;3;2;15;12;3;12;7;2;1;4;8;9;-1;7;4.2;3.8;1.75;1;0;H
16;09/12/2023;Wolverhampton;15;5;3;7;20;25;-5;18;7;3;2;2;10;12;-2;11;8;2;1;5;10;13;-3;7;Nottingham;15;3;4;8;16;27;-11;9;7;2;3;2;10;9;1;9;8;1;1;6;6;18;-12;4;1.85;3.6;4.33;1;1;D
16;10/12/2023;Everton;15;6;2;7;18;20;-2;12;8;2;1;5;8;9;-1;7;7;4;1;2;10;11;-1;13;Chelsea;15;5;4;6;26;24;2;19;8;2;3;3;13;13;0;9;7;3;1;3;13;11;2;10;3.1;3.5;2.25;2;0;H
16;10/12/2023;Fulham;15;5;3;7;21;26;-5;18;7;4;0;3;12;9;3;12;8;1;3;4;9;17;-8;6;West Ham;15;7;3;5;26;25;1;24;7;3;2;2;12;10;2;11;8;4;1;3;14;15;-1;13;2.38;3.5;2.9;5;0;H
16;10/12/2023;Luton;15;2;3;10;16;30;-14;9;7;1;2;4;9;12;-3;5;8;1;1;6;7;18;-11;4;Man City;15;9;3;3;36;17;19;30;7;5;2;0;20;7;13;17;8;4;1;3;16;10;6;13;17;8;1.14;1;2;A
16;10/12/2023;Tottenham;15;8;3;4;29;22;7;27;7;4;0;3;11;10;1;12;8;4;3;1;18;12;6;15;Newcastle;15;8;2;5;32;17;15;26;8;7;0;1;19;4;15;21;7;1;2;4;13;13;0;5;2.15;3.8;3.1;4;1;H
17;15/12/2023;Nottingham;16;3;5;8;17;28;-11;10;7;2;3;2;10;9;1;9;9;1;2;6;7;19;-12;5;Tottenham;16;9;3;4;33;23;10;30;8;5;0;3;15;11;4;15;8;4;3;1;18;12;6;15;4.2;4.2;1.73;0;2;A
17;16/12/2023;Burnley;16;2;2;12;16;34;-18;8;8;1;0;7;10;20;-10;3;8;1;2;5;6;14;-8;5;Everton;16;7;2;7;20;20;0;15;9;3;1;5;10;9;1;10;7;4;1;2;10;11;-1;13;3.6;3.4;2.1;0;2;A
17;16/12/2023;Chelsea;16;5;4;7;26;26;0;19;8;2;3;3;13;13;0;9;8;3;1;4;13;13;0;10;Sheffield Utd;16;2;2;12;12;41;-29;8;9;2;1;6;8;21;-13;7;7;0;1;6;4;20;-16;1;1.22;6.5;13;2;0;H
17;16/12/2023;Man City;16;10;3;3;38;18;20;33;7;5;2;0;20;7;13;17;9;5;1;3;18;11;7;16;Crystal Palace;16;4;4;8;15;23;-8;16;8;1;2;5;7;12;-5;5;8;3;2;3;8;11;-3;11;1.18;8;13;2;2;D
17;16/12/2023;Newcastle;16;8;2;6;33;21;12;26;8;7;0;1;19;4;15;21;8;1;2;5;14;17;-3;5;Fulham;16;6;3;7;26;26;0;21;8;5;0;3;17;9;8;15;8;1;3;4;9;17;-8;6;1.8;3.8;4;3;0;H
17;17/12/2023;Arsenal;16;11;3;2;33;15;18;36;8;6;2;0;20;8;12;20;8;5;1;2;13;7;6;16;Brighton;16;7;5;4;33;28;5;26;9;4;4;1;18;12;6;16;7;3;1;3;15;16;-1;10;1.44;5;6;2;0;H
17;17/12/2023;Brentford;16;5;4;7;23;22;1;19;8;3;3;2;15;12;3;12;8;2;1;5;8;10;-2;7;Aston Villa;16;11;2;3;35;20;15;35;8;8;0;0;25;5;20;24;8;3;2;3;10;15;-5;11;3.2;3.75;2.1;1;2;A
17;17/12/2023;Liverpool;16;11;4;1;36;15;21;37;7;7;0;0;21;5;16;21;9;4;4;1;15;10;5;16;Man Utd;16;9;0;7;18;21;-3;27;9;5;0;4;10;14;-4;15;7;4;0;3;8;7;1;12;1.3;6;8;0;0;D
17;17/12/2023;West Ham;16;7;3;6;26;30;-4;24;7;3;2;2;12;10;2;11;9;4;1;4;14;20;-6;13;Wolverhampton;16;5;4;7;21;26;-5;19;8;3;3;2;11;13;-2;12;8;2;1;5;10;13;-3;7;2.15;3.5;3.3;3;0;H
18;21/12/2023;Crystal Palace;17;4;5;8;17;25;-8;17;8;1;2;5;7;12;-5;5;9;3;3;3;10;13;-3;12;Brighton;17;7;5;5;33;30;3;26;9;4;4;1;18;12;6;16;8;3;1;4;15;18;-3;10;3.3;3.3;2.15;1;1;D
18;22/12/2023;Aston Villa;17;12;2;3;37;21;16;38;8;8;0;0;25;5;20;24;9;4;2;3;12;16;-4;14;Sheffield Utd;17;2;2;13;12;43;-31;8;9;2;1;6;8;21;-13;7;8;0;1;7;4;22;-18;1;1.22;6.5;12;1;1;D
18;23/12/2023;Fulham;17;6;3;8;26;29;-3;21;8;5;0;3;17;9;8;15;9;1;3;5;9;20;-11;6;Burnley;17;2;2;13;16;36;-20;8;9;1;0;8;10;22;-12;3;8;1;2;5;6;14;-8;5;1.67;3.75;5.25;0;2;A
18;23/12/2023;Liverpool;17;11;5;1;36;15;21;38;8;7;1;0;21;5;16;22;9;4;4;1;15;10;5;16;Arsenal;17;12;3;2;35;15;20;39;9;7;2;0;22;8;14;23;8;5;1;2;13;7;6;16;2.38;3.6;2.8;1;1;D
18;23/12/2023;Luton;17;2;3;12;20;36;-16;9;8;1;2;5;10;14;-4;5;9;1;1;7;10;22;-12;4;Newcastle;17;9;2;6;36;21;15;29;9;8;0;1;22;4;18;24;8;1;2;5;14;17;-3;5;4.75;4.2;1.65;1;0;H
18;23/12/2023;Nottingham;17;3;5;9;17;30;-13;10;8;2;3;3;10;11;-1;9;9;1;2;6;7;19;-12;5;Bournemouth;17;6;4;7;25;33;-8;22;9;3;3;3;12;15;-3;12;8;3;1;4;13;18;-5;10;2.75;3.4;2.55;2;3;A
18;23/12/2023;Tottenham;17;10;3;4;35;23;12;33;8;5;0;3;15;11;4;15;9;5;3;1;20;12;8;18;Everton;17;8;2;7;22;20;2;18;9;3;1;5;10;9;1;10;8;5;1;2;12;11;1;16;1.75;4.2;4;2;1;H
18;23/12/2023;West Ham;17;8;3;6;29;30;-1;27;8;4;2;2;15;10;5;14;9;4;1;4;14;20;-6;13;Man Utd;17;9;1;7;18;21;-3;28;9;5;0;4;10;14;-4;15;8;4;1;3;8;7;1;13;2.6;3.6;2.6;2;0;H
18;24/12/2023;Wolverhampton;17;5;4;8;21;29;-8;19;8;3;3;2;11;13;-2;12;9;2;1;6;10;16;-6;7;Chelsea;17;6;4;7;28;26;2;22;9;3;3;3;15;13;2;12;8;3;1;4;13;13;0;10;3.75;3.75;1.91;2;1;H
19;26/12/2023;Bournemouth;18;7;4;7;28;35;-7;25;9;3;3;3;12;15;-3;12;9;4;1;4;16;20;-4;13;Fulham;18;6;3;9;26;31;-5;21;9;5;0;4;17;11;6;15;9;1;3;5;9;20;-11;6;2.15;3.6;3.2;3;0;H
19;26/12/2023;Burnley;18;3;2;13;18;36;-18;11;9;1;0;8;10;22;-12;3;9;2;2;5;8;14;-6;8;Liverpool;18;11;6;1;37;16;21;39;9;7;2;0;22;6;16;23;9;4;4;1;15;10;5;16;6.5;5.25;1.4;0;2;A
19;26/12/2023;Man Utd;18;9;1;8;18;23;-5;28;9;5;0;4;10;14;-4;15;9;4;1;4;8;9;-1;13;Aston Villa;18;12;3;3;38;22;16;39;9;8;1;0;26;6;20;25;9;4;2;3;12;16;-4;14;2.6;3.5;2.6;3;2;H
19;26/12/2023;Newcastle;18;9;2;7;36;22;14;29;9;8;0;1;22;4;18;24;9;1;2;6;14;18;-4;5;Nottingham;18;3;5;10;19;33;-14;10;9;2;3;4;12;14;-2;9;9;1;2;6;7;19;-12;5;1.5;4.33;5.75;1;3;A
19;26/12/2023;Sheffield Utd;18;2;3;13;13;44;-31;9;9;2;1;6;8;21;-13;7;9;0;2;7;5;23;-18;2;Luton;18;3;3;12;21;36;-15;12;9;2;2;5;11;14;-3;8;9;1;1;7;10;22;-12;4;2.3;3.3;3.1;2;3;A
19;27/12/2023;Brentford;18;5;4;9;24;25;-1;19;9;3;3;3;16;14;2;12;9;2;1;6;8;11;-3;7;Wolverhampton;18;6;4;8;23;30;-7;22;9;4;3;2;13;14;-1;15;9;2;1;6;10;16;-6;7;1.95;3.5;4.2;1;4;A
19;27/12/2023;Chelsea;18;6;4;8;29;28;1;22;9;3;3;3;15;13;2;12;9;3;1;5;14;15;-1;10;Crystal Palace;18;4;6;8;18;26;-8;18;9;1;3;5;8;13;-5;6;9;3;3;3;10;13;-3;12;1.67;4;5;2;1;H
19;27/12/2023;Everton;18;8;2;8;23;22;1;18;9;3;1;5;10;9;1;10;9;5;1;3;13;13;0;16;Man City;18;11;4;3;41;20;21;37;9;6;3;0;23;9;14;21;9;5;1;3;18;11;7;16;5.75;4;1.57;1;3;A
19;28/12/2023;Arsenal;18;12;4;2;36;16;20;40;9;7;2;0;22;8;14;23;9;5;2;2;14;8;6;17;West Ham;18;9;3;6;31;30;1;30;9;5;2;2;17;10;7;17;9;4;1;4;14;20;-6;13;1.33;5.5;7.5;0;2;A
19;28/12/2023;Brighton;18;7;6;5;34;31;3;27;9;4;4;1;18;12;6;16;9;3;2;4;16;19;-3;11;Tottenham;18;11;3;4;37;24;13;36;9;6;0;3;17;12;5;18;9;5;3;1;20;12;8;18;2.5;3.6;2.6;4;2;H
20;30/12/2023;Aston Villa;19;12;3;4;40;25;15;39;9;8;1;0;26;6;20;25;10;4;2;4;14;19;-5;14;Burnley;19;3;2;14;18;38;-20;11;10;1;0;9;10;24;-14;3;9;2;2;5;8;14;-6;8;1.36;5.25;7.5;3;2;H
20;30/12/2023;Crystal Palace;19;4;6;9;19;28;-9;18;9;1;3;5;8;13;-5;6;10;3;3;4;11;15;-4;12;Brentford;19;5;4;10;25;29;-4;19;10;3;3;4;17;18;-1;12;9;2;1;6;8;11;-3;7;2.2;3.3;3.4;3;1;H
20;30/12/2023;Luton;19;4;3;12;24;38;-14;15;9;2;2;5;11;14;-3;8;10;2;1;7;13;24;-11;7;Chelsea;19;7;4;8;31;29;2;25;10;4;3;3;17;14;3;15;9;3;1;5;14;15;-1;10;6.5;4.2;1.5;2;3;A
20;30/12/2023;Man City;19;12;4;3;44;21;23;40;9;6;3;0;23;9;14;21;10;6;1;3;21;12;9;19;Sheffield Utd;19;2;3;14;15;47;-32;9;10;2;1;7;10;24;-14;7;9;0;2;7;5;23;-18;2;1.08;11;29;2;0;H
20;30/12/2023;Nottingham;19;4;5;10;22;34;-12;13;9;2;3;4;12;14;-2;9;10;2;2;6;10;20;-10;8;Man Utd;19;10;1;8;21;25;-4;31;10;6;0;4;13;16;-3;18;9;4;1;4;8;9;-1;13;3.2;3.6;2.15;2;1;H
20;30/12/2023;Wolverhampton;19;7;4;8;27;31;-4;25;9;4;3;2;13;14;-1;15;10;3;1;6;14;17;-3;10;Everton;19;8;2;9;24;25;-1;18;10;3;1;6;11;12;-1;10;9;5;1;3;13;13;0;16;2.63;3.3;2.7;3;0;H
20;31/12/2023;Fulham;19;6;3;10;26;34;-8;21;9;5;0;4;17;11;6;15;10;1;3;6;9;23;-14;6;Arsenal;19;12;4;3;36;18;18;40;10;7;2;1;22;10;12;23;9;5;2;2;14;8;6;17;5.25;4.5;1.55;2;1;H
20;31/12/2023;Tottenham;19;11;3;5;39;28;11;36;9;6;0;3;17;12;5;18;10;5;3;2;22;16;6;18;Bournemouth;19;8;4;7;31;35;-4;28;10;4;3;3;15;15;0;15;9;4;1;4;16;20;-4;13;1.75;4.2;4;3;1;H
20;01/01/2024;Liverpool;19;12;6;1;39;16;23;42;9;7;2;0;22;6;16;23;10;5;4;1;17;10;7;19;Newcastle;19;9;2;8;37;25;12;29;10;8;0;2;23;7;16;24;9;1;2;6;14;18;-4;5;1.45;4.5;7;4;2;H
20;02/01/2024;West Ham;19;10;3;6;33;30;3;33;9;5;2;2;17;10;7;17;10;5;1;4;16;20;-4;16;Brighton;19;8;6;5;38;33;5;30;10;5;4;1;22;14;8;19;9;3;2;4;16;19;-3;11;2.45;3.75;2.75;0;0;D
21;12/01/2024;Burnley;20;3;2;15;20;41;-21;11;10;1;0;9;10;24;-14;3;10;2;2;6;10;17;-7;8;Luton;20;4;3;13;26;41;-15;15;10;2;2;6;13;17;-4;8;10;2;1;7;13;24;-11;7;2;3.6;3.6;1;1;D
21;13/01/2024;Chelsea;20;8;4;8;34;31;3;28;10;4;3;3;17;14;3;15;10;4;1;5;17;17;0;13;Fulham;20;7;3;10;28;35;-7;24;10;6;0;4;19;12;7;18;10;1;3;6;9;23;-14;6;1.6;4.2;5.25;1;0;H
21;13/01/2024;Newcastle;20;9;2;9;39;29;10;29;10;8;0;2;23;7;16;24;10;1;2;7;16;22;-6;5;Man City;20;13;4;3;46;21;25;43;10;7;3;0;25;9;16;24;10;6;1;3;21;12;9;19;5.5;4.33;1.55;2;3;A
21;14/01/2024;Everton;20;8;2;10;24;28;-4;18;10;3;1;6;11;12;-1;10;10;5;1;4;13;16;-3;16;Aston Villa;20;13;3;4;43;27;16;42;10;9;1;0;29;8;21;28;10;4;2;4;14;19;-5;14;2.8;3.5;2.45;0;0;D
21;14/01/2024;Man Utd;20;10;1;9;22;27;-5;31;10;6;0;4;13;16;-3;18;10;4;1;5;9;11;-2;13;Tottenham;20;12;3;5;42;29;13;39;10;7;0;3;20;13;7;21;10;5;3;2;22;16;6;18;2.2;3.75;3;2;2;D
21;20/01/2024;Arsenal;20;12;4;4;37;20;17;40;10;7;2;1;22;10;12;23;10;5;2;3;15;10;5;17;Crystal Palace;20;5;6;9;22;29;-7;21;10;2;3;5;11;14;-3;9;10;3;3;4;11;15;-4;12;1.3;5.75;9;5;0;H
21;20/01/2024;Brentford;20;5;4;11;26;32;-6;19;10;3;3;4;17;18;-1;12;10;2;1;7;9;14;-5;7;Nottingham;20;5;5;10;24;35;-11;16;10;3;3;4;14;15;-1;12;10;2;2;6;10;20;-10;8;1.91;3.6;4;3;2;H
21;21/01/2024;Bournemouth;20;8;4;8;32;38;-6;28;10;4;3;3;15;15;0;15;10;4;1;5;17;23;-6;13;Liverpool;20;13;6;1;43;18;25;45;10;8;2;0;26;8;18;26;10;5;4;1;17;10;7;19;4.2;4.5;1.7;0;4;A
21;21/01/2024;Sheffield Utd;20;2;3;15;15;49;-34;9;10;2;1;7;10;24;-14;7;10;0;2;8;5;25;-20;2;West Ham;20;10;4;6;33;30;3;34;10;5;3;2;17;10;7;18;10;5;1;4;16;20;-4;16;3.4;3.3;2.2;2;2;D
21;22/01/2024;Brighton;20;8;7;5;38;33;5;31;10;5;4;1;22;14;8;19;10;3;3;4;16;19;-3;12;Wolverhampton;20;8;4;8;30;31;-1;28;10;5;3;2;16;14;2;18;10;3;1;6;14;17;-3;10;1.65;4.33;5;0;0;D
22;30/01/2024;Aston Villa;21;13;4;4;43;27;16;43;10;9;1;0;29;8;21;28;11;4;3;4;14;19;-5;15;Newcastle;21;9;2;10;41;32;9;29;11;8;0;3;25;10;15;24;10;1;2;7;16;22;-6;5;1.85;4;3.8;1;3;A
22;30/01/2024;Crystal Palace;21;5;6;10;22;34;-12;21;10;2;3;5;11;14;-3;9;11;3;3;5;11;20;-9;12;Sheffield Utd;21;2;4;15;17;51;-34;10;11;2;2;7;12;26;-14;8;10;0;2;8;5;25;-20;2;1.62;3.6;6.5;3;2;H
22;30/01/2024;Fulham;21;7;3;11;28;36;-8;24;10;6;0;4;19;12;7;18;11;1;3;7;9;24;-15;6;Everton;21;8;3;10;24;28;-4;19;11;3;2;6;11;12;-1;11;10;5;1;4;13;16;-3;16;2.45;3.2;3;0;0;D
22;30/01/2024;Luton;21;4;4;13;27;42;-15;16;10;2;2;6;13;17;-4;8;11;2;2;7;14;25;-11;8;Brighton;21;8;8;5;38;33;5;32;11;5;5;1;22;14;8;20;10;3;3;4;16;19;-3;12;4.2;4.2;1.75;4;0;H
22;30/01/2024;Nottingham;21;5;5;11;26;38;-12;16;10;3;3;4;14;15;-1;12;11;2;2;7;12;23;-11;8;Arsenal;21;13;4;4;42;20;22;43;11;8;2;1;27;10;17;26;10;5;2;3;15;10;5;17;7.5;5;1.4;1;2;A
22;31/01/2024;Liverpool;21;14;6;1;47;18;29;48;10;8;2;0;26;8;18;26;11;6;4;1;21;10;11;22;Chelsea;21;9;4;8;35;31;4;31;11;5;3;3;18;14;4;18;10;4;1;5;17;17;0;13;1.57;4.33;5.25;4;1;H
22;31/01/2024;Man City;21;14;4;3;49;23;26;46;10;7;3;0;25;9;16;24;11;7;1;3;24;14;10;22;Burnley;21;3;3;15;21;42;-21;12;11;1;1;9;11;25;-14;4;10;2;2;6;10;17;-7;8;1.08;12;21;3;1;H
22;31/01/2024;Tottenham;21;12;4;5;44;31;13;40;10;7;0;3;20;13;7;21;11;5;4;2;24;18;6;19;Brentford;21;6;4;11;29;34;-5;22;11;4;3;4;20;20;0;15;10;2;1;7;9;14;-5;7;1.67;4.2;4.75;3;2;H
22;01/02/2024;West Ham;21;10;5;6;35;32;3;35;10;5;3;2;17;10;7;18;11;5;2;4;18;22;-4;17;Bournemouth;21;8;4;9;32;42;-10;28;11;4;3;4;15;19;-4;15;10;4;1;5;17;23;-6;13;2.4;3.75;2.75;1;1;D
22;01/02/2024;Wolverhampton;21;8;5;8;30;31;-1;29;10;5;3;2;16;14;2;18;11;3;2;6;14;17;-3;11;Man Utd;21;10;2;9;24;29;-5;32;11;6;1;4;15;18;-3;19;10;4;1;5;9;11;-2;13;2.63;3.6;2.55;3;4;A
23;03/02/2024;Brighton;22;8;8;6;38;37;1;32;11;5;5;1;22;14;8;20;11;3;3;5;16;23;-7;12;Crystal Palace;22;6;6;10;25;36;-11;24;11;3;3;5;14;16;-2;12;11;3;3;5;11;20;-9;12;1.7;4;4.75;4;1;H
23;03/02/2024;Burnley;22;3;3;16;22;45;-23;12;11;1;1;9;11;25;-14;4;11;2;2;7;11;20;-9;8;Fulham;22;7;4;11;28;36;-8;25;11;6;1;4;19;12;7;19;11;1;3;7;9;24;-15;6;2.9;3.4;2.38;2;2;D
23;03/02/2024;Everton;22;8;4;10;24;28;-4;20;11;3;2;6;11;12;-1;11;11;5;2;4;13;16;-3;17;Tottenham;22;13;4;5;47;33;14;43;11;8;0;3;23;15;8;24;11;5;4;2;24;18;6;19;3;3.6;2.25;2;2;D
23;03/02/2024;Newcastle;22;10;2;10;44;33;11;32;11;8;0;3;25;10;15;24;11;2;2;7;19;23;-4;8;Luton;22;5;4;13;31;42;-11;19;11;3;2;6;17;17;0;11;11;2;2;7;14;25;-11;8;1.44;4.75;6.5;4;4;D
23;03/02/2024;Sheffield Utd;22;2;4;16;19;54;-35;10;11;2;2;7;12;26;-14;8;11;0;2;9;7;28;-21;2;Aston Villa;22;13;4;5;44;30;14;43;11;9;1;1;30;11;19;28;11;4;3;4;14;19;-5;15;5.25;4.2;1.62;0;5;A
23;04/02/2024;Arsenal;22;14;4;4;44;21;23;46;11;8;2;1;27;10;17;26;11;6;2;3;17;11;6;20;Liverpool;22;15;6;1;51;19;32;51;11;9;2;0;30;9;21;29;11;6;4;1;21;10;11;22;2.2;3.6;3.1;3;1;H
23;04/02/2024;Bournemouth;22;8;5;9;33;43;-10;29;11;4;3;4;15;19;-4;15;11;4;2;5;18;24;-6;14;Nottingham;22;5;5;12;27;40;-13;16;11;3;3;5;15;17;-2;12;11;2;2;7;12;23;-11;8;1.7;4.2;4.5;1;1;D
23;04/02/2024;Chelsea;22;9;4;9;36;35;1;31;11;5;3;3;18;14;4;18;11;4;1;6;18;21;-3;13;Wolverhampton;22;8;5;9;33;35;-2;29;11;5;3;3;19;18;1;18;11;3;2;6;14;17;-3;11;1.62;4;5.5;2;4;A
23;04/02/2024;Man Utd;22;11;2;9;28;32;-4;35;11;6;1;4;15;18;-3;19;11;5;1;5;13;14;-1;16;West Ham;22;10;6;6;36;33;3;36;11;5;4;2;18;11;7;19;11;5;2;4;18;22;-4;17;1.62;4.2;5;3;0;H
23;05/02/2024;Brentford;22;6;4;12;31;37;-6;22;11;4;3;4;20;20;0;15;11;2;1;8;11;17;-6;7;Man City;22;15;4;3;52;24;28;49;11;8;3;0;28;10;18;27;11;7;1;3;24;14;10;22;7;4.75;1.4;1;3;A
24;10/02/2024;Fulham;23;7;5;11;30;38;-8;26;11;6;1;4;19;12;7;19;12;1;4;7;11;26;-15;7;Bournemouth;23;8;6;9;34;44;-10;30;12;4;4;4;16;20;-4;16;11;4;2;5;18;24;-6;14;2.38;3.5;2.8;3;1;H
24;10/02/2024;Liverpool;23;15;6;2;52;22;30;51;11;9;2;0;30;9;21;29;12;6;4;2;22;13;9;22;Burnley;23;3;4;16;24;47;-23;13;12;1;2;9;13;27;-14;5;11;2;2;7;11;20;-9;8;1.17;8;17;3;1;H
24;10/02/2024;Luton;23;5;5;13;35;46;-11;20;11;3;2;6;17;17;0;11;12;2;3;7;18;29;-11;9;Sheffield Utd;23;2;4;17;19;59;-40;10;12;2;2;8;12;31;-19;8;11;0;2;9;7;28;-21;2;1.75;3.75;4.75;1;3;A
24;10/02/2024;Man City;23;16;4;3;55;25;30;52;11;8;3;0;28;10;18;27;12;8;1;3;27;15;12;25;Everton;23;8;5;10;26;30;-4;21;12;3;3;6;13;14;-1;12;11;5;2;4;13;16;-3;17;1.18;8;13;2;0;H
24;10/02/2024;Nottingham;23;5;6;12;28;41;-13;17;11;3;3;5;15;17;-2;12;12;2;3;7;13;24;-11;9;Newcastle;23;10;3;10;48;37;11;33;12;8;1;3;29;14;15;25;11;2;2;7;19;23;-4;8;3.3;3.75;2.05;2;3;A
24;10/02/2024;Tottenham;23;13;5;5;49;35;14;44;11;8;0;3;23;15;8;24;12;5;5;2;26;20;6;20;Brighton;23;9;8;6;42;38;4;35;12;6;5;1;26;15;11;23;11;3;3;5;16;23;-7;12;1.8;4.2;3.8;2;1;H
24;10/02/2024;Wolverhampton;23;9;5;9;37;37;0;32;11;5;3;3;19;18;1;18;12;4;2;6;18;19;-1;14;Brentford;23;6;4;13;32;40;-8;22;12;4;3;5;21;23;-2;15;11;2;1;8;11;17;-6;7;2.1;3.6;3.4;0;2;A
24;11/02/2024;Aston Villa;23;14;4;5;49;30;19;46;11;9;1;1;30;11;19;28;12;5;3;4;19;19;0;18;Man Utd;23;12;2;9;31;32;-1;38;12;7;1;4;18;18;0;22;11;5;1;5;13;14;-1;16;2.15;3.75;3.1;1;2;A
24;11/02/2024;West Ham;23;10;6;7;36;36;0;36;11;5;4;2;18;11;7;19;12;5;2;5;18;25;-7;17;Arsenal;23;15;4;4;47;22;25;49;12;9;2;1;30;11;19;29;11;6;2;3;17;11;6;20;6;4.33;1.53;0;6;A
24;12/02/2024;Crystal Palace;23;6;6;11;26;40;-14;24;11;3;3;5;14;16;-2;12;12;3;3;6;12;24;-12;12;Chelsea;23;9;4;10;38;39;-1;31;12;5;3;4;20;18;2;18;11;4;1;6;18;21;-3;13;4.2;3.8;1.85;1;3;A
25;17/02/2024;Brentford;24;7;4;13;34;40;-6;25;12;4;3;5;21;23;-2;15;12;3;1;8;13;17;-4;10;Liverpool;24;16;6;2;55;23;32;54;12;10;2;0;33;10;23;32;12;6;4;2;22;13;9;22;5.5;4.33;1.57;1;4;A
25;17/02/2024;Burnley;24;3;4;17;25;50;-25;13;12;1;2;9;13;27;-14;5;12;2;2;8;12;23;-11;8;Arsenal;24;16;4;4;53;22;31;52;12;9;2;1;30;11;19;29;12;7;2;3;23;11;12;23;10;5.75;1.29;0;5;A
25;17/02/2024;Fulham;24;8;5;11;33;39;-6;29;12;7;1;4;22;13;9;22;12;1;4;7;11;26;-15;7;Aston Villa;24;14;4;6;50;32;18;46;12;9;1;2;31;13;18;28;12;5;3;4;19;19;0;18;2.9;3.75;2.2;1;2;A
25;17/02/2024;Man City;24;17;4;3;57;25;32;55;12;9;3;0;30;10;20;30;12;8;1;3;27;15;12;25;Chelsea;24;10;4;10;41;40;1;34;12;5;3;4;20;18;2;18;12;5;1;6;21;22;-1;16;1.33;5.5;8;1;1;D
25;17/02/2024;Newcastle;24;11;3;10;51;39;12;36;12;8;1;3;29;14;15;25;12;3;2;7;22;25;-3;11;Bournemouth;24;8;6;10;35;47;-12;30;12;4;4;4;16;20;-4;16;12;4;2;6;19;27;-8;14;1.83;4.2;3.75;2;2;D
25;17/02/2024;Nottingham;24;5;6;13;30;44;-14;17;12;3;3;6;17;20;-3;12;12;2;3;7;13;24;-11;9;West Ham;24;10;6;8;36;42;-6;36;12;5;4;3;18;17;1;19;12;5;2;5;18;25;-7;17;2.38;3.5;2.9;2;0;H
25;17/02/2024;Tottenham;24;14;5;5;51;36;15;47;12;9;0;3;25;16;9;27;12;5;5;2;26;20;6;20;Wolverhampton;24;9;5;10;37;39;-2;32;12;5;3;4;19;20;-1;18;12;4;2;6;18;19;-1;14;1.53;4.75;5.25;1;2;A
25;18/02/2024;Luton;24;5;5;14;36;49;-13;20;12;3;2;7;18;20;-2;11;12;2;3;7;18;29;-11;9;Man Utd;24;13;2;9;33;33;0;41;12;7;1;4;18;18;0;22;12;6;1;5;15;15;0;19;4;4;1.8;1;2;A
25;18/02/2024;Sheffield Utd;24;3;4;17;22;60;-38;13;12;2;2;8;12;31;-19;8;12;1;2;9;10;29;-19;5;Brighton;24;9;8;7;43;40;3;35;12;6;5;1;26;15;11;23;12;3;3;6;17;25;-8;12;5;4.2;1.62;0;5;A
25;19/02/2024;Everton;24;8;5;11;26;32;-6;21;12;3;3;6;13;14;-1;12;12;5;2;5;13;18;-5;17;Crystal Palace;24;6;6;12;27;43;-16;24;12;3;3;6;15;19;-4;12;12;3;3;6;12;24;-12;12;1.7;3.6;5.25;1;1;D
26;21/02/2024;Liverpool;25;17;6;2;59;24;35;57;12;10;2;0;33;10;23;32;13;7;4;2;26;14;12;25;Luton;25;5;5;15;37;51;-14;20;13;3;2;8;19;22;-3;11;12;2;3;7;18;29;-11;9;1.2;7;13;4;1;H
26;24/02/2024;Arsenal;25;17;4;4;58;22;36;55;12;9;2;1;30;11;19;29;13;8;2;3;28;11;17;26;Newcastle;25;11;4;10;53;41;12;37;13;8;2;3;31;16;15;26;12;3;2;7;22;25;-3;11;1.36;5.25;8;4;1;H
26;24/02/2024;Aston Villa;25;15;4;6;52;33;19;49;12;9;1;2;31;13;18;28;13;6;3;4;21;20;1;21;Nottingham;25;6;6;13;32;44;-12;20;13;4;3;6;19;20;-1;15;12;2;3;7;13;24;-11;9;1.53;4.5;5.75;4;2;H
26;24/02/2024;Bournemouth;25;8;7;10;37;49;-12;31;12;4;4;4;16;20;-4;16;13;4;3;6;21;29;-8;15;Man City;25;17;5;3;58;26;32;56;13;9;4;0;31;11;20;31;12;8;1;3;27;15;12;25;7;5.25;1.4;0;1;A
26;24/02/2024;Brighton;25;10;8;7;48;40;8;38;12;6;5;1;26;15;11;23;13;4;3;6;22;25;-3;15;Everton;25;8;6;11;27;33;-6;22;13;3;4;6;14;15;-1;13;12;5;2;5;13;18;-5;17;1.83;3.8;4.2;1;1;D
26;24/02/2024;Crystal Palace;25;6;7;12;28;44;-16;25;12;3;3;6;15;19;-4;12;13;3;4;6;13;25;-12;13;Burnley;25;3;4;18;25;55;-30;13;13;1;2;10;13;32;-19;5;12;2;2;8;12;23;-11;8;1.95;3.5;4;3;0;H
26;24/02/2024;Man Utd;25;14;2;9;35;34;1;44;12;7;1;4;18;18;0;22;13;7;1;5;17;16;1;22;Fulham;25;8;5;12;34;41;-7;29;13;7;1;5;23;15;8;22;12;1;4;7;11;26;-15;7;1.57;4.33;5.5;1;2;A
26;25/02/2024;Wolverhampton;25;10;5;10;39;40;-1;35;12;5;3;4;19;20;-1;18;13;5;2;6;20;20;0;17;Sheffield Utd;25;3;4;18;22;65;-43;13;13;2;2;9;12;36;-24;8;12;1;2;9;10;29;-19;5;1.44;4.75;7;1;0;H
26;26/02/2024;West Ham;25;10;6;9;36;44;-8;36;12;5;4;3;18;17;1;19;13;5;2;6;18;27;-9;17;Brentford;25;7;4;14;35;44;-9;25;13;4;3;6;22;27;-5;15;12;3;1;8;13;17;-4;10;2.5;3.5;2.75;4;2;H
27;02/03/2024;Brentford;26;7;4;15;37;48;-11;25;13;4;3;6;22;27;-5;15;13;3;1;9;15;21;-6;10;Chelsea;26;11;5;10;44;41;3;38;13;6;3;4;22;18;4;21;13;5;2;6;22;23;-1;17;3.1;3.75;2.15;2;2;D
27;02/03/2024;Everton;26;8;7;11;28;34;-6;23;13;3;4;6;14;15;-1;13;13;5;3;5;14;19;-5;18;West Ham;26;11;6;9;40;46;-6;39;13;6;4;3;22;19;3;22;13;5;2;6;18;27;-9;17;2.05;3.6;3.5;1;3;A
27;02/03/2024;Fulham;26;9;5;12;36;42;-6;32;13;7;1;5;23;15;8;22;13;2;4;7;13;27;-14;10;Brighton;26;10;9;7;49;41;8;39;13;6;6;1;27;16;11;24;13;4;3;6;22;25;-3;15;2.55;3.6;2.63;3;0;H
27;02/03/2024;Luton;26;5;5;16;38;55;-17;20;13;3;2;8;19;22;-3;11;13;2;3;8;19;33;-14;9;Aston Villa;26;16;4;6;56;35;21;52;13;10;1;2;35;15;20;31;13;6;3;4;21;20;1;21;4.33;4.2;1.73;2;3;A
27;02/03/2024;Newcastle;26;11;4;11;54;45;9;37;13;8;2;3;31;16;15;26;13;3;2;8;23;29;-6;11;Wolverhampton;26;11;5;10;40;40;0;38;13;6;3;4;20;20;0;21;13;5;2;6;20;20;0;17;1.91;4;3.6;3;0;H
27;02/03/2024;Nottingham;26;6;6;14;34;48;-14;20;13;4;3;6;19;20;-1;15;13;2;3;8;15;28;-13;9;Liverpool;26;18;6;2;63;25;38;60;13;11;2;0;37;11;26;35;13;7;4;2;26;14;12;25;6;4.33;1.53;0;1;A
27;02/03/2024;Tottenham;26;14;5;7;52;40;12;47;13;9;0;4;26;18;8;27;13;5;5;3;26;22;4;20;Crystal Palace;26;7;7;12;31;44;-13;28;13;4;3;6;18;19;-1;15;13;3;4;6;13;25;-12;13;1.5;4.33;6.5;3;1;H
27;03/03/2024;Burnley;26;3;4;19;25;58;-33;13;13;1;2;10;13;32;-19;5;13;2;2;9;12;26;-14;8;Bournemouth;26;8;7;11;37;50;-13;31;13;4;4;5;16;21;-5;16;13;4;3;6;21;29;-8;15;3.75;3.6;1.95;0;2;A
27;03/03/2024;Man City;26;18;5;3;59;26;33;59;13;9;4;0;31;11;20;31;13;9;1;3;28;15;13;28;Man Utd;26;14;2;10;36;36;0;44;13;7;1;5;19;20;-1;22;13;7;1;5;17;16;1;22;1.25;5.75;11;3;1;H
27;04/03/2024;Sheffield Utd;26;3;4;19;22;66;-44;13;13;2;2;9;12;36;-24;8;13;1;2;10;10;30;-20;5;Arsenal;26;18;4;4;62;23;39;58;13;10;2;1;34;12;22;32;13;8;2;3;28;11;17;26;17;7;1.18;0;6;A
28;09/03/2024;Arsenal;27;19;4;4;68;23;45;61;13;10;2;1;34;12;22;32;14;9;2;3;34;11;23;29;Brentford;27;7;5;15;39;50;-11;26;14;4;4;6;24;29;-5;16;13;3;1;9;15;21;-6;10;1.22;7;11;2;1;H
28;09/03/2024;Bournemouth;27;9;7;11;39;50;-11;34;13;4;4;5;16;21;-5;16;14;5;3;6;23;29;-6;18;Sheffield Utd;27;3;4;20;22;72;-50;13;14;2;2;10;12;42;-30;8;13;1;2;10;10;30;-20;5;1.33;5.25;8;2;2;D
28;09/03/2024;Crystal Palace;27;7;7;13;32;47;-15;28;13;4;3;6;18;19;-1;15;14;3;4;7;14;28;-14;13;Luton;27;5;5;17;40;58;-18;20;14;3;2;9;21;25;-4;11;13;2;3;8;19;33;-14;9;1.75;3.8;4.2;1;1;D
28;09/03/2024;Man Utd;27;14;2;11;37;39;-2;44;13;7;1;5;19;20;-1;22;14;7;1;6;18;19;-1;22;Everton;27;8;7;12;29;37;-8;23;14;3;4;7;15;18;-3;13;13;5;3;5;14;19;-5;18;1.83;3.6;4;2;0;H
28;09/03/2024;Wolverhampton;27;11;5;11;40;43;-3;38;13;6;3;4;20;20;0;21;14;5;2;7;20;23;-3;17;Fulham;27;10;5;12;39;42;-3;35;14;8;1;5;26;15;11;25;13;2;4;7;13;27;-14;10;2.5;3.4;2.75;2;1;H
28;10/03/2024;Aston Villa;27;17;4;6;59;37;22;55;13;10;1;2;35;15;20;31;14;7;3;4;24;22;2;24;Tottenham;27;15;5;7;55;41;14;50;14;10;0;4;29;19;10;30;13;5;5;3;26;22;4;20;2.38;4;2.6;0;4;A
28;10/03/2024;Brighton;27;10;9;8;49;44;5;39;13;6;6;1;27;16;11;24;14;4;3;7;22;28;-6;15;Nottingham;27;6;6;15;34;49;-15;20;14;4;3;7;19;21;-2;15;13;2;3;8;15;28;-13;9;1.8;4;4;1;0;H
28;10/03/2024;Liverpool;27;19;6;2;64;25;39;63;13;11;2;0;37;11;26;35;14;8;4;2;27;14;13;28;Man City;27;19;5;3;62;27;35;62;14;10;4;0;34;12;22;34;13;9;1;3;28;15;13;28;3;3.75;2.2;1;1;D
28;10/03/2024;West Ham;27;12;6;9;43;47;-4;42;13;6;4;3;22;19;3;22;14;6;2;6;21;28;-7;20;Burnley;27;3;4;20;25;60;-35;13;14;1;2;11;13;34;-21;5;13;2;2;9;12;26;-14;8;1.67;4;4.75;2;2;D
28;11/03/2024;Chelsea;27;11;6;10;46;43;3;39;13;6;3;4;22;18;4;21;14;5;3;6;24;25;-1;18;Newcastle;27;12;4;11;57;45;12;40;14;9;2;3;34;16;18;29;13;3;2;8;23;29;-6;11;1.91;4;3.6;3;2;H
29;16/03/2024;Burnley;28;3;5;20;27;62;-35;14;14;1;2;11;13;34;-21;5;14;2;3;9;14;28;-14;9;Brentford;28;7;5;16;40;52;-12;26;14;4;4;6;24;29;-5;16;14;3;1;10;16;23;-7;10;3.25;3.6;2.15;2;1;H
29;16/03/2024;Fulham;28;10;5;13;40;44;-4;35;14;8;1;5;26;15;11;25;14;2;4;8;14;29;-15;10;Tottenham;28;16;5;7;59;41;18;53;14;10;0;4;29;19;10;30;14;6;5;3;30;22;8;23;3.5;3.8;1.95;3;0;H
29;16/03/2024;Luton;28;5;6;17;41;59;-18;21;14;3;2;9;21;25;-4;11;14;2;4;8;20;34;-14;10;Nottingham;28;6;6;16;34;50;-16;20;14;4;3;7;19;21;-2;15;14;2;3;9;15;29;-14;9;2.8;3.5;2.45;1;1;D
29;17/03/2024;West Ham;28;12;7;9;45;49;-4;43;14;6;5;3;24;21;3;23;14;6;2;6;21;28;-7;20;Aston Villa;28;17;4;7;59;41;18;55;14;10;1;3;35;19;16;31;14;7;3;4;24;22;2;24;2.63;3.75;2.45;1;1;D
30;30/03/2024;Aston Villa;29;17;5;7;60;42;18;56;14;10;1;3;35;19;16;31;15;7;4;4;25;23;2;25;Wolverhampton;29;12;5;12;42;45;-3;41;15;7;3;5;22;22;0;24;14;5;2;7;20;23;-3;17;1.6;4.33;5;2;0;H
30;30/03/2024;Bournemouth;29;10;8;11;42;52;-10;38;14;4;5;5;18;23;-5;17;15;6;3;6;24;29;-5;21;Everton;29;9;7;13;31;39;-8;26;15;4;4;7;17;18;-1;16;14;5;3;6;14;21;-7;18;2.2;3.6;3.2;2;1;H
30;30/03/2024;Brentford;29;7;5;17;41;54;-13;26;14;4;4;6;24;29;-5;16;15;3;1;11;17;25;-8;10;Man Utd;29;16;2;11;43;41;2;50;15;9;1;5;25;22;3;28;14;7;1;6;18;19;-1;22;3;3.8;2.2;1;1;D
30;30/03/2024;Chelsea;29;12;6;11;49;50;-1;42;14;7;3;4;25;20;5;24;15;5;3;7;24;30;-6;18;Burnley;29;4;5;20;29;63;-34;17;15;2;2;11;15;35;-20;8;14;2;3;9;14;28;-14;9;1.29;6;9.5;2;2;D
30;30/03/2024;Newcastle;29;12;4;13;59;50;9;40;14;9;2;3;34;16;18;29;15;3;2;10;25;34;-9;11;West Ham;29;12;8;9;46;50;-4;44;15;6;6;3;25;22;3;24;14;6;2;6;21;28;-7;20;1.83;4.2;3.8;4;3;H
30;30/03/2024;Nottingham;29;6;7;16;35;51;-16;21;14;4;3;7;19;21;-2;15;15;2;4;9;16;30;-14;10;Crystal Palace;29;8;8;13;35;48;-13;32;15;5;4;6;21;20;1;19;14;3;4;7;14;28;-14;13;2.2;3.3;3.4;1;1;D
30;30/03/2024;Sheffield Utd;29;3;5;21;26;78;-52;14;14;2;2;10;12;42;-30;8;15;1;3;11;14;36;-22;6;Fulham;29;11;5;13;43;44;-1;38;15;9;1;5;29;15;14;28;14;2;4;8;14;29;-15;10;4.5;4;1.73;3;3;D
30;30/03/2024;Tottenham;29;16;5;8;59;44;15;53;14;10;0;4;29;19;10;30;15;6;5;4;30;25;5;23;Luton;29;5;7;17;42;60;-18;22;15;3;3;9;22;26;-4;12;14;2;4;8;20;34;-14;10;1.2;8;11;2;1;H
30;31/03/2024;Liverpool;29;19;7;3;65;28;37;64;14;11;3;0;38;12;26;36;15;8;4;3;27;16;11;28;Brighton;29;11;9;9;50;48;2;42;15;7;6;2;28;20;8;27;14;4;3;7;22;28;-6;15;1.36;5.5;7.5;2;1;H
30;31/03/2024;Man City;29;20;6;3;67;28;39;66;14;10;4;0;34;12;22;34;15;10;2;3;33;16;17;32;Arsenal;29;21;4;4;75;24;51;67;15;12;2;1;41;13;28;38;14;9;2;3;34;11;23;29;1.91;3.8;3.8;0;0;D
31;02/04/2024;Bournemouth;30;11;8;11;44;53;-9;41;15;5;5;5;20;24;-4;20;15;6;3;6;24;29;-5;21;Crystal Palace;30;8;9;13;36;49;-13;33;15;5;4;6;21;20;1;19;15;3;5;7;15;29;-14;14;1.95;3.8;3.6;1;0;H
31;02/04/2024;Burnley;30;4;6;20;31;65;-34;18;15;2;2;11;15;35;-20;8;15;2;4;9;16;30;-14;10;Wolverhampton;30;12;5;13;42;47;-5;41;15;7;3;5;22;22;0;24;15;5;2;8;20;25;-5;17;2.45;3.6;2.75;1;1;D
31;02/04/2024;Newcastle;30;13;4;13;63;53;10;43;15;10;2;3;38;19;19;32;15;3;2;10;25;34;-9;11;Everton;30;9;7;14;32;41;-9;26;15;4;4;7;17;18;-1;16;15;5;3;7;15;23;-8;18;2;3.75;3.5;1;1;D
31;02/04/2024;Nottingham;30;6;8;16;36;52;-16;22;15;4;4;7;20;22;-2;16;15;2;4;9;16;30;-14;10;Fulham;30;11;6;13;46;47;-1;39;15;9;1;5;29;15;14;28;15;2;5;8;17;32;-15;11;2.7;3.4;2.63;3;1;H
31;02/04/2024;West Ham;30;12;8;10;49;54;-5;44;15;6;6;3;25;22;3;24;15;6;2;7;24;32;-8;20;Tottenham;30;17;5;8;61;45;16;56;15;11;0;4;31;20;11;33;15;6;5;4;30;25;5;23;3.3;4.2;1.95;1;1;D
31;03/04/2024;Arsenal;30;21;5;4;75;24;51;68;15;12;2;1;41;13;28;38;15;9;3;3;34;11;23;30;Luton;30;5;7;18;43;62;-19;22;15;3;3;9;22;26;-4;12;15;2;4;9;21;36;-15;10;1.1;10;19;2;0;H
31;03/04/2024;Brentford;30;7;6;17;42;55;-13;27;15;4;5;6;25;30;-5;17;15;3;1;11;17;25;-8;10;Brighton;30;11;9;10;51;50;1;42;15;7;6;2;28;20;8;27;15;4;3;8;23;30;-7;15;2.38;3.8;2.75;0;0;D
31;03/04/2024;Man City;30;20;7;3;67;28;39;67;15;10;5;0;34;12;22;35;15;10;2;3;33;16;17;32;Aston Villa;30;18;5;7;62;42;20;59;15;11;1;3;37;19;18;34;15;7;4;4;25;23;2;25;1.3;6;8;4;1;H
31;04/04/2024;Chelsea;30;12;7;11;51;52;-1;43;15;7;4;4;27;22;5;25;15;5;3;7;24;30;-6;18;Man Utd;30;16;3;11;44;42;2;51;15;9;1;5;25;22;3;28;15;7;2;6;19;20;-1;23;2;4;3.4;4;3;H
31;04/04/2024;Liverpool;30;20;7;3;67;29;38;67;15;12;3;0;40;13;27;39;15;8;4;3;27;16;11;28;Sheffield Utd;30;3;6;21;29;81;-52;15;15;2;3;10;15;45;-30;9;15;1;3;11;14;36;-22;6;1.09;12;21;3;1;H
32;06/04/2024;Aston Villa;31;18;5;8;63;46;17;59;15;11;1;3;37;19;18;34;16;7;4;5;26;27;-1;25;Brentford;31;7;7;17;42;55;-13;28;16;4;6;6;25;30;-5;18;15;3;1;11;17;25;-8;10;1.7;4;4.75;3;3;D
32;06/04/2024;Brighton;31;11;10;10;51;50;1;43;15;7;6;2;28;20;8;27;16;4;4;8;23;30;-7;16;Arsenal;31;22;5;4;77;24;53;71;16;13;2;1;43;13;30;41;15;9;3;3;34;11;23;30;5;4.33;1.62;0;3;A
32;06/04/2024;Crystal Palace;31;8;9;14;36;50;-14;33;15;5;4;6;21;20;1;19;16;3;5;8;15;30;-15;14;Man City;31;21;7;3;71;29;42;70;16;11;5;0;38;13;25;38;15;10;2;3;33;16;17;32;9.5;5.25;1.33;2;4;A
32;06/04/2024;Everton;31;9;8;14;33;42;-9;27;15;4;4;7;17;18;-1;16;16;5;4;7;16;24;-8;19;Burnley;31;4;7;20;32;66;-34;19;16;2;3;11;16;36;-20;9;15;2;4;9;16;30;-14;10;1.65;4;5.25;1;0;H
32;06/04/2024;Fulham;31;11;6;14;47;50;-3;39;15;9;1;5;29;15;14;28;16;2;5;9;18;35;-17;11;Newcastle;31;13;5;13;64;54;10;44;16;10;3;3;39;20;19;33;15;3;2;10;25;34;-9;11;2.38;3.8;2.8;0;1;A
32;06/04/2024;Luton;31;5;7;19;43;64;-21;22;15;3;3;9;22;26;-4;12;16;2;4;10;21;38;-17;10;Bournemouth;31;12;8;11;45;53;-8;44;16;6;5;5;21;24;-3;23;15;6;3;6;24;29;-5;21;3.75;3.8;1.91;2;1;H
32;06/04/2024;Wolverhampton;31;12;6;13;43;48;-5;42;15;7;3;5;22;22;0;24;16;5;3;8;21;26;-5;18;West Ham;31;12;9;10;50;55;-5;45;16;6;7;3;26;23;3;25;15;6;2;7;24;32;-8;20;2.5;3.6;2.7;1;2;A
32;07/04/2024;Man Utd;31;16;3;12;47;46;1;51;15;9;1;5;25;22;3;28;16;7;2;7;22;24;-2;23;Liverpool;31;21;7;3;70;30;40;70;16;13;3;0;43;14;29;42;15;8;4;3;27;16;11;28;4.75;4.5;1.6;2;2;D
32;07/04/2024;Sheffield Utd;31;3;6;22;30;84;-54;15;15;2;3;10;15;45;-30;9;16;1;3;12;15;39;-24;6;Chelsea;31;13;7;11;55;55;0;46;16;8;4;4;31;25;6;28;15;5;3;7;24;30;-6;18;7;5.25;1.4;2;2;D
32;07/04/2024;Tottenham;31;17;6;8;62;46;16;57;15;11;0;4;31;20;11;33;16;6;6;4;31;26;5;24;Nottingham;31;7;8;16;39;53;-14;25;16;5;4;7;23;23;0;19;15;2;4;9;16;30;-14;10;1.4;5.5;6.5;3;1;H
33;13/04/2024;Bournemouth;32;12;8;12;46;55;-9;44;16;6;5;5;21;24;-3;23;16;6;3;7;25;31;-6;21;Man Utd;32;16;4;12;49;48;1;52;16;9;2;5;27;24;3;29;16;7;2;7;22;24;-2;23;2.4;3.9;2.6;2;2;D
33;13/04/2024;Brentford;32;7;8;17;45;58;-13;29;16;4;6;6;25;30;-5;18;16;3;2;11;20;28;-8;11;Sheffield Utd;32;3;7;22;32;86;-54;16;16;2;4;10;17;47;-30;10;16;1;3;12;15;39;-24;6;1.44;5;6.5;2;0;H
33;13/04/2024;Burnley;32;4;7;21;32;67;-35;19;16;2;3;11;16;36;-20;9;16;2;4;10;16;31;-15;10;Brighton;32;11;10;11;51;53;-2;43;16;7;6;3;28;23;5;27;16;4;4;8;23;30;-7;16;3.5;3.75;2;1;1;D
33;13/04/2024;Man City;32;22;7;3;75;31;44;73;16;11;5;0;38;13;25;38;16;11;2;3;37;18;19;35;Luton;32;6;7;19;45;65;-20;25;16;4;3;9;24;27;-3;15;16;2;4;10;21;38;-17;10;1.1;11;19;5;1;H
33;13/04/2024;Newcastle;32;14;5;13;65;54;11;47;16;10;3;3;39;20;19;33;16;4;2;10;26;34;-8;14;Tottenham;32;18;6;8;65;47;18;60;16;12;0;4;34;21;13;36;16;6;6;4;31;26;5;24;2.7;4;2.3;4;0;H
33;13/04/2024;Nottingham;32;7;8;17;40;56;-16;25;16;5;4;7;23;23;0;19;16;2;4;10;17;33;-16;10;Wolverhampton;32;12;6;14;44;50;-6;42;16;7;3;6;23;24;-1;24;16;5;3;8;21;26;-5;18;2.1;3.4;3.5;2;2;D
33;14/04/2024;Arsenal;32;23;5;4;80;24;56;74;16;13;2;1;43;13;30;41;16;10;3;3;37;11;26;33;Aston Villa;32;18;6;8;66;49;17;60;16;11;2;3;40;22;18;35;16;7;4;5;26;27;-1;25;1.29;5.75;10;0;2;A
33;14/04/2024;Liverpool;32;21;8;3;72;32;40;71;16;13;3;0;43;14;29;42;16;8;5;3;29;18;11;29;Crystal Palace;32;8;9;15;38;54;-16;33;16;5;4;7;23;24;-1;19;16;3;5;8;15;30;-15;14;1.22;7;12;0;1;A
33;14/04/2024;West Ham;32;13;9;10;52;56;-4;48;16;6;7;3;26;23;3;25;16;7;2;7;26;33;-7;23;Fulham;32;11;6;15;47;51;-4;39;16;9;1;6;29;16;13;28;16;2;5;9;18;35;-17;11;2.38;3.6;2.8;0;2;A
33;15/04/2024;Chelsea;32;13;8;11;57;57;0;47;16;8;4;4;31;25;6;28;16;5;4;7;26;32;-6;19;Everton;32;10;8;14;34;42;-8;30;16;5;4;7;18;18;0;19;16;5;4;7;16;24;-8;19;1.7;4.2;4.5;6;0;H
34;20/04/2024;Luton;33;6;7;20;46;70;-24;25;16;4;3;9;24;27;-3;15;17;2;4;11;22;43;-21;10;Brentford;33;8;8;17;47;58;-11;32;17;5;6;6;27;30;-3;21;16;3;2;11;20;28;-8;11;3.1;3.75;2.15;1;5;A
34;20/04/2024;Sheffield Utd;33;3;7;23;32;88;-56;16;16;2;4;10;17;47;-30;10;17;1;3;13;15;41;-26;6;Burnley;33;4;8;21;33;68;-35;20;17;2;4;11;17;37;-20;10;16;2;4;10;16;31;-15;10;2.75;3.6;2.45;1;4;A
34;20/04/2024;Wolverhampton;33;12;7;14;46;52;-6;43;16;7;3;6;23;24;-1;24;17;5;4;8;23;28;-5;19;Arsenal;33;23;5;5;80;26;54;74;17;13;2;2;43;15;28;41;16;10;3;3;37;11;26;33;8.5;4.5;1.4;0;2;A
34;21/04/2024;Aston Villa;33;19;6;8;68;49;19;63;16;11;2;3;40;22;18;35;17;8;4;5;28;27;1;28;Bournemouth;33;12;9;12;48;57;-9;45;17;6;6;5;23;26;-3;24;16;6;3;7;25;31;-6;21;1.85;4;3.6;3;1;H
34;21/04/2024;Crystal Palace;33;9;9;15;39;54;-15;36;16;5;4;7;23;24;-1;19;17;4;5;8;16;30;-14;17;West Ham;33;13;9;11;52;58;-6;48;17;6;7;4;26;25;1;25;16;7;2;7;26;33;-7;23;2.1;3.6;3.4;5;2;H
34;21/04/2024;Everton;33;10;8;15;34;48;-14;30;16;5;4;7;18;18;0;19;17;5;4;8;16;30;-14;19;Nottingham;33;7;9;17;42;58;-16;26;17;5;5;7;25;25;0;20;16;2;4;10;17;33;-16;10;2.05;3.5;3.6;2;0;H
34;21/04/2024;Fulham;33;12;6;15;49;51;-2;42;16;9;1;6;29;16;13;28;17;3;5;9;20;35;-15;14;Liverpool;33;21;8;4;72;33;39;71;17;13;3;1;43;15;28;42;16;8;5;3;29;18;11;29;5.25;4.5;1.57;1;3;A
35;27/04/2024;Aston Villa;34;20;6;8;71;50;21;66;17;12;2;3;43;23;20;38;17;8;4;5;28;27;1;28;Chelsea;34;15;8;11;65;58;7;53;17;9;4;4;37;25;12;31;17;6;4;7;28;33;-5;22;2.15;3.8;3;2;2;D
35;27/04/2024;Everton;34;11;8;15;36;48;-12;33;17;6;4;7;20;18;2;22;17;5;4;8;16;30;-14;19;Brentford;34;9;8;17;52;59;-7;35;17;5;6;6;27;30;-3;21;17;4;2;11;25;29;-4;14;2.3;3.5;3;1;0;H
35;27/04/2024;Fulham;34;12;6;16;50;54;-4;42;17;9;1;7;30;19;11;28;17;3;5;9;20;35;-15;14;Crystal Palace;34;10;9;15;44;56;-12;39;17;6;4;7;28;26;2;22;17;4;5;8;16;30;-14;17;2.1;3.5;3.5;1;1;D
35;27/04/2024;Man Utd;34;17;5;12;54;52;2;56;17;10;2;5;30;26;4;32;17;7;3;7;24;26;-2;24;Burnley;34;5;8;21;37;69;-32;23;17;2;4;11;17;37;-20;10;17;3;4;10;20;32;-12;13;1.5;4.75;5.5;1;1;D
35;27/04/2024;Newcastle;34;15;5;14;71;57;14;50;17;11;3;3;43;20;23;36;17;4;2;11;28;37;-9;14;Sheffield Utd;34;3;7;24;33;92;-59;16;17;2;4;11;18;51;-33;10;17;1;3;13;15;41;-26;6;1.22;7;11;5;1;H
35;27/04/2024;West Ham;34;13;9;12;54;63;-9;48;17;6;7;4;26;25;1;25;17;7;2;8;28;38;-10;23;Liverpool;34;22;8;4;75;34;41;74;17;13;3;1;43;15;28;42;17;9;5;3;32;19;13;32;5.5;5;1.5;2;2;D
35;27/04/2024;Wolverhampton;34;12;7;15;46;54;-8;43;17;7;3;7;23;26;-3;24;17;5;4;8;23;28;-5;19;Luton;34;6;7;21;47;75;-28;25;17;4;3;10;25;32;-7;15;17;2;4;11;22;43;-21;10;1.95;3.8;3.6;2;1;H
35;28/04/2024;Bournemouth;34;12;9;13;49;60;-11;45;17;6;6;5;23;26;-3;24;17;6;3;8;26;34;-8;21;Brighton;34;11;11;12;53;56;-3;44;17;7;6;4;29;25;4;27;17;4;5;8;24;31;-7;17;2.25;3.8;2.9;3;0;H
35;28/04/2024;Nottingham;34;7;9;18;42;60;-18;26;17;5;5;7;25;25;0;20;17;2;4;11;17;35;-18;10;Man City;34;24;7;3;82;32;50;79;17;12;5;0;43;14;29;41;17;12;2;3;39;18;21;38;8;6;1.3;0;2;A
35;28/04/2024;Tottenham;34;18;6;10;65;53;12;60;17;12;0;5;34;23;11;36;17;6;6;5;31;30;1;24;Arsenal;34;24;5;5;82;26;56;77;17;13;2;2;43;15;28;41;17;11;3;3;39;11;28;36;4.2;4.2;1.75;2;3;A
36;03/05/2024;Luton;35;6;7;22;48;77;-29;25;17;4;3;10;25;32;-7;15;18;2;4;12;23;45;-22;10;Everton;35;12;8;15;37;48;-11;36;18;7;4;7;21;18;3;25;17;5;4;8;16;30;-14;19;2.6;3.6;2.55;1;1;D
36;04/05/2024;Arsenal;35;25;5;5;85;28;57;80;17;13;2;2;43;15;28;41;18;12;3;3;42;13;29;39;Bournemouth;35;13;9;13;52;60;-8;48;18;7;6;5;26;26;0;27;17;6;3;8;26;34;-8;21;1.22;7.5;11;3;0;H
36;04/05/2024;Brentford;35;9;8;18;52;60;-8;35;17;5;6;6;27;30;-3;21;18;4;2;12;25;30;-5;14;Fulham;35;12;7;16;51;55;-4;43;18;9;2;7;31;20;11;29;17;3;5;9;20;35;-15;14;2.1;3.8;3.2;0;0;D
36;04/05/2024;Burnley;35;5;9;21;38;70;-32;24;17;2;4;11;17;37;-20;10;18;3;5;10;21;33;-12;14;Newcastle;35;16;5;14;76;58;18;53;18;12;3;3;48;21;27;39;17;4;2;11;28;37;-9;14;3.4;4;1.95;1;4;A
36;04/05/2024;Man City;35;25;7;3;84;32;52;82;17;12;5;0;43;14;29;41;18;13;2;3;41;18;23;41;Wolverhampton;35;13;7;15;48;55;-7;46;18;8;3;7;25;27;-2;27;17;5;4;8;23;28;-5;19;1.08;12;21;5;1;H
36;04/05/2024;Sheffield Utd;35;3;7;25;34;97;-63;16;17;2;4;11;18;51;-33;10;18;1;3;14;16;46;-30;6;Nottingham;35;7;9;19;42;62;-20;26;18;5;5;8;25;27;-2;20;17;2;4;11;17;35;-18;10;4.75;4.2;1.65;1;3;A
36;05/05/2024;Brighton;35;11;11;13;53;59;-6;44;17;7;6;4;29;25;4;27;18;4;5;9;24;34;-10;17;Aston Villa;35;20;7;8;73;52;21;67;18;12;3;3;45;25;20;39;17;8;4;5;28;27;1;28;2.75;3.75;2.45;1;0;H
36;05/05/2024;Chelsea;35;15;9;11;67;60;7;54;17;9;4;4;37;25;12;31;18;6;5;7;30;35;-5;23;West Ham;35;13;10;12;56;65;-9;49;18;6;8;4;28;27;1;26;17;7;2;8;28;38;-10;23;1.65;4.5;4.5;5;0;H
36;05/05/2024;Liverpool;35;22;9;4;77;36;41;75;17;13;3;1;43;15;28;42;18;9;6;3;34;21;13;33;Tottenham;35;18;6;11;67;56;11;60;18;12;0;6;36;26;10;36;17;6;6;5;31;30;1;24;1.5;5.75;5;4;2;H
36;06/05/2024;Crystal Palace;35;10;10;15;45;57;-12;40;17;6;4;7;28;26;2;22;18;4;6;8;17;31;-14;18;Man Utd;35;17;6;12;55;53;2;57;18;10;3;5;31;27;4;33;17;7;3;7;24;26;-2;24;2.38;3.75;2.8;4;0;H
37;11/05/2024;Bournemouth;36;13;9;14;52;63;-11;48;18;7;6;5;26;26;0;27;18;6;3;9;26;37;-11;21;Brentford;36;9;9;18;52;60;-8;36;18;5;7;6;27;30;-3;22;18;4;2;12;25;30;-5;14;1.95;4;3.5;1;2;A
37;11/05/2024;Everton;36;12;9;15;38;49;-11;37;18;7;4;7;21;18;3;25;18;5;5;8;17;31;-14;20;Sheffield Utd;36;3;7;26;35;100;-65;16;18;2;4;12;19;54;-35;10;18;1;3;14;16;46;-30;6;1.4;4.8;7.5;1;0;H
37;11/05/2024;Fulham;36;12;8;16;51;55;-4;44;18;9;2;7;31;20;11;29;18;3;6;9;20;35;-15;15;Man City;36;26;7;3;89;33;56;85;18;13;5;0;48;15;33;44;18;13;2;3;41;18;23;41;13;7;1.2;0;4;A
37;11/05/2024;Newcastle;36;17;5;14;80;59;21;56;18;12;3;3;48;21;27;39;18;5;2;11;32;38;-6;17;Brighton;36;12;11;13;54;59;-5;47;18;8;6;4;30;25;5;30;18;4;5;9;24;34;-10;17;1.57;4.75;4.75;1;1;D
37;11/05/2024;Nottingham;36;8;9;19;45;63;-18;29;18;5;5;8;25;27;-2;20;18;3;4;11;20;36;-16;13;Chelsea;36;16;9;11;72;60;12;57;18;10;4;4;42;25;17;34;18;6;5;7;30;35;-5;23;3.4;3.8;2;2;3;A
37;11/05/2024;Tottenham;36;18;6;12;69;60;9;60;18;12;0;6;36;26;10;36;18;6;6;6;33;34;-1;24;Burnley;36;5;9;22;39;74;-35;24;18;2;4;12;18;41;-23;10;18;3;5;10;21;33;-12;14;1.36;5.75;7;2;1;H
37;11/05/2024;West Ham;36;13;10;13;56;70;-14;49;18;6;8;4;28;27;1;26;18;7;2;9;28;43;-15;23;Luton;36;6;8;22;49;78;-29;26;18;4;4;10;26;33;-7;16;18;2;4;12;23;45;-22;10;1.8;4.2;3.8;3;1;H
37;11/05/2024;Wolverhampton;36;13;7;16;49;60;-11;46;18;8;3;7;25;27;-2;27;18;5;4;9;24;33;-9;19;Crystal Palace;36;11;10;15;49;57;-8;43;18;7;4;7;32;26;6;25;18;4;6;8;17;31;-14;18;2.88;3.5;2.38;1;3;A
37;12/05/2024;Man Utd;36;17;6;13;55;57;-2;57;18;10;3;5;31;27;4;33;18;7;3;8;24;30;-6;24;Arsenal;36;26;5;5;88;28;60;83;18;14;2;2;46;15;31;44;18;12;3;3;42;13;29;39;7;5.5;1.36;0;1;A
37;13/05/2024;Aston Villa;36;20;7;9;73;53;20;67;18;12;3;3;45;25;20;39;18;8;4;6;28;28;0;28;Liverpool;36;23;9;4;81;38;43;78;18;14;3;1;47;17;30;45;18;9;6;3;34;21;13;33;4.2;4.33;1.7;3;3;D
38;19/05/2024;Arsenal;37;27;5;5;89;28;61;86;18;14;2;2;46;15;31;44;19;13;3;3;43;13;30;42;Everton;37;13;9;15;39;49;-10;40;19;8;4;7;22;18;4;28;18;5;5;8;17;31;-14;20;1.18;8;12;2;1;H
38;19/05/2024;Brentford;37;10;9;18;54;61;-7;39;18;5;7;6;27;30;-3;22;19;5;2;12;27;31;-4;17;Newcastle;37;17;6;14;81;60;21;57;19;12;4;3;49;22;27;40;18;5;2;11;32;38;-6;17;2.9;3.9;2.2;2;4;A
38;19/05/2024;Brighton;37;12;12;13;55;60;-5;48;18;8;6;4;30;25;5;30;19;4;6;9;25;35;-10;18;Man Utd;37;17;6;14;55;58;-3;57;19;10;3;6;31;28;3;33;18;7;3;8;24;30;-6;24;2.15;4;2.9;0;2;A
38;19/05/2024;Burnley;37;5;9;23;40;76;-36;24;18;2;4;12;18;41;-23;10;19;3;5;11;22;35;-13;14;Nottingham;37;8;9;20;47;66;-19;29;19;5;5;9;27;30;-3;20;18;3;4;11;20;36;-16;13;3;3.5;2.3;1;2;A
38;19/05/2024;Chelsea;37;17;9;11;75;62;13;60;18;10;4;4;42;25;17;34;19;7;5;7;33;37;-4;26;Bournemouth;37;13;9;15;53;65;-12;48;19;7;6;6;27;28;-1;27;18;6;3;9;26;37;-11;21;1.45;5;6;2;1;H
38;19/05/2024;Crystal Palace;37;12;10;15;52;58;-6;46;18;7;4;7;32;26;6;25;19;5;6;8;20;32;-12;21;Aston Villa;37;20;8;9;76;56;20;68;19;12;4;3;48;28;20;40;18;8;4;6;28;28;0;28;1.85;4.33;3.6;5;0;H
38;19/05/2024;Liverpool;37;23;10;4;84;41;43;79;18;14;3;1;47;17;30;45;19;9;7;3;37;24;13;34;Wolverhampton;37;13;7;17;50;63;-13;46;19;8;3;8;26;30;-4;27;18;5;4;9;24;33;-9;19;1.17;8;15;2;0;H
38;19/05/2024;Luton;37;6;8;23;50;81;-31;26;18;4;4;10;26;33;-7;16;19;2;4;13;24;48;-24;10;Fulham;37;12;8;17;51;59;-8;44;19;9;2;8;31;24;7;29;18;3;6;9;20;35;-15;15;2.9;3.9;2.2;2;4;A
38;19/05/2024;Man City;37;27;7;3;93;33;60;88;18;13;5;0;48;15;33;44;19;14;2;3;45;18;27;44;West Ham;37;14;10;13;59;71;-12;52;19;7;8;4;31;28;3;29;18;7;2;9;28;43;-15;23;1.08;12;21;3;1;H
38;19/05/2024;Sheffield Utd;37;3;7;27;35;101;-66;16;18;2;4;12;19;54;-35;10;19;1;3;15;16;47;-31;6;Tottenham;37;19;6;12;71;61;10;63;19;13;0;6;38;27;11;39;18;6;6;6;33;34;-1;24;7;6;1.33;0;3;A
11;14/10/2022;Brentford;10;3;4;3;18;17;1;13;4;2;1;1;10;6;4;7;6;1;3;2;8;11;-3;6;Brighton;10;6;2;2;17;9;8;20;5;3;1;1;7;3;4;10;5;3;1;1;10;6;4;10;3.1;3.4;2.3;2;0;H
11;15/10/2022;Fulham;10;4;2;4;16;19;-3;14;5;3;1;1;10;10;0;10;5;1;1;3;6;9;-3;4;Bournemouth;10;3;3;4;8;22;-14;12;6;2;2;2;4;6;-2;8;4;1;1;2;4;16;-12;4;1.85;3.75;4;2;2;D
11;15/10/2022;Leicester;10;1;1;8;16;26;-10;4;5;1;1;3;8;7;1;4;5;0;0;5;8;19;-11;0;Crystal Palace;10;2;4;4;11;14;-3;10;6;2;2;2;8;8;0;8;4;0;2;2;3;6;-3;2;2.3;3.4;3.1;0;0;D
11;15/10/2022;Tottenham;10;6;2;2;22;14;8;20;4;4;0;0;13;4;9;12;6;2;2;2;9;10;-1;8;Everton;10;2;4;4;8;13;-5;10;5;1;2;2;3;4;-1;5;5;1;2;2;5;9;-4;5;1.5;4.5;6.5;2;0;H
11;15/10/2022;Wolverhampton;10;1;3;6;3;14;-11;6;4;1;2;1;2;4;-2;5;6;0;1;5;1;10;-9;1;Nottingham;10;1;2;7;8;24;-16;5;5;1;1;3;6;9;-3;4;5;0;1;4;2;15;-13;1;1.7;3.75;5;1;0;H
11;16/10/2022;Aston Villa;10;3;3;4;9;12;-3;12;4;2;1;1;4;3;1;7;6;1;2;3;5;9;-4;5;Chelsea;10;5;2;3;14;12;2;17;5;3;2;0;9;4;5;11;5;2;0;3;5;8;-3;6;4.33;3.75;1.8;0;2;A
11;16/10/2022;Leeds United;10;3;4;3;15;15;0;13;5;3;2;0;8;3;5;11;5;0;2;3;7;12;-5;2;Arsenal;10;9;0;1;27;10;17;27;6;6;0;0;18;7;11;18;4;3;0;1;9;3;6;9;6;4.2;1.55;0;1;A
11;16/10/2022;Liverpool;10;3;5;2;22;12;10;14;5;3;2;0;17;5;12;11;5;0;3;2;5;7;-2;3;Man City;10;8;2;0;37;11;26;26;6;6;0;0;28;7;21;18;4;2;2;0;9;4;5;8;3.6;4;1.9;1;0;H
11;16/10/2022;Man Utd;10;5;2;3;16;18;-2;17;4;2;1;1;8;6;2;7;6;3;1;2;8;12;-4;10;Newcastle;10;4;5;1;22;10;12;17;5;2;3;0;11;5;6;9;5;2;2;1;11;5;6;8;1.95;3.8;3.5;0;0;D
11;16/10/2022;Southampton;10;2;1;7;8;19;-11;7;5;1;1;3;5;8;-3;4;5;1;0;4;3;11;-8;3;West Ham;10;3;1;6;9;15;-6;10;6;2;1;3;7;11;-4;7;4;1;0;3;2;4;-2;3;2.9;3.4;2.4;1;1;D
12;18/10/2022;Brighton;11;6;2;3;17;11;6;20;5;3;1;1;7;3;4;10;6;3;1;2;10;8;2;10;Nottingham;11;1;2;8;8;25;-17;5;5;1;1;3;6;9;-3;4;6;0;1;5;2;16;-14;1;1.4;4.75;7;0;0;D
12;18/10/2022;Crystal Palace;11;2;5;4;11;14;-3;11;6;2;2;2;8;8;0;8;5;0;3;2;3;6;-3;3;Wolverhampton;11;2;3;6;4;14;-10;9;5;2;2;1;3;4;-1;8;6;0;1;5;1;10;-9;1;2.25;3.1;3.4;2;1;H
12;19/10/2022;Bournemouth;11;3;4;4;10;24;-14;13;6;2;2;2;4;6;-2;8;5;1;2;2;6;18;-12;5;Southampton;11;2;2;7;9;20;-11;8;6;1;2;3;6;9;-3;5;5;1;0;4;3;11;-8;3;2.62;3.3;2.62;0;1;A
12;19/10/2022;Brentford;11;4;4;3;20;17;3;16;5;3;1;1;12;6;6;10;6;1;3;2;8;11;-3;6;Chelsea;11;6;2;3;16;12;4;20;5;3;2;0;9;4;5;11;6;3;0;3;7;8;-1;9;4.75;3.8;1.72;0;0;D
12;19/10/2022;Liverpool;11;4;5;2;23;12;11;17;6;4;2;0;18;5;13;14;5;0;3;2;5;7;-2;3;West Ham;11;3;2;6;10;16;-6;11;6;2;1;3;7;11;-4;7;5;1;1;3;3;5;-2;4;1.4;5;7;1;0;H
12;19/10/2022;Man Utd;11;5;3;3;16;18;-2;18;5;2;2;1;8;6;2;8;6;3;1;2;8;12;-4;10;Tottenham;11;7;2;2;24;14;10;23;5;5;0;0;15;4;11;15;6;2;2;2;9;10;-1;8;2.45;3.5;2.75;2;0;H
12;19/10/2022;Newcastle;11;4;6;1;22;10;12;18;5;2;3;0;11;5;6;9;6;2;3;1;11;5;6;9;Everton;11;2;4;5;8;15;-7;10;5;1;2;2;3;4;-1;5;6;1;2;3;5;11;-6;5;1.6;3.8;5.75;1;0;H
12;20/10/2022;Fulham;11;4;3;4;18;21;-3;15;6;3;2;1;12;12;0;11;5;1;1;3;6;9;-3;4;Aston Villa;11;3;3;5;9;14;-5;12;5;2;1;2;4;5;-1;7;6;1;2;3;5;9;-4;5;2.9;3.3;2.5;3;0;H
12;20/10/2022;Leicester;11;1;2;8;16;26;-10;5;6;1;2;3;8;7;1;5;5;0;0;5;8;19;-11;0;Leeds United;11;3;4;4;15;16;-1;13;6;3;2;1;8;4;4;11;5;0;2;3;7;12;-5;2;2.25;3.6;3;2;0;H
13;22/10/2022;Chelsea;12;6;3;3;16;12;4;21;5;3;2;0;9;4;5;11;7;3;1;3;7;8;-1;10;Man Utd;12;6;3;3;18;18;0;21;6;3;2;1;10;6;4;11;6;3;1;2;8;12;-4;10;2.05;3.5;3.5;1;1;D
13;22/10/2022;Everton;12;2;4;6;8;16;-8;10;5;1;2;2;3;4;-1;5;7;1;2;4;5;12;-7;5;Crystal Palace;12;3;5;4;13;15;-2;14;7;3;2;2;10;9;1;11;5;0;3;2;3;6;-3;3;2.6;3.2;2.87;3;0;H
13;22/10/2022;Man City;12;9;2;1;40;13;27;29;6;6;0;0;28;7;21;18;6;3;2;1;12;6;6;11;Brighton;12;6;3;3;17;11;6;21;6;3;2;1;7;3;4;11;6;3;1;2;10;8;2;10;1.2;7;13;3;1;H
13;22/10/2022;Nottingham;12;1;3;8;8;25;-17;6;5;1;1;3;6;9;-3;4;7;0;2;5;2;16;-14;2;Liverpool;12;5;5;2;24;12;12;20;7;5;2;0;19;5;14;17;5;0;3;2;5;7;-2;3;11;6;1.25;1;0;H
13;23/10/2022;Aston Villa;12;3;3;6;9;17;-8;12;5;2;1;2;4;5;-1;7;7;1;2;4;5;12;-7;5;Brentford;12;4;5;3;20;17;3;17;6;3;2;1;12;6;6;11;6;1;3;2;8;11;-3;6;2.1;3.5;3.5;4;0;H
13;23/10/2022;Leeds United;12;3;4;5;15;18;-3;13;6;3;2;1;8;4;4;11;6;0;2;4;7;14;-7;2;Fulham;12;5;3;4;21;21;0;18;7;4;2;1;15;12;3;14;5;1;1;3;6;9;-3;4;2.05;3.5;3.6;2;3;A
13;23/10/2022;Southampton;12;3;2;7;10;20;-10;11;6;1;2;3;6;9;-3;5;6;2;0;4;4;11;-7;6;Arsenal;12;10;0;2;29;13;16;30;7;6;0;1;19;10;9;18;5;4;0;1;10;3;7;12;6;4;1.57;1;1;D
13;23/10/2022;Tottenham;12;7;2;3;24;16;8;23;5;5;0;0;15;4;11;15;7;2;2;3;9;12;-3;8;Newcastle;12;5;6;1;23;10;13;21;6;3;3;0;12;5;7;12;6;2;3;1;11;5;6;9;2.05;3.5;3.5;1;2;A
13;23/10/2022;Wolverhampton;12;2;3;7;5;16;-11;9;5;2;2;1;3;4;-1;8;7;0;1;6;2;12;-10;1;Leicester;12;2;2;8;18;26;-8;8;7;2;2;3;10;7;3;8;5;0;0;5;8;19;-11;0;2.25;3.25;3.25;0;4;A
13;24/10/2022;West Ham;12;3;2;7;10;17;-7;11;6;2;1;3;7;11;-4;7;6;1;1;4;3;6;-3;4;Bournemouth;12;3;4;5;10;25;-15;13;7;2;2;3;4;7;-3;8;5;1;2;2;6;18;-12;5;1.55;4;6;2;0;H
14;29/10/2022;Bournemouth;13;3;4;6;10;27;-17;13;7;2;2;3;4;7;-3;8;6;1;2;3;6;20;-14;5;Tottenham;13;7;2;4;25;18;7;23;6;5;0;1;16;6;10;15;7;2;2;3;9;12;-3;8;5;3.8;1.7;2;3;A
14;29/10/2022;Brentford;13;4;5;4;20;21;-1;17;6;3;2;1;12;6;6;11;7;1;3;3;8;15;-7;6;Wolverhampton;13;2;3;8;5;20;-15;9;6;2;2;2;3;8;-5;8;7;0;1;6;2;12;-10;1;2.2;3.4;3.3;1;1;D
14;29/10/2022;Brighton;13;6;3;4;18;14;4;21;6;3;2;1;7;3;4;11;7;3;1;3;11;11;0;10;Chelsea;13;6;4;3;17;13;4;22;6;3;3;0;10;5;5;12;7;3;1;3;7;8;-1;10;3;3.3;2.4;4;1;H
14;29/10/2022;Crystal Palace;13;3;5;5;13;18;-5;14;7;3;2;2;10;9;1;11;6;0;3;3;3;9;-6;3;Southampton;13;3;3;7;11;21;-10;12;7;1;3;3;7;10;-3;6;6;2;0;4;4;11;-7;6;1.9;3.6;4;1;0;H
14;29/10/2022;Fulham;13;6;3;4;24;23;1;21;7;4;2;1;15;12;3;14;6;2;1;3;9;11;-2;7;Everton;13;3;4;6;11;16;-5;13;6;2;2;2;6;4;2;8;7;1;2;4;5;12;-7;5;2.37;3.4;3;0;0;D
14;29/10/2022;Leicester;13;3;2;8;22;26;-4;11;7;2;2;3;10;7;3;8;6;1;0;5;12;19;-7;3;Man City;13;10;2;1;43;14;29;32;7;7;0;0;31;8;23;21;6;3;2;1;12;6;6;11;10;6.5;1.25;0;1;A
14;29/10/2022;Liverpool;13;5;5;3;24;13;11;20;7;5;2;0;19;5;14;17;6;0;3;3;5;8;-3;3;Leeds United;13;3;4;6;17;21;-4;13;7;3;2;2;10;7;3;11;6;0;2;4;7;14;-7;2;1.3;6;9;1;2;A
14;29/10/2022;Newcastle;13;6;6;1;25;11;14;24;6;3;3;0;12;5;7;12;7;3;3;1;13;6;7;12;Aston Villa;13;4;3;6;13;17;-4;15;6;3;1;2;8;5;3;10;7;1;2;4;5;12;-7;5;1.8;3.75;4.5;4;0;H
14;30/10/2022;Arsenal;13;10;1;2;30;14;16;31;7;6;0;1;19;10;9;18;6;4;1;1;11;4;7;13;Nottingham;13;2;3;8;9;25;-16;9;6;2;1;3;7;9;-2;7;7;0;2;5;2;16;-14;2;1.2;7;12;5;0;H
14;30/10/2022;Man Utd;13;6;4;3;19;19;0;22;6;3;2;1;10;6;4;11;7;3;2;2;9;13;-4;11;West Ham;13;4;2;7;12;17;-5;14;7;3;1;3;9;11;-2;10;6;1;1;4;3;6;-3;4;1.66;4;4.8;1;0;H
15;05/11/2022;Everton;14;3;5;6;11;16;-5;14;6;2;2;2;6;4;2;8;8;1;3;4;5;12;-7;6;Leicester;14;3;2;9;22;27;-5;11;8;2;2;4;10;8;2;8;6;1;0;5;12;19;-7;3;2.4;3.3;3;0;2;A
15;05/11/2022;Leeds United;14;4;4;6;19;22;-3;16;7;3;2;2;10;7;3;11;7;1;2;4;9;15;-6;5;Bournemouth;14;3;4;7;12;30;-18;13;8;2;2;4;6;10;-4;8;6;1;2;3;6;20;-14;5;1.72;3.8;4.75;4;3;H
15;05/11/2022;Man City;14;11;2;1;44;14;30;35;7;7;0;0;31;8;23;21;7;4;2;1;13;6;7;14;Fulham;14;6;4;4;24;23;1;22;8;4;3;1;15;12;3;15;6;2;1;3;9;11;-2;7;1.11;9.5;19;2;1;H
15;05/11/2022;Nottingham;14;2;3;9;9;30;-21;9;6;2;1;3;7;9;-2;7;8;0;2;6;2;21;-19;2;Brentford;14;4;6;4;21;22;-1;18;7;3;3;1;13;7;6;12;7;1;3;3;8;15;-7;6;2.75;3.3;2.6;2;2;D
15;05/11/2022;Wolverhampton;14;2;4;8;6;21;-15;10;6;2;2;2;3;8;-5;8;8;0;2;6;3;13;-10;2;Brighton;14;7;3;4;22;15;7;24;7;4;2;1;11;4;7;14;7;3;1;3;11;11;0;10;3.3;3.3;2.25;2;3;A
15;06/11/2022;Aston Villa;14;4;3;7;13;21;-8;15;6;3;1;2;8;5;3;10;8;1;2;5;5;16;-11;5;Man Utd;14;7;4;3;20;19;1;25;7;4;2;1;11;6;5;14;7;3;2;2;9;13;-4;11;3.3;3.8;2.1;3;1;H
15;06/11/2022;Chelsea;14;6;4;4;18;17;1;22;6;3;3;0;10;5;5;12;8;3;1;4;8;12;-4;10;Arsenal;14;11;1;2;35;14;21;34;8;7;0;1;24;10;14;21;6;4;1;1;11;4;7;13;2.55;3.4;2.7;0;1;A
15;06/11/2022;Southampton;14;3;3;8;11;22;-11;12;7;1;3;3;7;10;-3;6;7;2;0;5;4;12;-8;6;Newcastle;14;7;6;1;29;11;18;27;7;4;3;0;16;5;11;15;7;3;3;1;13;6;7;12;4;3.6;1.9;1;4;A
15;06/11/2022;Tottenham;14;8;2;4;28;20;8;26;6;5;0;1;16;6;10;15;8;3;2;3;12;14;-2;11;Liverpool;14;5;5;4;25;15;10;20;8;5;2;1;20;7;13;17;6;0;3;3;5;8;-3;3;3.3;3.6;2.1;1;2;A
15;06/11/2022;West Ham;14;4;2;8;12;18;-6;14;7;3;1;3;9;11;-2;10;7;1;1;5;3;7;-4;4;Crystal Palace;14;4;5;5;14;18;-4;17;8;4;2;2;11;9;2;14;6;0;3;3;3;9;-6;3;1.9;3.4;4.2;1;2;A
16;12/11/2022;Bournemouth;15;3;4;8;15;34;-19;13;8;2;2;4;6;10;-4;8;7;1;2;4;9;24;-15;5;Everton;15;3;5;7;11;18;-7;14;7;2;2;3;6;6;0;8;8;1;3;4;5;12;-7;6;2.8;3.25;2.6;3;0;H
16;12/11/2022;Liverpool;15;6;5;4;27;16;11;23;8;5;2;1;20;7;13;17;7;1;3;3;7;9;-2;6;Southampton;15;3;3;9;12;26;-14;12;8;1;3;4;8;14;-6;6;7;2;0;5;4;12;-8;6;1.25;6.5;11;3;1;H
16;12/11/2022;Man City;15;12;2;1;46;15;31;38;8;8;0;0;33;9;24;24;7;4;2;1;13;6;7;14;Brentford;15;4;7;4;23;24;-1;19;7;3;3;1;13;7;6;12;8;1;4;3;10;17;-7;7;1.14;8;17;1;2;A
16;12/11/2022;Newcastle;15;8;6;1;33;12;21;30;7;4;3;0;16;5;11;15;8;4;3;1;17;7;10;15;Chelsea;15;6;4;5;18;18;0;22;7;3;3;1;10;6;4;12;8;3;1;4;8;12;-4;10;2.35;3.4;3;1;0;H
16;12/11/2022;Nottingham;15;2;4;9;11;32;-21;10;7;2;2;3;9;11;-2;8;8;0;2;6;2;21;-19;2;Crystal Palace;15;5;5;5;16;19;-3;20;8;4;2;2;11;9;2;14;7;1;3;3;5;10;-5;6;3.1;3.1;2.45;1;0;H
16;12/11/2022;Tottenham;15;8;2;5;29;22;7;26;7;5;0;2;17;8;9;15;8;3;2;3;12;14;-2;11;Leeds United;15;5;4;6;23;25;-2;19;8;4;2;2;14;10;4;14;7;1;2;4;9;15;-6;5;1.65;4.2;4.75;4;3;H
16;12/11/2022;West Ham;15;4;2;9;13;20;-7;14;8;3;1;4;10;13;-3;10;7;1;1;5;3;7;-4;4;Leicester;15;4;2;9;24;27;-3;14;8;2;2;4;10;8;2;8;7;2;0;5;14;19;-5;6;2.05;3.4;3.75;0;2;A
16;12/11/2022;Wolverhampton;15;2;4;9;8;24;-16;10;7;2;2;3;5;11;-6;8;8;0;2;6;3;13;-10;2;Arsenal;15;12;1;2;36;14;22;37;8;7;0;1;24;10;14;21;7;5;1;1;12;4;8;16;6;4.2;1.55;0;2;A
16;13/11/2022;Brighton;15;8;3;4;25;17;8;27;7;4;2;1;11;4;7;14;8;4;1;3;14;13;1;13;Aston Villa;15;5;3;7;16;22;-6;18;7;4;1;2;11;6;5;13;8;1;2;5;5;16;-11;5;1.83;3.75;4.2;1;2;A
16;13/11/2022;Fulham;15;6;4;5;25;25;0;22;8;4;3;1;15;12;3;15;7;2;1;4;10;13;-3;7;Man Utd;15;7;4;4;21;22;-1;25;7;4;2;1;11;6;5;14;8;3;2;3;10;16;-6;11;3.8;3.8;1.9;1;2;A
17;26/12/2022;Arsenal;16;13;1;2;38;14;24;40;8;7;0;1;24;10;14;21;8;6;1;1;14;4;10;19;West Ham;16;4;2;10;13;22;-9;14;9;3;1;5;10;15;-5;10;7;1;1;5;3;7;-4;4;1.5;4.33;6.5;3;1;H
17;26/12/2022;Aston Villa;16;6;3;7;18;23;-5;21;7;4;1;2;11;6;5;13;9;2;2;5;7;17;-10;8;Liverpool;16;7;5;4;30;17;13;26;9;6;2;1;23;8;15;20;7;1;3;3;7;9;-2;6;4.75;4;1.7;1;3;A
17;26/12/2022;Brentford;16;5;7;4;25;25;0;22;7;3;3;1;13;7;6;12;9;2;4;3;12;18;-6;10;Tottenham;16;9;2;5;33;25;8;29;8;6;0;2;21;11;10;18;8;3;2;3;12;14;-2;11;4;3.6;1.91;2;2;D
17;26/12/2022;Crystal Palace;16;5;5;6;16;20;-4;20;8;4;2;2;11;9;2;14;8;1;3;4;5;11;-6;6;Fulham;16;6;4;6;26;27;-1;22;9;4;3;2;16;14;2;15;7;2;1;4;10;13;-3;7;2.05;3.6;3.5;0;3;A
17;26/12/2022;Everton;16;3;5;8;11;21;-10;14;7;2;2;3;6;6;0;8;9;1;3;5;5;15;-10;6;Wolverhampton;16;2;4;10;8;26;-18;10;8;2;2;4;5;13;-8;8;8;0;2;6;3;13;-10;2;2.3;3.25;3.2;1;2;A
17;26/12/2022;Leicester;16;5;2;9;26;27;-1;17;8;2;2;4;10;8;2;8;8;3;0;5;16;19;-3;9;Newcastle;16;9;6;1;34;12;22;33;8;5;3;0;17;5;12;18;8;4;3;1;17;7;10;15;3.25;3.5;2.2;0;3;A
17;26/12/2022;Southampton;16;3;3;10;13;29;-16;12;8;1;3;4;8;14;-6;6;8;2;0;6;5;15;-10;6;Brighton;16;8;3;5;26;19;7;27;8;4;2;2;12;6;6;14;8;4;1;3;14;13;1;13;3.3;3.5;2.15;1;3;A
17;27/12/2022;Chelsea;16;6;4;6;18;19;-1;22;7;3;3;1;10;6;4;12;9;3;1;5;8;13;-5;10;Bournemouth;16;4;4;8;18;34;-16;16;9;3;2;4;9;10;-1;11;7;1;2;4;9;24;-15;5;1.3;5.5;10;2;0;H
17;27/12/2022;Man Utd;16;8;4;4;23;23;0;28;7;4;2;1;11;6;5;14;9;4;2;3;12;17;-5;14;Nottingham;16;3;4;9;12;32;-20;13;8;3;2;3;10;11;-1;11;8;0;2;6;2;21;-19;2;1.29;5.5;11;3;0;H
17;28/12/2022;Leeds United;16;5;4;7;26;29;-3;19;8;4;2;2;14;10;4;14;8;1;2;5;12;19;-7;5;Man City;16;12;2;2;47;17;30;38;9;8;0;1;34;11;23;24;7;4;2;1;13;6;7;14;9.5;6;1.29;1;3;A
18;30/12/2022;Liverpool;17;8;5;4;33;18;15;29;9;6;2;1;23;8;15;20;8;2;3;3;10;10;0;9;Leicester;17;5;2;10;26;30;-4;17;9;2;2;5;10;11;-1;8;8;3;0;5;16;19;-3;9;1.29;6;9.5;2;1;H
18;30/12/2022;West Ham;17;4;2;11;14;25;-11;14;9;3;1;5;10;15;-5;10;8;1;1;6;4;10;-6;4;Brentford;17;5;8;4;27;27;0;23;8;3;4;1;15;9;6;13;9;2;4;3;12;18;-6;10;2;3.6;3.6;0;2;A
18;31/12/2022;Bournemouth;17;4;4;9;18;36;-18;16;9;3;2;4;9;10;-1;11;8;1;2;5;9;26;-17;5;Crystal Palace;17;5;5;7;16;23;-7;20;9;4;2;3;11;12;-1;14;8;1;3;4;5;11;-6;6;2.8;3.3;2.5;0;2;A
18;31/12/2022;Brighton;17;9;3;5;29;20;9;30;8;4;2;2;12;6;6;14;9;5;1;3;17;14;3;16;Arsenal;17;14;1;2;41;15;26;43;9;8;0;1;27;11;16;24;8;6;1;1;14;4;10;19;3.4;3.5;2.1;2;4;A
18;31/12/2022;Fulham;17;7;4;6;29;27;2;25;9;4;3;2;16;14;2;15;8;3;1;4;13;13;0;10;Southampton;17;3;3;11;14;32;-18;12;9;1;3;5;9;17;-8;6;8;2;0;6;5;15;-10;6;1.95;3.6;3.75;2;1;H
18;31/12/2022;Man City;17;13;2;2;50;18;32;41;9;8;0;1;34;11;23;24;8;5;2;1;16;7;9;17;Everton;17;3;5;9;12;23;-11;14;8;2;2;4;7;8;-1;8;9;1;3;5;5;15;-10;6;1.13;9;19;1;1;D
18;31/12/2022;Newcastle;17;10;6;1;37;12;25;36;8;5;3;0;17;5;12;18;9;5;3;1;20;7;13;18;Leeds United;17;5;4;8;27;32;-5;19;9;4;2;3;15;13;2;14;8;1;2;5;12;19;-7;5;1.45;4.5;7;0;0;D
18;31/12/2022;Wolverhampton;17;3;4;10;10;27;-17;13;8;2;2;4;5;13;-8;8;9;1;2;6;5;14;-9;5;Man Utd;17;9;4;4;26;23;3;31;8;5;2;1;14;6;8;17;9;4;2;3;12;17;-5;14;4;3.6;1.91;0;1;A
18;01/01/2023;Nottingham;17;3;4;10;12;35;-23;13;8;3;2;3;10;11;-1;11;9;0;2;7;2;24;-22;2;Chelsea;17;7;4;6;20;19;1;25;8;4;3;1;12;6;6;15;9;3;1;5;8;13;-5;10;5;3.8;1.7;1;1;D
18;01/01/2023;Tottenham;17;9;3;5;35;27;8;30;8;6;0;2;21;11;10;18;9;3;3;3;14;16;-2;12;Aston Villa;17;6;3;8;19;26;-7;21;8;4;1;3;12;9;3;13;9;2;2;5;7;17;-10;8;1.67;4;5;0;2;A
19;02/01/2023;Brentford;18;6;8;4;29;27;2;26;8;3;4;1;15;9;6;13;10;3;4;3;14;18;-4;13;Liverpool;18;9;5;4;35;19;16;32;10;7;2;1;25;9;16;23;8;2;3;3;10;10;0;9;5.5;4.33;1.55;3;1;H
19;03/01/2023;Arsenal;18;15;1;2;45;17;28;46;9;8;0;1;27;11;16;24;9;7;1;1;18;6;12;22;Newcastle;18;10;7;1;37;12;25;37;9;5;4;0;17;5;12;19;9;5;3;1;20;7;13;18;1.8;3.8;4.33;0;0;D
19;03/01/2023;Everton;18;3;6;9;13;24;-11;15;8;2;2;4;7;8;-1;8;10;1;4;5;6;16;-10;7;Brighton;18;9;3;6;31;24;7;30;9;4;2;3;14;10;4;14;9;5;1;3;17;14;3;16;3.5;3.5;2.1;1;4;A
19;03/01/2023;Leicester;18;5;2;11;27;32;-5;17;9;2;2;5;10;11;-1;8;9;3;0;6;17;21;-4;9;Fulham;18;8;4;6;31;28;3;28;10;5;3;2;18;15;3;18;8;3;1;4;13;13;0;10;2.2;3.6;3.1;0;1;A
19;03/01/2023;Man Utd;18;10;4;4;27;23;4;34;8;5;2;1;14;6;8;17;10;5;2;3;13;17;-4;17;Bournemouth;18;4;4;10;18;38;-20;16;10;3;2;5;9;12;-3;11;8;1;2;5;9;26;-17;5;1.29;5.5;11;3;0;H
19;04/01/2023;Aston Villa;18;7;3;8;21;26;-5;24;8;4;1;3;12;9;3;13;10;3;2;5;9;17;-8;11;Wolverhampton;18;3;4;11;10;28;-18;13;9;2;2;5;5;14;-9;8;9;1;2;6;5;14;-9;5;1.95;3.6;4;1;1;D
19;04/01/2023;Crystal Palace;18;6;5;7;18;23;-5;23;9;4;2;3;11;12;-1;14;9;2;3;4;7;11;-4;9;Tottenham;18;9;3;6;35;29;6;30;9;6;0;3;21;13;8;18;9;3;3;3;14;16;-2;12;3.4;3.5;2.15;0;4;A
19;04/01/2023;Leeds United;18;5;5;8;27;32;-5;20;9;4;2;3;15;13;2;14;9;1;3;5;12;19;-7;6;West Ham;18;4;2;12;14;27;-13;14;10;3;1;6;10;17;-7;10;8;1;1;6;4;10;-6;4;2.6;3.5;2.6;2;2;D
19;04/01/2023;Southampton;18;3;3;12;15;34;-19;12;9;1;3;5;9;17;-8;6;9;2;0;7;6;17;-11;6;Nottingham;18;3;5;10;13;36;-23;14;9;3;3;3;11;12;-1;12;9;0;2;7;2;24;-22;2;2;3.5;3.8;0;1;A
19;05/01/2023;Chelsea;18;7;5;6;21;20;1;26;8;4;3;1;12;6;6;15;10;3;2;5;9;14;-5;11;Man City;18;13;3;2;51;19;32;42;10;8;1;1;35;12;23;25;8;5;2;1;16;7;9;17;5;4;1.67;0;1;A
20;13/01/2023;Aston Villa;19;7;4;8;22;27;-5;25;9;4;2;3;13;10;3;14;10;3;2;5;9;17;-8;11;Leeds United;19;5;6;8;29;34;-5;21;10;4;3;3;17;15;2;15;9;1;3;5;12;19;-7;6;1.91;3.6;4;2;1;H
20;14/01/2023;Brentford;19;7;8;4;32;28;4;29;9;4;4;1;18;10;8;16;10;3;4;3;14;18;-4;13;Bournemouth;19;4;4;11;18;41;-23;16;10;3;2;5;9;12;-3;11;9;1;2;6;9;29;-20;5;1.65;4;5.25;2;0;H
20;14/01/2023;Brighton;19;10;3;6;35;25;10;33;9;4;2;3;14;10;4;14;10;6;1;3;21;15;6;19;Liverpool;19;9;5;5;36;22;14;32;10;7;2;1;25;9;16;23;9;2;3;4;11;13;-2;9;3.4;3.6;2.1;3;0;H
20;14/01/2023;Everton;19;3;6;10;14;28;-14;15;9;2;2;5;8;12;-4;8;10;1;4;5;6;16;-10;7;Southampton;19;3;3;13;15;35;-20;12;10;1;3;6;9;18;-9;6;9;2;0;7;6;17;-11;6;2.25;3.25;3.3;1;2;A
20;14/01/2023;Man Utd;19;11;4;4;30;23;7;37;9;6;2;1;17;6;11;20;10;5;2;3;13;17;-4;17;Man City;19;14;3;2;52;19;33;45;10;8;1;1;35;12;23;25;9;6;2;1;17;7;10;20;4.2;3.6;1.85;2;1;H
20;14/01/2023;Nottingham;19;4;5;10;14;36;-22;17;9;3;3;3;11;12;-1;12;10;1;2;7;3;24;-21;5;Leicester;19;5;2;12;27;33;-6;17;10;2;2;6;10;12;-2;8;9;3;0;6;17;21;-4;9;2.7;3.3;2.63;2;0;H
20;14/01/2023;Wolverhampton;19;3;5;11;11;29;-18;14;9;2;2;5;5;14;-9;8;10;1;3;6;6;15;-9;6;West Ham;19;4;3;12;16;29;-13;15;10;3;1;6;10;17;-7;10;9;1;2;6;6;12;-6;5;2.63;3.3;2.7;1;0;H
20;15/01/2023;Chelsea;19;7;5;7;21;21;0;26;9;4;3;2;12;7;5;15;10;3;2;5;9;14;-5;11;Crystal Palace;19;6;5;8;18;27;-9;23;10;4;2;4;11;16;-5;14;9;2;3;4;7;11;-4;9;1.62;4;5.25;1;0;H
20;15/01/2023;Newcastle;19;10;8;1;37;12;25;38;9;5;4;0;17;5;12;19;10;5;4;1;20;7;13;19;Fulham;19;9;4;6;32;28;4;31;10;5;3;2;18;15;3;18;9;4;1;4;14;13;1;13;1.5;4.33;6.5;1;0;H
20;15/01/2023;Tottenham;19;10;3;6;39;29;10;33;9;6;0;3;21;13;8;18;10;4;3;3;18;16;2;15;Arsenal;19;15;2;2;45;17;28;47;10;8;1;1;27;11;16;25;9;7;1;1;18;6;12;22;3.1;3.6;2.2;0;2;A
21;21/01/2023;Bournemouth;20;4;4;12;18;43;-25;16;10;3;2;5;9;12;-3;11;10;1;2;7;9;31;-22;5;Nottingham;20;5;5;10;16;36;-20;20;10;4;3;3;13;12;1;15;10;1;2;7;3;24;-21;5;2.75;3.1;2.75;1;1;D
21;21/01/2023;Crystal Palace;20;6;5;9;18;28;-10;23;10;4;2;4;11;16;-5;14;10;2;3;5;7;12;-5;9;Newcastle;20;11;8;1;38;12;26;41;10;6;4;0;18;5;13;22;10;5;4;1;20;7;13;19;4.4;3.5;1.85;0;0;D
21;21/01/2023;Leicester;20;5;2;13;27;35;-8;17;10;2;2;6;10;12;-2;8;10;3;0;7;17;23;-6;9;Brighton;20;11;3;6;38;25;13;36;10;5;2;3;17;10;7;17;10;6;1;3;21;15;6;19;3.6;3.5;2.05;2;2;D
21;21/01/2023;Liverpool;20;9;5;6;36;25;11;32;10;7;2;1;25;9;16;23;10;2;3;5;11;16;-5;9;Chelsea;20;8;5;7;22;21;1;29;10;5;3;2;13;7;6;18;10;3;2;5;9;14;-5;11;1.85;3.75;4;0;0;D
21;21/01/2023;Southampton;20;4;3;13;17;36;-19;15;10;1;3;6;9;18;-9;6;10;3;0;7;8;18;-10;9;Aston Villa;20;8;4;8;24;28;-4;28;10;5;2;3;15;11;4;17;10;3;2;5;9;17;-8;11;2.88;3.25;2.55;0;1;A
21;21/01/2023;West Ham;20;4;3;13;16;30;-14;15;10;3;1;6;10;17;-7;10;10;1;2;7;6;13;-7;5;Everton;20;3;6;11;15;30;-15;15;10;2;2;6;9;14;-5;8;10;1;4;5;6;16;-10;7;1.8;3.75;4.75;2;0;H
21;22/01/2023;Arsenal;20;16;2;2;47;17;30;50;10;8;1;1;27;11;16;25;10;8;1;1;20;6;14;25;Man Utd;20;12;4;4;32;24;8;40;10;7;2;1;19;7;12;23;10;5;2;3;13;17;-4;17;1.8;3.8;4.2;3;2;H
21;22/01/2023;Leeds United;20;5;6;9;30;36;-6;21;10;4;3;3;17;15;2;15;10;1;3;6;13;21;-8;6;Brentford;20;8;8;4;34;28;6;32;10;5;4;1;20;10;10;19;10;3;4;3;14;18;-4;13;2.38;3.6;2.88;0;0;D
21;22/01/2023;Man City;20;14;3;3;53;21;32;45;10;8;1;1;35;12;23;25;10;6;2;2;18;9;9;20;Wolverhampton;20;4;5;11;12;29;-17;17;10;3;2;5;6;14;-8;11;10;1;3;6;6;15;-9;6;1.2;8;11;3;0;H
21;23/01/2023;Fulham;20;9;4;7;32;29;3;31;10;5;3;2;18;15;3;18;10;4;1;5;14;14;0;13;Tottenham;20;10;3;7;39;31;8;33;10;6;0;4;21;15;6;18;10;4;3;3;18;16;2;15;3.3;3.6;2.1;0;1;A
22;03/02/2023;Chelsea;21;8;6;7;22;21;1;30;10;5;3;2;13;7;6;18;11;3;3;5;9;14;-5;12;Fulham;21;9;4;8;32;30;2;31;11;5;3;3;18;16;2;18;10;4;1;5;14;14;0;13;1.62;4;5.25;0;0;D
22;04/02/2023;Aston Villa;21;9;4;8;25;28;-3;31;10;5;2;3;15;11;4;17;11;4;2;5;10;17;-7;14;Leicester;21;5;3;13;29;37;-8;18;11;2;3;6;12;14;-2;9;10;3;0;7;17;23;-6;9;1.95;3.6;3.8;2;4;A
22;04/02/2023;Brentford;21;8;9;4;34;28;6;33;10;5;4;1;20;10;10;19;11;3;5;3;14;18;-4;14;Southampton;21;4;3;14;17;37;-20;15;11;1;3;7;9;19;-10;6;10;3;0;7;8;18;-10;9;1.85;3.6;4.2;3;0;H
22;04/02/2023;Brighton;21;11;4;6;40;27;13;37;10;5;2;3;17;10;7;17;11;6;2;3;23;17;6;20;Bournemouth;21;4;5;12;19;44;-25;17;11;3;3;5;10;13;-3;12;10;1;2;7;9;31;-22;5;1.33;5.25;8.5;1;0;H
22;04/02/2023;Everton;21;3;6;12;15;32;-17;15;10;2;2;6;9;14;-5;8;11;1;4;6;6;18;-12;7;Arsenal;21;17;2;2;50;19;31;53;11;9;1;1;30;13;17;28;10;8;1;1;20;6;14;25;8.5;4.5;1.4;1;0;H
22;04/02/2023;Man Utd;21;12;4;5;34;27;7;40;10;7;2;1;19;7;12;23;11;5;2;4;15;20;-5;17;Crystal Palace;21;6;6;9;18;28;-10;24;11;4;3;4;11;16;-5;15;10;2;3;5;7;12;-5;9;1.4;4.75;8;2;1;H
22;04/02/2023;Newcastle;21;11;9;1;38;12;26;42;10;6;4;0;18;5;13;22;11;5;5;1;20;7;13;20;West Ham;21;5;3;13;18;30;-12;18;11;4;1;6;12;17;-5;13;10;1;2;7;6;13;-7;5;1.6;3.8;6;1;1;D
22;04/02/2023;Wolverhampton;21;4;5;12;12;32;-20;17;10;3;2;5;6;14;-8;11;11;1;3;7;6;18;-12;6;Liverpool;21;9;6;6;36;25;11;33;11;7;3;1;25;9;16;24;10;2;3;5;11;16;-5;9;4;3.8;1.85;3;0;H
22;05/02/2023;Nottingham;21;5;6;10;17;37;-20;21;10;4;3;3;13;12;1;15;11;1;3;7;4;25;-21;6;Leeds United;21;5;7;9;30;36;-6;22;11;4;4;3;17;15;2;16;10;1;3;6;13;21;-8;6;2.63;3.3;2.7;1;0;H
22;05/02/2023;Tottenham;21;11;3;7;40;31;9;36;10;6;0;4;21;15;6;18;11;5;3;3;19;16;3;18;Man City;21;15;3;3;56;21;35;48;11;9;1;1;38;12;26;28;10;6;2;2;18;9;9;20;4.33;4.2;1.73;1;0;H
23;11/02/2023;Arsenal;22;17;2;3;50;20;30;53;11;9;1;1;30;13;17;28;11;8;1;2;20;7;13;25;Brentford;22;9;9;4;37;28;9;36;11;6;4;1;23;10;13;22;11;3;5;3;14;18;-4;14;1.44;4.75;7;1;1;D
23;11/02/2023;Bournemouth;22;4;5;13;19;45;-26;17;11;3;3;5;10;13;-3;12;11;1;2;8;9;32;-23;5;Newcastle;22;11;10;1;39;13;26;43;11;6;5;0;19;6;13;23;11;5;5;1;20;7;13;20;6.5;4;1.53;1;1;D
23;11/02/2023;Crystal Palace;22;6;6;10;19;30;-11;24;11;4;3;4;11;16;-5;15;11;2;3;6;8;14;-6;9;Brighton;22;12;4;6;41;27;14;40;11;6;2;3;18;10;8;20;11;6;2;3;23;17;6;20;3.8;3.5;2;1;1;D
23;11/02/2023;Fulham;22;9;5;8;32;30;2;32;11;5;3;3;18;16;2;18;11;4;2;5;14;14;0;14;Nottingham;22;6;6;10;18;37;-19;24;11;5;3;3;14;12;2;18;11;1;3;7;4;25;-21;6;1.91;3.5;4.33;2;0;H
23;11/02/2023;Leicester;22;6;3;13;33;39;-6;21;11;2;3;6;12;14;-2;9;11;4;0;7;21;25;-4;12;Tottenham;22;12;3;7;41;31;10;39;11;7;0;4;22;15;7;21;11;5;3;3;19;16;3;18;3.4;3.6;2.1;4;1;H
23;11/02/2023;Southampton;22;4;3;15;17;40;-23;15;11;1;3;7;9;19;-10;6;11;3;0;8;8;21;-13;9;Wolverhampton;22;5;5;12;15;32;-17;20;11;4;2;5;9;14;-5;14;11;1;3;7;6;18;-12;6;2.9;3.2;2.55;1;2;A
23;11/02/2023;West Ham;22;5;4;13;19;31;-12;19;11;4;1;6;12;17;-5;13;11;1;3;7;7;14;-7;6;Chelsea;22;8;7;7;22;21;1;31;11;5;4;2;13;7;6;19;11;3;3;5;9;14;-5;12;3.3;3.3;2.25;1;1;D
23;12/02/2023;Leeds United;22;5;7;10;30;37;-7;22;11;4;4;3;17;15;2;16;11;1;3;7;13;22;-9;6;Man Utd;22;13;4;5;36;28;8;43;11;8;2;1;21;8;13;26;11;5;2;4;15;20;-5;17;3.75;3.8;1.91;0;2;A
23;12/02/2023;Man City;22;15;3;4;56;22;34;48;11;9;1;1;38;12;26;28;11;6;2;3;18;10;8;20;Aston Villa;22;9;4;9;27;32;-5;31;11;5;2;4;17;15;2;17;11;4;2;5;10;17;-7;14;1.25;6.5;11;3;1;H
23;13/02/2023;Liverpool;22;9;6;7;36;28;8;33;11;7;3;1;25;9;16;24;11;2;3;6;11;19;-8;9;Everton;22;4;6;12;16;32;-16;18;11;3;2;6;10;14;-4;11;11;1;4;6;6;18;-12;7;1.5;4.33;6.5;2;0;H
24;18/02/2023;Aston Villa;23;9;4;10;28;35;-7;31;11;5;2;4;17;15;2;17;12;4;2;6;11;20;-9;14;Arsenal;23;17;3;3;51;21;30;54;12;9;2;1;31;14;17;29;11;8;1;2;20;7;13;25;4.5;3.6;1.5;2;4;A
24;18/02/2023;Brentford;23;9;10;4;38;29;9;37;11;6;4;1;23;10;13;22;12;3;6;3;15;19;-4;15;Crystal Palace;23;6;7;10;20;31;-11;25;12;4;4;4;12;17;-5;16;11;2;3;6;8;14;-6;9;1.83;3.5;4.5;1;1;D
24;18/02/2023;Brighton;23;12;5;6;42;28;14;41;11;6;2;3;18;10;8;20;12;6;3;3;24;18;6;21;Fulham;23;10;5;8;34;30;4;35;12;6;3;3;20;16;4;21;11;4;2;5;14;14;0;14;1.65;3.8;5.5;0;1;A
24;18/02/2023;Chelsea;23;8;8;7;23;22;1;32;11;5;4;2;13;7;6;19;12;3;4;5;10;15;-5;13;Southampton;23;4;3;16;18;42;-24;15;12;1;3;8;10;21;-11;6;11;3;0;8;8;21;-13;9;1.4;4.75;8.5;0;1;A
24;18/02/2023;Everton;23;4;6;13;16;34;-18;18;11;3;2;6;10;14;-4;11;12;1;4;7;6;20;-14;7;Leeds United;23;5;7;11;30;39;-9;22;12;4;4;4;17;17;0;16;11;1;3;7;13;22;-9;6;2.4;3.3;3;1;0;H
24;18/02/2023;Newcastle;23;11;11;1;40;14;26;44;11;6;5;0;19;6;13;23;12;5;6;1;21;8;13;21;Liverpool;23;10;6;7;38;28;10;36;12;8;3;1;27;9;18;27;11;2;3;6;11;19;-8;9;2.5;3.5;2.7;0;2;A
24;18/02/2023;Nottingham;23;6;6;11;18;39;-21;24;11;5;3;3;14;12;2;18;12;1;3;8;4;27;-23;6;Man City;23;16;3;4;59;23;36;51;12;10;1;1;41;13;28;31;11;6;2;3;18;10;8;20;8.5;5.5;1.3;1;1;D
24;18/02/2023;Wolverhampton;23;6;5;12;17;33;-16;23;11;4;2;5;9;14;-5;14;12;2;3;7;8;19;-11;9;Bournemouth;23;4;6;13;20;46;-26;18;12;3;4;5;11;14;-3;13;11;1;2;8;9;32;-23;5;1.67;3.6;6;0;1;A
24;19/02/2023;Man Utd;23;14;4;5;38;28;10;46;11;8;2;1;21;8;13;26;12;6;2;4;17;20;-3;20;Leicester;23;7;3;13;37;40;-3;24;12;3;3;6;16;15;1;12;11;4;0;7;21;25;-4;12;1.62;4.33;5.25;3;0;H
24;19/02/2023;Tottenham;23;12;3;8;42;35;7;39;11;7;0;4;22;15;7;21;12;5;3;4;20;20;0;18;West Ham;23;5;5;13;20;32;-12;20;12;4;2;6;13;18;-5;14;11;1;3;7;7;14;-7;6;1.75;3.6;4.75;2;0;H
25;24/02/2023;Fulham;24;11;5;8;35;30;5;38;12;6;3;3;20;16;4;21;12;5;2;5;15;14;1;17;Wolverhampton;24;6;5;13;17;34;-17;23;12;4;2;6;9;15;-6;14;12;2;3;7;8;19;-11;9;2.5;3.2;3;1;1;D
25;25/02/2023;Bournemouth;24;5;6;13;21;46;-25;21;12;3;4;5;11;14;-3;13;12;2;2;8;10;32;-22;8;Man City;24;16;4;4;60;24;36;52;12;10;1;1;41;13;28;31;12;6;3;3;19;11;8;21;10;5.75;1.29;1;4;A
25;25/02/2023;Crystal Palace;24;6;8;10;21;32;-11;26;12;4;4;4;12;17;-5;16;12;2;4;6;9;15;-6;10;Liverpool;24;11;6;7;40;28;12;39;12;8;3;1;27;9;18;27;12;3;3;6;13;19;-6;12;4.75;3.8;1.73;0;0;D
25;25/02/2023;Everton;24;5;6;13;17;34;-17;21;12;4;2;6;11;14;-3;14;12;1;4;7;6;20;-14;7;Aston Villa;24;9;4;11;30;39;-9;31;12;5;2;5;19;19;0;17;12;4;2;6;11;20;-9;14;2.5;3.2;3;0;2;A
25;25/02/2023;Leeds United;24;5;7;12;30;40;-10;22;12;4;4;4;17;17;0;16;12;1;3;8;13;23;-10;6;Southampton;24;5;3;16;19;42;-23;18;12;1;3;8;10;21;-11;6;12;4;0;8;9;21;-12;12;1.95;3.5;4;1;0;H
25;25/02/2023;Leicester;24;7;3;14;37;43;-6;24;12;3;3;6;16;15;1;12;12;4;0;8;21;28;-7;12;Arsenal;24;18;3;3;55;23;32;57;12;9;2;1;31;14;17;29;12;9;1;2;24;9;15;28;4.75;4;1.7;0;1;A
25;25/02/2023;West Ham;24;5;5;14;20;34;-14;20;12;4;2;6;13;18;-5;14;12;1;3;8;7;16;-9;6;Nottingham;24;6;7;11;19;40;-21;25;12;5;4;3;15;13;2;19;12;1;3;8;4;27;-23;6;1.75;3.6;5;4;0;H
25;26/02/2023;Tottenham;24;13;3;8;44;35;9;42;12;8;0;4;24;15;9;24;12;5;3;4;20;20;0;18;Chelsea;24;8;8;8;23;23;0;32;12;5;4;3;13;8;5;19;12;3;4;5;10;15;-5;13;2.55;3.25;2.9;2;0;H
26;04/03/2023;Arsenal;25;19;3;3;56;23;33;60;12;9;2;1;31;14;17;29;13;10;1;2;25;9;16;31;Bournemouth;25;5;6;14;22;50;-28;21;13;3;4;6;12;18;-6;13;12;2;2;8;10;32;-22;8;1.22;7;12;3;2;H
26;04/03/2023;Aston Villa;25;10;4;11;32;39;-7;34;12;5;2;5;19;19;0;17;13;5;2;6;13;20;-7;17;Crystal Palace;25;6;9;10;21;32;-11;27;13;4;5;4;12;17;-5;17;12;2;4;6;9;15;-6;10;2.05;3.3;3.8;1;0;H
26;04/03/2023;Brighton;25;12;5;8;43;33;10;41;12;6;2;4;18;11;7;20;13;6;3;4;25;22;3;21;West Ham;25;6;5;14;24;34;-10;23;13;5;2;6;17;18;-1;17;12;1;3;8;7;16;-9;6;1.8;3.6;4.5;4;0;H
26;04/03/2023;Chelsea;25;8;8;9;23;25;-2;32;12;5;4;3;13;8;5;19;13;3;4;6;10;17;-7;13;Leeds United;25;6;7;12;31;40;-9;25;13;5;4;4;18;17;1;19;12;1;3;8;13;23;-10;6;1.62;4;5.5;1;0;H
26;04/03/2023;Man City;25;17;4;4;64;25;39;55;12;10;1;1;41;13;28;31;13;7;3;3;23;12;11;24;Newcastle;25;12;11;2;44;17;27;47;13;7;5;1;23;9;14;26;12;5;6;1;21;8;13;21;1.45;4.5;7;2;0;H
26;04/03/2023;Southampton;25;5;3;17;19;43;-24;18;12;1;3;8;10;21;-11;6;13;4;0;9;9;22;-13;12;Leicester;25;7;3;15;37;44;-7;24;13;3;3;7;16;16;0;12;12;4;0;8;21;28;-7;12;2.75;3.3;2.6;1;0;H
26;04/03/2023;Wolverhampton;25;6;6;13;18;35;-17;24;12;4;2;6;9;15;-6;14;13;2;4;7;9;20;-11;10;Tottenham;25;14;3;8;46;35;11;45;13;9;0;4;26;15;11;27;12;5;3;4;20;20;0;18;3.3;3.4;2.2;1;0;H
26;05/03/2023;Liverpool;25;11;7;7;40;28;12;40;12;8;3;1;27;9;18;27;13;3;4;6;13;19;-6;13;Man Utd;25;16;4;5;42;28;14;52;13;10;2;1;25;8;17;32;12;6;2;4;17;20;-3;20;2.38;3.6;2.88;7;0;H
26;05/03/2023;Nottingham;25;6;7;12;19;44;-25;25;12;5;4;3;15;13;2;19;13;1;3;9;4;31;-27;6;Everton;25;5;6;14;17;36;-19;21;13;4;2;7;11;16;-5;14;12;1;4;7;6;20;-14;7;2.7;3;2.88;2;2;D
26;06/03/2023;Brentford;25;9;11;5;39;31;8;38;12;6;5;1;24;11;13;23;13;3;6;4;15;20;-5;15;Fulham;25;11;6;8;36;31;5;39;13;6;4;3;21;17;4;22;12;5;2;5;15;14;1;17;1.95;3.6;3.75;3;2;H
27;11/03/2023;Bournemouth;26;5;6;15;24;53;-29;21;13;3;4;6;12;18;-6;13;13;2;2;9;12;35;-23;8;Liverpool;26;12;7;7;47;28;19;43;13;9;3;1;34;9;25;30;13;3;4;6;13;19;-6;13;7.5;5;1.4;1;0;H
27;11/03/2023;Crystal Palace;26;6;9;11;21;33;-12;27;13;4;5;4;12;17;-5;17;13;2;4;7;9;16;-7;10;Man City;26;18;4;4;66;25;41;58;13;11;1;1;43;13;30;34;13;7;3;3;23;12;11;24;9;4.75;1.36;0;1;A
27;11/03/2023;Everton;26;5;7;14;19;38;-19;22;13;4;2;7;11;16;-5;14;13;1;5;7;8;22;-14;8;Brentford;26;10;11;5;42;33;9;41;13;7;5;1;27;13;14;26;13;3;6;4;15;20;-5;15;2.7;3.25;2.7;1;0;H
27;11/03/2023;Leeds United;26;6;7;13;31;41;-10;25;13;5;4;4;18;17;1;19;13;1;3;9;13;24;-11;6;Brighton;26;13;5;8;47;33;14;44;13;7;2;4;22;11;11;23;13;6;3;4;25;22;3;21;3.75;3.6;1.95;2;2;D
27;11/03/2023;Leicester;26;7;3;16;37;45;-8;24;13;3;3;7;16;16;0;12;13;4;0;9;21;29;-8;12;Chelsea;26;9;8;9;24;25;-1;35;13;6;4;3;14;8;6;22;13;3;4;6;10;17;-7;13;3.75;3.5;1.95;1;3;A
27;11/03/2023;Tottenham;26;14;3;9;46;36;10;45;13;9;0;4;26;15;11;27;13;5;3;5;20;21;-1;18;Nottingham;26;6;8;12;21;46;-25;26;13;5;5;3;17;15;2;20;13;1;3;9;4;31;-27;6;1.44;4.75;7;3;1;H
27;12/03/2023;Fulham;26;11;6;9;38;34;4;39;13;6;4;3;21;17;4;22;13;5;2;6;17;17;0;17;Arsenal;26;20;3;3;59;25;34;63;13;10;2;1;34;16;18;32;13;10;1;2;25;9;16;31;6;4;1.57;0;3;A
27;12/03/2023;Man Utd;26;16;4;6;42;35;7;52;13;10;2;1;25;8;17;32;13;6;2;5;17;27;-10;20;Southampton;26;6;3;17;20;43;-23;21;13;2;3;8;11;21;-10;9;13;4;0;9;9;22;-13;12;1.36;5;9;0;0;D
27;12/03/2023;Newcastle;26;12;11;3;44;19;25;47;13;7;5;1;23;9;14;26;13;5;6;2;21;10;11;21;Wolverhampton;26;7;6;13;19;35;-16;27;13;5;2;6;10;15;-5;17;13;2;4;7;9;20;-11;10;1.65;3.75;5.5;2;1;H
27;12/03/2023;West Ham;26;6;5;15;24;38;-14;23;13;5;2;6;17;18;-1;17;13;1;3;9;7;20;-13;6;Aston Villa;26;11;4;11;33;39;-6;37;13;6;2;5;20;19;1;20;13;5;2;6;13;20;-7;17;2.2;3.3;3.4;1;1;D
28;17/03/2023;Nottingham;27;6;8;13;22;49;-27;26;13;5;5;3;17;15;2;20;14;1;3;10;5;34;-29;6;Newcastle;27;13;11;3;46;20;26;50;14;8;5;1;25;10;15;29;13;5;6;2;21;10;11;21;5.5;3.8;1.62;1;2;A
28;18/03/2023;Aston Villa;27;11;5;11;34;40;-6;38;13;6;2;5;20;19;1;20;14;5;3;6;14;21;-7;18;Bournemouth;27;6;6;15;25;53;-28;24;14;4;4;6;13;18;-5;16;13;2;2;9;12;35;-23;8;1.7;3.8;5;3;0;H
28;18/03/2023;Brentford;27;10;11;6;42;34;8;41;13;7;5;1;27;13;14;26;14;3;6;5;15;21;-6;15;Leicester;27;7;3;17;38;48;-10;24;14;3;3;8;17;19;-2;12;13;4;0;9;21;29;-8;12;1.91;3.6;3.75;1;1;D
28;18/03/2023;Chelsea;27;10;8;9;27;26;1;38;13;6;4;3;14;8;6;22;14;4;4;6;13;18;-5;16;Everton;27;6;7;14;20;38;-18;25;14;5;2;7;12;16;-4;17;13;1;5;7;8;22;-14;8;1.5;4.2;7.5;2;2;D
28;18/03/2023;Southampton;27;6;4;17;20;43;-23;22;13;2;3;8;11;21;-10;9;14;4;1;9;9;22;-13;13;Tottenham;27;15;3;9;49;37;12;48;14;10;0;4;29;16;13;30;13;5;3;5;20;21;-1;18;4.75;3.6;1.75;3;3;D
28;18/03/2023;Wolverhampton;27;7;6;14;20;37;-17;27;13;5;2;6;10;15;-5;17;14;2;4;8;10;22;-12;10;Leeds United;27;6;8;13;33;43;-10;26;14;5;5;4;20;19;1;20;13;1;3;9;13;24;-11;6;2.25;3.2;3.3;2;4;A
28;19/03/2023;Arsenal;27;21;3;3;62;25;37;66;13;10;2;1;34;16;18;32;14;11;1;2;28;9;19;34;Crystal Palace;27;6;9;12;21;34;-13;27;14;4;5;5;12;18;-6;17;13;2;4;7;9;16;-7;10;1.25;5.5;15;4;1;H
29;01/04/2023;Arsenal;28;22;3;3;66;26;40;69;14;11;2;1;38;17;21;35;14;11;1;2;28;9;19;34;Leeds United;28;7;8;13;37;45;-8;29;14;5;5;4;20;19;1;20;14;2;3;9;17;26;-9;9;1.29;6;9;4;1;H
29;01/04/2023;Bournemouth;28;6;6;16;25;56;-31;24;14;4;4;6;13;18;-5;16;14;2;2;10;12;38;-26;8;Fulham;28;11;6;11;38;38;0;39;14;6;4;4;21;20;1;22;14;5;2;7;17;18;-1;17;2.55;3.3;2.8;2;1;H
29;01/04/2023;Brighton;28;14;6;8;50;35;15;48;14;8;2;4;23;11;12;26;14;6;4;4;27;24;3;22;Brentford;28;10;12;6;43;35;8;42;14;7;6;1;28;14;14;27;14;3;6;5;15;21;-6;15;1.67;4;5;3;3;D
29;01/04/2023;Chelsea;28;10;9;9;29;28;1;39;14;6;5;3;16;10;6;23;14;4;4;6;13;18;-5;16;Aston Villa;28;12;5;11;37;40;-3;41;14;7;2;5;23;19;4;23;14;5;3;6;14;21;-7;18;1.67;3.8;5.25;0;2;A
29;01/04/2023;Crystal Palace;28;6;9;13;22;38;-16;27;14;4;5;5;12;18;-6;17;14;2;4;8;10;20;-10;10;Leicester;28;7;4;17;39;49;-10;25;14;3;3;8;17;19;-2;12;14;4;1;9;22;30;-8;13;2.5;3.25;2.9;2;1;H
29;01/04/2023;Man City;28;20;4;4;70;25;45;64;14;12;1;1;46;13;33;37;14;8;3;3;24;12;12;27;Liverpool;28;13;7;8;48;29;19;46;14;10;3;1;35;9;26;33;14;3;4;7;13;20;-7;13;1.62;4.2;5;4;1;H
29;01/04/2023;Nottingham;28;6;8;14;23;51;-28;26;14;5;5;4;18;17;1;20;14;1;3;10;5;34;-29;6;Wolverhampton;28;7;6;15;22;41;-19;27;14;5;2;7;12;19;-7;17;14;2;4;8;10;22;-12;10;3;3.1;2.55;1;1;D
29;02/04/2023;Newcastle;28;14;11;3;48;21;27;53;14;8;5;1;25;10;15;29;14;6;6;2;23;11;12;24;Man Utd;28;16;5;7;42;36;6;53;14;10;3;1;25;8;17;33;14;6;2;6;17;28;-11;20;2.4;3.4;2.9;2;0;H
29;02/04/2023;West Ham;28;6;6;16;25;42;-17;24;14;5;3;6;18;19;-1;18;14;1;3;10;7;23;-16;6;Southampton;28;6;5;17;23;46;-23;23;14;2;4;8;14;24;-10;10;14;4;1;9;9;22;-13;13;1.73;3.6;5;1;0;H
29;03/04/2023;Everton;28;6;8;14;22;40;-18;26;14;5;2;7;12;16;-4;17;14;1;6;7;10;24;-14;9;Tottenham;28;15;4;9;52;40;12;49;14;10;0;4;29;16;13;30;14;5;4;5;23;24;-1;19;3.4;3.3;2.2;1;1;D
30;08/04/2023;Aston Villa;29;13;5;11;39;40;-1;44;14;7;2;5;23;19;4;23;15;6;3;6;16;21;-5;21;Nottingham;29;6;9;14;24;52;-28;27;15;5;6;4;19;18;1;21;14;1;3;10;5;34;-29;6;1.6;4.2;5.25;2;0;H
30;08/04/2023;Brentford;29;10;13;6;46;38;8;43;14;7;6;1;28;14;14;27;15;3;7;5;18;24;-6;16;Newcastle;29;15;11;3;50;21;29;56;15;9;5;1;27;10;17;32;14;6;6;2;23;11;12;24;3.6;3.4;2.05;1;2;A
30;08/04/2023;Fulham;29;11;6;12;39;40;-1;39;14;6;4;4;21;20;1;22;15;5;2;8;18;20;-2;17;West Ham;29;7;6;16;26;42;-16;27;15;6;3;6;19;19;0;21;14;1;3;10;7;23;-16;6;2.8;3.25;2.63;0;1;A
30;08/04/2023;Leicester;29;7;4;18;40;51;-11;25;14;3;3;8;17;19;-2;12;15;4;1;10;23;32;-9;13;Bournemouth;29;7;6;16;27;57;-30;27;15;5;4;6;15;19;-4;19;14;2;2;10;12;38;-26;8;1.83;3.75;4.2;0;1;A
30;08/04/2023;Man Utd;29;16;5;8;42;38;4;53;14;10;3;1;25;8;17;33;15;6;2;7;17;30;-13;20;Everton;29;6;9;14;23;41;-18;27;15;5;3;7;13;17;-4;18;14;1;6;7;10;24;-14;9;1.5;4.33;6.5;2;0;H
30;08/04/2023;Southampton;29;6;5;18;23;47;-24;23;14;2;4;8;14;24;-10;10;15;4;1;10;9;23;-14;13;Man City;29;21;4;4;74;26;48;67;15;13;1;1;50;14;36;40;14;8;3;3;24;12;12;27;11;6;1.25;1;4;A
30;08/04/2023;Tottenham;29;15;5;9;53;41;12;50;14;10;0;4;29;16;13;30;15;5;5;5;24;25;-1;20;Brighton;29;14;7;8;53;38;15;49;15;8;3;4;26;14;12;27;14;6;4;4;27;24;3;22;2.55;3.5;2.7;2;1;H
30;08/04/2023;Wolverhampton;29;7;7;15;23;42;-19;28;14;5;2;7;12;19;-7;17;15;2;5;8;11;23;-12;11;Chelsea;29;10;9;10;29;30;-1;39;15;6;5;4;16;12;4;23;14;4;4;6;13;18;-5;16;4.2;3.5;1.91;1;0;H
30;09/04/2023;Leeds United;29;7;8;14;38;49;-11;29;14;5;5;4;20;19;1;20;15;2;3;10;18;30;-12;9;Crystal Palace;29;7;9;13;24;39;-15;30;15;5;5;5;14;19;-5;20;14;2;4;8;10;20;-10;10;2.1;3.4;3.6;1;5;A
30;09/04/2023;Liverpool;29;13;7;9;49;33;16;46;14;10;3;1;35;9;26;33;15;3;4;8;14;24;-10;13;Arsenal;29;23;3;3;70;27;43;72;15;12;2;1;42;18;24;38;14;11;1;2;28;9;19;34;2.88;3.6;2.38;2;2;D
31;15/04/2023;Aston Villa;30;14;5;11;41;40;1;47;15;8;2;5;25;19;6;26;15;6;3;6;16;21;-5;21;Newcastle;30;16;11;3;52;22;30;59;15;9;5;1;27;10;17;32;15;7;6;2;25;12;13;27;3.6;3.4;2.05;3;0;H
31;15/04/2023;Chelsea;30;10;9;11;29;31;-2;39;15;6;5;4;16;12;4;23;15;4;4;7;13;19;-6;16;Brighton;30;14;7;9;54;40;14;49;15;8;3;4;26;14;12;27;15;6;4;5;28;26;2;22;2.63;3.4;2.63;1;2;A
31;15/04/2023;Everton;30;6;9;15;23;43;-20;27;15;5;3;7;13;17;-4;18;15;1;6;8;10;26;-16;9;Fulham;30;11;6;13;39;41;-2;39;15;6;4;5;21;21;0;22;15;5;2;8;18;20;-2;17;2.05;3.4;3.7;1;3;A
31;15/04/2023;Man City;30;22;4;4;78;27;51;70;15;13;1;1;50;14;36;40;15;9;3;3;28;13;15;30;Leicester;30;7;4;19;40;52;-12;25;15;3;3;9;17;20;-3;12;15;4;1;10;23;32;-9;13;1.14;8.5;15;3;1;H
31;15/04/2023;Southampton;30;6;5;19;24;51;-27;23;15;2;4;9;15;28;-13;10;15;4;1;10;9;23;-14;13;Crystal Palace;30;8;9;13;29;40;-11;33;15;5;5;5;14;19;-5;20;15;3;4;8;15;21;-6;13;2.8;3.1;2.7;0;2;A
31;15/04/2023;Tottenham;30;16;5;9;55;42;13;53;15;11;0;4;31;17;14;33;15;5;5;5;24;25;-1;20;Bournemouth;30;8;6;16;28;57;-29;30;15;5;4;6;15;19;-4;19;15;3;2;10;13;38;-25;11;1.45;4.5;7;2;3;A
31;15/04/2023;Wolverhampton;30;8;7;15;24;42;-18;31;15;6;2;7;13;19;-6;20;15;2;5;8;11;23;-12;11;Brentford;30;10;13;7;47;40;7;43;15;7;6;2;29;16;13;27;15;3;7;5;18;24;-6;16;2.45;3.1;3;2;0;H
31;16/04/2023;Nottingham;30;6;9;15;24;54;-30;27;15;5;6;4;19;18;1;21;15;1;3;11;5;36;-31;6;Man Utd;30;17;5;8;44;38;6;56;15;11;3;1;27;8;19;36;15;6;2;7;17;30;-13;20;5.5;4;1.62;0;2;A
31;16/04/2023;West Ham;30;8;6;16;27;42;-15;30;15;6;3;6;19;19;0;21;15;2;3;10;8;23;-15;9;Arsenal;30;23;4;3;72;29;43;73;15;12;2;1;42;18;24;38;15;11;2;2;30;11;19;35;6;4.2;1.55;2;2;D
31;17/04/2023;Leeds United;30;7;8;15;39;54;-15;29;15;5;5;5;21;24;-3;20;15;2;3;10;18;30;-12;9;Liverpool;30;13;8;9;51;35;16;47;15;10;4;1;37;11;26;34;15;3;4;8;14;24;-10;13;4.2;4.2;1.73;1;6;A
32;21/04/2023;Arsenal;31;23;5;3;74;31;43;74;15;12;2;1;42;18;24;38;16;11;3;2;32;13;19;36;Southampton;31;6;5;20;24;53;-29;23;16;2;4;10;15;30;-15;10;15;4;1;10;9;23;-14;13;1.2;7;13;3;3;D
32;22/04/2023;Brentford;31;10;13;8;47;42;5;43;15;7;6;2;29;16;13;27;16;3;7;6;18;26;-8;16;Aston Villa;31;15;5;11;44;40;4;50;16;9;2;5;28;19;9;29;15;6;3;6;16;21;-5;21;2.5;3.25;2.88;1;1;D
32;22/04/2023;Crystal Palace;31;9;9;13;31;40;-9;36;15;5;5;5;14;19;-5;20;16;4;4;8;17;21;-4;16;Everton;31;6;9;16;24;46;-22;27;16;5;3;8;14;20;-6;18;15;1;6;8;10;26;-16;9;2.05;3.2;3.75;0;0;D
32;22/04/2023;Fulham;31;12;6;13;42;42;0;42;15;6;4;5;21;21;0;22;16;6;2;8;21;21;0;20;Leeds United;31;7;8;16;40;60;-20;29;16;5;5;6;22;30;-8;20;15;2;3;10;18;30;-12;9;2.3;3.4;3.1;2;1;H
32;22/04/2023;Leicester;31;7;4;20;41;55;-14;25;15;3;3;9;17;20;-3;12;16;4;1;11;24;35;-11;13;Wolverhampton;31;9;7;15;26;42;-16;34;16;7;2;7;15;19;-4;23;15;2;5;8;11;23;-12;11;2.38;3.3;3;2;1;H
32;22/04/2023;Liverpool;31;14;8;9;57;36;21;50;15;10;4;1;37;11;26;34;16;4;4;8;20;25;-5;16;Nottingham;31;6;9;16;24;56;-32;27;16;5;6;5;19;20;-1;21;15;1;3;11;5;36;-31;6;1.17;7.5;17;3;2;H
32;23/04/2023;Bournemouth;31;9;6;16;31;59;-28;33;15;5;4;6;15;19;-4;19;16;4;2;10;16;40;-24;14;West Ham;31;8;7;16;29;44;-15;31;16;6;4;6;21;21;0;22;15;2;3;10;8;23;-15;9;2.88;3.2;2.55;0;4;A
32;23/04/2023;Newcastle;31;16;11;4;52;25;27;59;15;9;5;1;27;10;17;32;16;7;6;3;25;15;10;27;Tottenham;31;16;5;10;57;45;12;53;16;11;0;5;33;20;13;33;15;5;5;5;24;25;-1;20;1.83;3.75;4.2;6;1;H
33;25/04/2023;Aston Villa;32;15;6;11;45;41;4;51;16;9;2;5;28;19;9;29;16;6;4;6;17;22;-5;22;Fulham;32;13;6;13;44;43;1;45;16;7;4;5;23;22;1;25;16;6;2;8;21;21;0;20;1.75;4;4.2;1;0;H
33;25/04/2023;Leeds United;32;7;8;17;41;62;-21;29;16;5;5;6;22;30;-8;20;16;2;3;11;19;32;-13;9;Leicester;32;8;4;20;43;56;-13;28;16;4;3;9;19;21;-2;15;16;4;1;11;24;35;-11;13;2.3;3.5;3;1;1;D
33;25/04/2023;Wolverhampton;32;9;7;16;27;44;-17;34;16;7;2;7;15;19;-4;23;16;2;5;9;12;25;-13;11;Crystal Palace;32;9;10;13;31;40;-9;37;16;5;6;5;14;19;-5;21;16;4;4;8;17;21;-4;16;2.45;3.2;3;2;0;H
33;26/04/2023;Chelsea;32;10;9;13;31;37;-6;39;16;6;5;5;17;14;3;23;16;4;4;8;14;23;-9;16;Brentford;32;10;14;8;48;43;5;44;16;7;7;2;30;17;13;28;16;3;7;6;18;26;-8;16;1.7;4;4.75;0;2;A
33;26/04/2023;Man City;32;23;5;4;82;29;53;74;16;14;1;1;53;15;38;43;16;9;4;3;29;14;15;31;Arsenal;32;23;6;3;77;34;43;75;16;12;3;1;45;21;24;39;16;11;3;2;32;13;19;36;1.55;4.5;5.25;4;1;H
33;26/04/2023;Nottingham;32;6;9;17;26;59;-33;27;16;5;6;5;19;20;-1;21;16;1;3;12;7;39;-32;6;Brighton;32;15;8;9;57;42;15;53;16;8;4;4;27;15;12;28;16;7;4;5;30;27;3;25;6;4.2;1.53;3;1;H
33;26/04/2023;West Ham;32;9;7;16;33;44;-11;34;16;6;4;6;21;21;0;22;16;3;3;10;12;23;-11;12;Liverpool;32;15;8;9;60;38;22;53;16;11;4;1;40;13;27;37;16;4;4;8;20;25;-5;16;3.9;3.9;1.85;1;2;A
33;27/04/2023;Everton;32;6;10;16;24;46;-22;28;16;5;3;8;14;20;-6;18;16;1;7;8;10;26;-16;10;Newcastle;32;17;11;4;58;26;32;62;16;10;5;1;33;11;22;35;16;7;6;3;25;15;10;27;4.75;3.6;1.73;1;4;A
33;27/04/2023;Southampton;32;6;6;20;27;56;-29;24;16;2;4;10;15;30;-15;10;16;4;2;10;12;26;-14;14;Bournemouth;32;9;6;17;31;63;-32;33;16;5;4;7;15;23;-8;19;16;4;2;10;16;40;-24;14;2.25;3.4;3.2;0;1;A
33;27/04/2023;Tottenham;32;16;5;11;58;51;7;53;16;11;0;5;33;20;13;33;16;5;5;6;25;31;-6;20;Man Utd;32;19;5;8;50;39;11;62;16;12;3;1;31;9;22;39;16;7;2;7;19;30;-11;23;2.8;3.6;2.4;2;2;D
34;29/04/2023;Brentford;33;11;14;8;50;43;7;47;16;7;7;2;30;17;13;28;17;4;7;6;20;26;-6;19;Nottingham;33;7;9;17;29;60;-31;30;17;6;6;5;22;21;1;24;16;1;3;12;7;39;-32;6;1.65;3.8;5.5;2;1;H
34;29/04/2023;Brighton;33;15;8;10;58;45;13;53;16;8;4;4;27;15;12;28;17;7;4;6;31;30;1;25;Wolverhampton;33;10;7;16;29;44;-15;37;17;8;2;7;17;19;-2;26;16;2;5;9;12;25;-13;11;1.5;4.33;6.5;6;0;H
34;29/04/2023;Crystal Palace;33;9;10;14;31;42;-11;37;16;5;6;5;14;19;-5;21;17;4;4;9;17;23;-6;16;West Ham;33;9;7;17;34;46;-12;34;17;6;4;7;22;23;-1;22;16;3;3;10;12;23;-11;12;2.63;3.25;2.75;4;3;H
34;30/04/2023;Bournemouth;33;10;6;17;32;63;-31;36;16;5;4;7;15;23;-8;19;17;5;2;10;17;40;-23;17;Leeds United;33;7;9;17;42;63;-21;30;17;5;6;6;23;31;-8;21;16;2;3;11;19;32;-13;9;2.55;3.5;2.7;4;1;H
34;30/04/2023;Fulham;33;13;6;14;44;44;0;45;16;7;4;5;23;22;1;25;17;6;2;9;21;22;-1;20;Man City;33;24;5;4;86;30;56;77;17;15;1;1;57;16;41;46;16;9;4;3;29;14;15;31;12;6;1.25;1;2;A
34;30/04/2023;Liverpool;33;16;8;9;62;39;23;56;16;11;4;1;40;13;27;37;17;5;4;8;22;26;-4;19;Tottenham;33;16;6;11;60;53;7;54;17;11;1;5;35;22;13;34;16;5;5;6;25;31;-6;20;1.53;4.5;5.75;4;3;H
34;30/04/2023;Man Utd;33;19;6;8;52;41;11;63;16;12;3;1;31;9;22;39;17;7;3;7;21;32;-11;24;Aston Villa;33;16;6;11;46;41;5;54;17;10;2;5;29;19;10;32;16;6;4;6;17;22;-5;22;1.73;3.9;4.6;1;0;H
34;30/04/2023;Newcastle;33;18;11;4;62;27;35;65;16;10;5;1;33;11;22;35;17;8;6;3;29;16;13;30;Southampton;33;6;6;21;27;57;-30;24;17;2;4;11;15;31;-16;10;16;4;2;10;12;26;-14;14;1.3;5.25;10;3;1;H
34;01/05/2023;Leicester;33;8;5;20;44;57;-13;29;16;4;3;9;19;21;-2;15;17;4;2;11;25;36;-11;14;Everton;33;6;10;17;25;50;-25;28;17;5;3;9;15;24;-9;18;16;1;7;8;10;26;-16;10;2;3.5;3.75;2;2;D
34;02/05/2023;Arsenal;33;23;6;4;78;38;40;75;16;12;3;1;45;21;24;39;17;11;3;3;33;17;16;36;Chelsea;33;10;9;14;31;39;-8;39;17;6;5;6;17;16;1;23;16;4;4;8;14;23;-9;16;1.6;4;5.5;3;1;H
35;06/05/2023;Bournemouth;34;11;6;17;36;64;-28;39;17;6;4;7;19;24;-5;22;17;5;2;10;17;40;-23;17;Chelsea;34;10;9;15;32;42;-10;39;17;6;5;6;17;16;1;23;17;4;4;9;15;26;-11;16;3.3;3.5;2.15;1;3;A
35;06/05/2023;Liverpool;34;17;8;9;66;42;24;59;17;12;4;1;44;16;28;40;17;5;4;8;22;26;-4;19;Brentford;34;12;14;8;52;44;8;50;17;8;7;2;32;18;14;31;17;4;7;6;20;26;-6;19;1.44;5;6;1;0;H
35;06/05/2023;Man City;34;25;5;4;88;31;57;80;17;15;1;1;57;16;41;46;17;10;4;3;31;15;16;34;Leeds United;34;7;9;18;43;67;-24;30;17;5;6;6;23;31;-8;21;17;2;3;12;20;36;-16;9;1.17;8.5;15;2;1;H
35;06/05/2023;Tottenham;34;16;6;12;63;57;6;54;17;11;1;5;35;22;13;34;17;5;5;7;28;35;-7;20;Crystal Palace;34;10;10;14;35;45;-10;40;17;6;6;5;18;22;-4;24;17;4;4;9;17;23;-6;16;1.8;3.8;4.2;1;0;H
35;06/05/2023;Wolverhampton;34;10;7;17;29;50;-21;37;17;8;2;7;17;19;-2;26;17;2;5;10;12;31;-19;11;Aston Villa;34;16;6;12;46;42;4;54;17;10;2;5;29;19;10;32;17;6;4;7;17;23;-6;22;2.88;3.3;2.5;1;0;H
35;07/05/2023;Newcastle;34;19;11;4;65;28;37;68;17;11;5;1;36;12;24;38;17;8;6;3;29;16;13;30;Arsenal;34;24;6;4;81;39;42;78;17;13;3;1;48;22;26;42;17;11;3;3;33;17;16;36;2.45;3.75;2.63;0;2;A
35;07/05/2023;West Ham;34;9;7;18;37;50;-13;34;17;6;4;7;22;23;-1;22;17;3;3;11;15;27;-12;12;Man Utd;34;20;6;8;53;41;12;66;17;13;3;1;32;9;23;42;17;7;3;7;21;32;-11;24;3.4;3.75;2.05;1;0;H
35;08/05/2023;Brighton;34;16;8;10;64;45;19;56;17;9;4;4;33;15;18;31;17;7;4;6;31;30;1;25;Everton;34;6;11;17;27;52;-25;29;17;5;3;9;15;24;-9;18;17;1;8;8;12;28;-16;11;1.33;5.25;9;1;5;A
35;08/05/2023;Fulham;34;13;6;15;45;46;-1;45;17;7;4;6;24;24;0;25;17;6;2;9;21;22;-1;20;Leicester;34;8;6;20;46;59;-13;30;17;4;4;9;21;23;-2;16;17;4;2;11;25;36;-11;14;2.63;3.5;2.6;5;3;H
35;08/05/2023;Nottingham;34;7;9;18;30;62;-32;30;17;6;6;5;22;21;1;24;17;1;3;13;8;41;-33;6;Southampton;34;6;6;22;28;60;-32;24;17;2;4;11;15;31;-16;10;17;4;2;11;13;29;-16;14;2.1;3.6;3.4;4;3;H
36;13/05/2023;Aston Villa;35;16;6;13;46;43;3;54;17;10;2;5;29;19;10;32;18;6;4;8;17;24;-7;22;Tottenham;35;17;6;12;64;57;7;57;18;12;1;5;36;22;14;37;17;5;5;7;28;35;-7;20;2.25;3.6;2.9;2;1;H
36;13/05/2023;Chelsea;35;11;9;15;35;43;-8;42;17;6;5;6;17;16;1;23;18;5;4;9;18;27;-9;19;Nottingham;35;8;9;18;34;65;-31;33;18;7;6;5;26;24;2;27;17;1;3;13;8;41;-33;6;1.5;4.5;6;2;2;D
36;13/05/2023;Crystal Palace;35;10;10;15;35;46;-11;40;17;6;6;5;18;22;-4;24;18;4;4;10;17;24;-7;16;Bournemouth;35;11;6;18;37;67;-30;39;18;6;4;8;20;27;-7;22;17;5;2;10;17;40;-23;17;1.83;3.6;4.2;2;0;H
36;13/05/2023;Leeds United;35;7;9;19;44;69;-25;30;17;5;6;6;23;31;-8;21;18;2;3;13;21;38;-17;9;Newcastle;35;19;11;5;65;30;35;68;18;11;5;2;36;14;22;38;17;8;6;3;29;16;13;30;4.33;4.2;1.7;2;2;D
36;13/05/2023;Man Utd;35;20;6;9;53;42;11;66;17;13;3;1;32;9;23;42;18;7;3;8;21;33;-12;24;Wolverhampton;35;11;7;17;30;50;-20;40;18;9;2;7;18;19;-1;29;17;2;5;10;12;31;-19;11;1.36;5;7.5;2;0;H
36;13/05/2023;Southampton;35;6;6;23;31;64;-33;24;17;2;4;11;15;31;-16;10;18;4;2;12;16;33;-17;14;Fulham;35;14;6;15;50;49;1;48;18;8;4;6;29;27;2;28;17;6;2;9;21;22;-1;20;2.75;3.3;2.5;0;2;A
36;14/05/2023;Arsenal;35;25;6;4;83;39;44;81;17;13;3;1;48;22;26;42;18;12;3;3;35;17;18;39;Brighton;35;16;8;11;65;50;15;56;18;9;4;5;34;20;14;31;17;7;4;6;31;30;1;25;1.73;4.2;4.2;0;3;A
36;14/05/2023;Brentford;35;12;14;9;52;45;7;50;17;8;7;2;32;18;14;31;18;4;7;7;20;27;-7;19;West Ham;35;10;7;18;38;50;-12;37;18;7;4;7;23;23;0;25;17;3;3;11;15;27;-12;12;2;3.5;3.6;2;0;H
36;14/05/2023;Everton;35;7;11;17;32;53;-21;32;17;5;3;9;15;24;-9;18;18;2;8;8;17;29;-12;14;Man City;35;26;5;4;90;32;58;83;18;16;1;1;59;17;42;49;17;10;4;3;31;15;16;34;9;4.75;1.36;0;3;A
36;15/05/2023;Leicester;35;8;6;21;49;64;-15;30;17;4;4;9;21;23;-2;16;18;4;2;12;28;41;-13;14;Liverpool;35;18;8;9;67;42;25;62;18;13;4;1;45;16;29;43;17;5;4;8;22;26;-4;19;5.25;4.33;1.57;0;3;A
37;20/05/2023;Bournemouth;36;11;6;19;37;69;-32;39;18;6;4;8;20;27;-7;22;18;5;2;11;17;42;-25;17;Man Utd;36;21;6;9;55;42;13;69;18;14;3;1;34;9;25;45;18;7;3;8;21;33;-12;24;6;4.75;1.5;0;1;A
37;20/05/2023;Fulham;36;15;6;15;52;49;3;51;18;8;4;6;29;27;2;28;18;7;2;9;23;22;1;23;Crystal Palace;36;11;10;15;37;46;-9;43;18;7;6;5;20;22;-2;27;18;4;4;10;17;24;-7;16;2.45;3.4;2.9;2;2;D
37;20/05/2023;Liverpool;36;19;8;9;70;42;28;65;18;13;4;1;45;16;29;43;18;6;4;8;25;26;-1;22;Aston Villa;36;17;6;13;48;44;4;57;18;11;2;5;31;20;11;35;18;6;4;8;17;24;-7;22;1.45;5;6.25;1;1;D
37;20/05/2023;Nottingham;36;8;10;18;36;67;-31;34;18;7;6;5;26;24;2;27;18;1;4;13;10;43;-33;7;Arsenal;36;25;6;5;83;42;41;81;18;13;3;2;48;25;23;42;18;12;3;3;35;17;18;39;5.25;4.33;1.57;1;0;H
37;20/05/2023;Tottenham;36;17;6;13;65;59;6;57;18;12;1;5;36;22;14;37;18;5;5;8;29;37;-8;20;Brentford;36;13;14;9;54;45;9;53;18;9;7;2;34;18;16;34;18;4;7;7;20;27;-7;19;1.83;3.9;4;1;3;A
37;20/05/2023;Wolverhampton;36;11;7;18;30;52;-22;40;18;9;2;7;18;19;-1;29;18;2;5;11;12;33;-21;11;Everton;36;7;11;18;32;56;-24;32;18;5;3;10;15;27;-12;18;18;2;8;8;17;29;-12;14;2.75;3.3;2.6;1;1;D
37;21/05/2023;Brighton;36;17;8;11;68;50;18;59;18;9;4;5;34;20;14;31;18;8;4;6;34;30;4;28;Southampton;36;6;6;24;31;66;-35;24;18;2;4;12;15;33;-18;10;18;4;2;12;16;33;-17;14;1.22;7;11;3;1;H
37;21/05/2023;Man City;36;27;5;4;93;32;61;86;18;16;1;1;59;17;42;49;18;11;4;3;34;15;19;37;Chelsea;36;11;10;15;37;45;-8;43;18;6;6;6;19;18;1;24;18;5;4;9;18;27;-9;19;1.25;6;11;1;0;H
37;21/05/2023;West Ham;36;10;7;19;38;52;-14;37;18;7;4;7;23;23;0;25;18;3;3;12;15;29;-14;12;Leeds United;36;7;10;19;46;71;-25;31;18;5;7;6;25;33;-8;22;18;2;3;13;21;38;-17;9;2.4;3.5;2.88;3;1;H
37;22/05/2023;Newcastle;36;19;12;5;67;32;35;69;18;11;5;2;36;14;22;38;18;8;7;3;31;18;13;31;Leicester;36;8;6;22;49;67;-18;30;18;4;4;10;21;26;-5;16;18;4;2;12;28;41;-13;14;1.36;5.5;7;0;0;D
38;28/05/2023;Arsenal;37;25;6;6;83;43;40;81;18;13;3;2;48;25;23;42;19;12;3;4;35;18;17;39;Wolverhampton;37;11;8;18;31;53;-22;41;19;9;3;7;19;20;-1;30;18;2;5;11;12;33;-21;11;1.36;5.25;8;5;0;H
38;28/05/2023;Aston Villa;37;17;7;13;49;45;4;58;18;11;2;5;31;20;11;35;19;6;5;8;18;25;-7;23;Brighton;37;18;8;11;71;51;20;62;19;10;4;5;37;21;16;34;18;8;4;6;34;30;4;28;2;3.6;3.5;2;1;H
38;28/05/2023;Brentford;37;14;14;9;57;46;11;56;18;9;7;2;34;18;16;34;19;5;7;7;23;28;-5;22;Man City;37;28;5;4;94;32;62;89;19;17;1;1;60;17;43;52;18;11;4;3;34;15;19;37;3.8;4;1.83;1;0;H
38;28/05/2023;Chelsea;37;11;10;16;37;46;-9;43;18;6;6;6;19;18;1;24;19;5;4;10;18;28;-10;19;Newcastle;37;19;13;5;67;32;35;70;19;11;6;2;36;14;22;39;18;8;7;3;31;18;13;31;2.9;3.5;2.38;1;1;D
38;28/05/2023;Crystal Palace;37;11;11;15;39;48;-9;44;18;7;6;5;20;22;-2;27;19;4;5;10;19;26;-7;17;Nottingham;37;9;10;18;37;67;-30;37;19;8;6;5;27;24;3;30;18;1;4;13;10;43;-33;7;1.67;4;5;1;1;D
38;28/05/2023;Everton;37;7;12;18;33;57;-24;33;18;5;3;10;15;27;-12;18;19;2;9;8;18;30;-12;15;Bournemouth;37;11;6;20;37;70;-33;39;19;6;4;9;20;28;-8;22;18;5;2;11;17;42;-25;17;1.5;4.5;6.5;1;0;H
38;28/05/2023;Leeds United;37;7;10;20;47;74;-27;31;18;5;7;6;25;33;-8;22;19;2;3;14;22;41;-19;9;Tottenham;37;17;6;14;66;62;4;57;19;12;1;6;37;25;12;37;18;5;5;8;29;37;-8;20;2.75;3.8;2.3;1;4;A
38;28/05/2023;Leicester;37;8;7;22;49;67;-18;31;18;4;4;10;21;26;-5;16;19;4;3;12;28;41;-13;15;West Ham;37;11;7;19;41;53;-12;40;19;8;4;7;26;24;2;28;18;3;3;12;15;29;-14;12;1.91;3.8;3.6;2;1;H
38;28/05/2023;Man Utd;37;22;6;9;56;42;14;72;18;14;3;1;34;9;25;45;19;8;3;8;22;33;-11;27;Fulham;37;15;7;15;54;51;3;52;19;8;5;6;31;29;2;29;18;7;2;9;23;22;1;23;1.5;4.33;6;2;1;H
38;28/05/2023;Southampton;37;6;6;25;32;69;-37;24;18;2;4;12;15;33;-18;10;19;4;2;13;17;36;-19;14;Liverpool;37;19;9;9;71;43;28;66;19;13;5;1;46;17;29;44;18;6;4;8;25;26;-1;22;6.5;4.75;1.44;4;4;D
11;05/11/2021;Southampton;10;2;5;3;9;12;-3;11;5;1;3;1;4;4;0;6;5;1;2;2;5;8;-3;5;Aston Villa;10;3;1;6;14;19;-5;10;5;2;1;2;9;8;1;7;5;1;0;4;5;11;-6;3;1.95;3.6;3.75;1;0;H
11;06/11/2021;Brentford;10;3;3;4;12;12;0;12;5;1;1;3;6;7;-1;4;5;2;2;1;6;5;1;8;Norwich;10;0;2;8;3;25;-22;2;5;0;1;4;3;10;-7;1;5;0;1;4;0;15;-15;1;1.6;4;5.75;1;2;A
11;06/11/2021;Brighton;10;4;4;2;11;11;0;16;5;2;1;2;5;7;-2;7;5;2;3;0;6;4;2;9;Newcastle;10;0;4;6;11;23;-12;4;5;0;2;3;7;13;-6;2;5;0;2;3;4;10;-6;2;1.57;3.9;6;1;1;D
11;06/11/2021;Chelsea;10;8;1;1;26;3;23;25;5;4;0;1;16;2;14;12;5;4;1;0;10;1;9;13;Burnley;10;1;4;5;10;16;-6;7;5;1;2;2;5;5;0;5;5;0;2;3;5;11;-6;2;1.25;6;12;1;1;D
11;06/11/2021;Crystal Palace;10;2;6;2;13;14;-1;12;5;1;4;0;7;4;3;7;5;1;2;2;6;10;-4;5;Wolverhampton;10;5;1;4;11;10;1;16;5;2;0;3;4;6;-2;6;5;3;1;1;7;4;3;10;2.45;3.2;3;2;0;H
11;06/11/2021;Man Utd;10;5;2;3;19;15;4;17;5;2;1;2;10;9;1;7;5;3;1;1;9;6;3;10;Man City;10;6;2;2;20;6;14;20;5;3;1;1;12;2;10;10;5;3;1;1;8;4;4;10;4.75;4;1.7;0;2;A
11;07/11/2021;Arsenal;10;5;2;3;12;13;-1;17;5;3;1;1;9;6;3;10;5;2;1;2;3;7;-4;7;Watford;10;3;1;6;12;18;-6;10;5;1;1;3;4;11;-7;4;5;2;0;3;8;7;1;6;1.36;4.75;8.5;1;0;H
11;07/11/2021;Everton;10;4;2;4;16;16;0;14;5;3;0;2;10;8;2;9;5;1;2;2;6;8;-2;5;Tottenham;10;5;0;5;9;16;-7;15;5;3;0;2;4;7;-3;9;5;2;0;3;5;9;-4;6;3.1;3.25;2.37;0;0;D
11;07/11/2021;Leeds United;10;2;4;4;10;17;-7;10;5;1;2;2;5;8;-3;5;5;1;2;2;5;9;-4;5;Leicester;10;4;2;4;15;17;-2;14;5;2;1;2;7;7;0;7;5;2;1;2;8;10;-2;7;2.8;3.5;2.45;1;1;D
11;07/11/2021;West Ham;10;6;2;2;20;11;9;20;5;2;1;2;9;7;2;7;5;4;1;0;11;4;7;13;Liverpool;10;6;4;0;29;8;21;22;5;2;3;0;10;5;5;9;5;4;1;0;19;3;16;13;4.75;4;1.7;3;2;H
12;20/11/2021;Aston Villa;11;3;1;7;14;20;-6;10;5;2;1;2;9;8;1;7;6;1;0;5;5;12;-7;3;Brighton;11;4;5;2;12;12;0;17;6;2;2;2;6;8;-2;8;5;2;3;0;6;4;2;9;2.45;3.3;2.9;2;0;H
12;20/11/2021;Burnley;11;1;5;5;11;17;-6;8;5;1;2;2;5;5;0;5;6;0;3;3;6;12;-6;3;Crystal Palace;11;3;6;2;15;14;1;15;6;2;4;0;9;4;5;10;5;1;2;2;6;10;-4;5;2.7;3.2;2.7;3;3;D
12;20/11/2021;Leicester;11;4;3;4;16;18;-2;15;5;2;1;2;7;7;0;7;6;2;2;2;9;11;-2;8;Chelsea;11;8;2;1;27;4;23;26;6;4;1;1;17;3;14;13;5;4;1;0;10;1;9;13;4.75;3.75;1.75;0;3;A
12;20/11/2021;Liverpool;11;6;4;1;31;11;20;22;5;2;3;0;10;5;5;9;6;4;1;1;21;6;15;13;Arsenal;11;6;2;3;13;13;0;20;6;4;1;1;10;6;4;13;5;2;1;2;3;7;-4;7;1.45;4.75;6.5;4;0;H
12;20/11/2021;Newcastle;11;0;5;6;12;24;-12;5;5;0;2;3;7;13;-6;2;6;0;3;3;5;11;-6;3;Brentford;11;3;3;5;13;14;-1;12;6;1;1;4;7;9;-2;4;5;2;2;1;6;5;1;8;2.62;3.4;2.7;3;3;D
12;20/11/2021;Norwich;11;1;2;8;5;26;-21;5;5;0;1;4;3;10;-7;1;6;1;1;4;2;16;-14;4;Southampton;11;3;5;3;10;12;-2;14;6;2;3;1;5;4;1;9;5;1;2;2;5;8;-3;5;3.6;3.5;2.05;2;1;H
12;20/11/2021;Watford;11;3;1;7;12;19;-7;10;5;1;1;3;4;11;-7;4;6;2;0;4;8;8;0;6;Man Utd;11;5;2;4;19;17;2;17;6;2;1;3;10;11;-1;7;5;3;1;1;9;6;3;10;6.5;4.75;1.45;4;1;H
12;20/11/2021;Wolverhampton;11;5;1;5;11;12;-1;16;5;2;0;3;4;6;-2;6;6;3;1;2;7;6;1;10;West Ham;11;7;2;2;23;13;10;23;6;3;1;2;12;9;3;10;5;4;1;0;11;4;7;13;3;3.25;2.4;1;0;H
12;21/11/2021;Man City;11;7;2;2;22;6;16;23;5;3;1;1;12;2;10;10;6;4;1;1;10;4;6;13;Everton;11;4;3;4;16;16;0;15;6;3;1;2;10;8;2;10;5;1;2;2;6;8;-2;5;1.14;8;19;3;0;H
12;21/11/2021;Tottenham;11;5;1;5;9;16;-7;16;5;3;0;2;4;7;-3;9;6;2;1;3;5;9;-4;7;Leeds United;11;2;5;4;11;18;-7;11;6;1;3;2;6;9;-3;6;5;1;2;2;5;9;-4;5;1.7;4.2;4.5;2;1;H
13;27/11/2021;Arsenal;12;6;2;4;13;17;-4;20;6;4;1;1;10;6;4;13;6;2;1;3;3;11;-8;7;Newcastle;12;0;6;6;15;27;-12;6;6;0;3;3;10;16;-6;3;6;0;3;3;5;11;-6;3;1.44;4.75;7;2;0;H
13;27/11/2021;Brighton;12;4;5;3;12;14;-2;17;6;2;2;2;6;8;-2;8;6;2;3;1;6;6;0;9;Leeds United;12;2;5;5;12;20;-8;11;6;1;3;2;6;9;-3;6;6;1;2;3;6;11;-5;5;2.05;3.4;3.75;0;0;D
13;27/11/2021;Crystal Palace;12;3;7;2;18;17;1;16;6;2;4;0;9;4;5;10;6;1;3;2;9;13;-4;6;Aston Villa;12;4;1;7;16;20;-4;13;6;3;1;2;11;8;3;10;6;1;0;5;5;12;-7;3;2.2;3.4;3.3;1;2;A
13;27/11/2021;Liverpool;12;7;4;1;35;11;24;25;6;3;3;0;14;5;9;12;6;4;1;1;21;6;15;13;Southampton;12;3;5;4;11;14;-3;14;6;2;3;1;5;4;1;9;6;1;2;3;6;10;-4;5;1.28;6;9;4;0;H
13;27/11/2021;Norwich;12;2;2;8;7;27;-20;8;6;1;1;4;5;11;-6;4;6;1;1;4;2;16;-14;4;Wolverhampton;12;6;1;5;12;12;0;19;6;3;0;3;5;6;-1;9;6;3;1;2;7;6;1;10;3.5;3.3;2.15;0;0;D
13;28/11/2021;Brentford;12;3;4;5;16;17;-1;13;6;1;1;4;7;9;-2;4;6;2;3;1;9;8;1;9;Everton;12;4;3;5;16;19;-3;15;6;3;1;2;10;8;2;10;6;1;2;3;6;11;-5;5;2.25;3.2;3.4;1;0;H
13;28/11/2021;Chelsea;12;9;2;1;30;4;26;29;6;4;1;1;17;3;14;13;6;5;1;0;13;1;12;16;Man Utd;12;5;2;5;20;21;-1;17;6;2;1;3;10;11;-1;7;6;3;1;2;10;10;0;10;1.57;4;6;1;1;D
13;28/11/2021;Leicester;12;4;3;5;16;21;-5;15;6;2;1;3;7;10;-3;7;6;2;2;2;9;11;-2;8;Watford;12;4;1;7;16;20;-4;13;6;2;1;3;8;12;-4;7;6;2;0;4;8;8;0;6;1.61;4;5.5;4;2;H
13;28/11/2021;Man City;12;8;2;2;25;6;19;26;6;4;1;1;15;2;13;13;6;4;1;1;10;4;6;13;West Ham;12;7;2;3;23;14;9;23;6;3;1;2;12;9;3;10;6;4;1;1;11;5;6;13;1.28;5.75;10;2;1;H
14;30/11/2021;Leeds United;13;2;6;5;12;20;-8;12;6;1;3;2;6;9;-3;6;7;1;3;3;6;11;-5;6;Crystal Palace;13;3;7;3;19;19;0;16;7;2;4;1;10;6;4;10;6;1;3;2;9;13;-4;6;2.4;3.3;3;1;0;H
14;30/11/2021;Newcastle;13;0;6;7;15;29;-14;6;6;0;3;3;10;16;-6;3;7;0;3;4;5;13;-8;3;Norwich;13;2;3;8;7;27;-20;9;7;1;2;4;5;11;-6;5;6;1;1;4;2;16;-14;4;1.95;3.5;3.9;1;1;D
14;01/12/2021;Aston Villa;13;5;1;7;18;21;-3;16;6;3;1;2;11;8;3;10;7;2;0;5;7;13;-6;6;Man City;13;9;2;2;27;7;20;29;7;5;1;1;17;3;14;16;6;4;1;1;10;4;6;13;9;5.25;1.33;1;2;A
14;01/12/2021;Everton;13;4;3;6;16;20;-4;15;6;3;1;2;10;8;2;10;7;1;2;4;6;12;-6;5;Liverpool;13;8;4;1;39;11;28;28;7;4;3;0;18;5;13;15;6;4;1;1;21;6;15;13;7.5;5.25;1.36;1;4;A
14;01/12/2021;Southampton;13;3;5;5;11;18;-7;14;6;2;3;1;5;4;1;9;7;1;2;4;6;14;-8;5;Leicester;13;5;3;5;20;23;-3;18;7;3;1;3;11;12;-1;10;6;2;2;2;9;11;-2;8;2.37;3.5;2.87;2;2;D
14;01/12/2021;Watford;13;4;1;8;18;24;-6;13;6;2;1;3;8;12;-4;7;7;2;0;5;10;12;-2;6;Chelsea;13;9;3;1;31;5;26;30;7;4;2;1;18;4;14;14;6;5;1;0;13;1;12;16;10;5.25;1.3;1;2;A
14;01/12/2021;West Ham;13;7;2;4;24;16;8;23;6;3;1;2;12;9;3;10;7;4;1;2;12;7;5;13;Brighton;13;4;6;3;12;14;-2;18;7;2;3;2;6;8;-2;9;6;2;3;1;6;6;0;9;1.95;3.6;3.8;1;1;D
14;01/12/2021;Wolverhampton;13;6;2;5;12;12;0;20;6;3;0;3;5;6;-1;9;7;3;2;2;7;6;1;11;Burnley;13;2;6;5;15;20;-5;12;7;2;3;2;9;8;1;9;6;0;3;3;6;12;-6;3;1.85;3.5;4.33;0;0;D
14;02/12/2021;Man Utd;13;5;3;5;21;22;-1;18;6;2;1;3;10;11;-1;7;7;3;2;2;11;11;0;11;Arsenal;13;7;2;4;15;17;-2;23;7;5;1;1;12;6;6;16;6;2;1;3;3;11;-8;7;1.95;3.75;3.75;3;2;H
14;02/12/2021;Tottenham;13;6;1;6;11;18;-7;19;6;4;0;2;6;8;-2;12;7;2;1;4;5;10;-5;7;Brentford;13;4;4;5;17;17;0;16;7;2;1;4;8;9;-1;7;6;2;3;1;9;8;1;9;1.6;4.2;5.25;2;0;H
15;04/12/2021;Newcastle;14;0;7;7;16;30;-14;7;7;0;4;3;11;17;-6;4;7;0;3;4;5;13;-8;3;Burnley;14;2;7;5;15;20;-5;13;7;2;3;2;9;8;1;9;7;0;4;3;6;12;-6;4;2.3;3.3;3.2;1;0;H
15;04/12/2021;Southampton;14;3;6;5;13;20;-7;15;7;2;4;1;7;6;1;10;7;1;2;4;6;14;-8;5;Brighton;14;4;7;3;13;15;-2;19;7;2;3;2;6;8;-2;9;7;2;4;1;7;7;0;10;2.45;3.2;3;1;1;D
15;04/12/2021;Watford;14;4;1;9;19;26;-7;13;7;2;1;4;9;14;-5;7;7;2;0;5;10;12;-2;6;Man City;14;10;2;2;29;8;21;32;7;5;1;1;17;3;14;16;7;5;1;1;12;5;7;16;12;7;1.2;1;3;A
15;04/12/2021;West Ham;14;7;3;4;25;17;8;24;7;3;2;2;13;10;3;11;7;4;1;2;12;7;5;13;Chelsea;14;10;3;1;33;6;27;33;7;4;2;1;18;4;14;14;7;6;1;0;15;2;13;19;4.75;3.6;1.75;3;2;H
15;04/12/2021;Wolverhampton;14;6;3;5;12;12;0;21;7;3;1;3;5;6;-1;10;7;3;2;2;7;6;1;11;Liverpool;14;9;4;1;43;12;31;31;7;4;3;0;18;5;13;15;7;5;1;1;25;7;18;16;8;4.75;1.4;0;1;A
15;05/12/2021;Aston Villa;14;5;1;8;19;23;-4;16;7;3;1;3;12;10;2;10;7;2;0;5;7;13;-6;6;Leicester;14;5;4;5;22;25;-3;19;7;3;1;3;11;12;-1;10;7;2;3;2;11;13;-2;9;2.37;3.4;3;2;1;H
15;05/12/2021;Leeds United;14;3;6;5;13;20;-7;15;7;2;3;2;7;9;-2;9;7;1;3;3;6;11;-5;6;Brentford;14;4;4;6;17;19;-2;16;7;2;1;4;8;9;-1;7;7;2;3;2;9;10;-1;9;1.95;3.6;3.8;2;2;D
15;05/12/2021;Man Utd;14;6;3;5;24;24;0;21;7;3;1;3;13;13;0;10;7;3;2;2;11;11;0;11;Crystal Palace;14;3;7;4;19;20;-1;16;7;2;4;1;10;6;4;10;7;1;3;3;9;14;-5;6;1.5;4.33;6.5;1;0;H
15;05/12/2021;Tottenham;14;7;1;6;13;18;-5;22;7;5;0;2;8;8;0;15;7;2;1;4;5;10;-5;7;Norwich;14;2;4;8;8;28;-20;10;7;1;2;4;5;11;-6;5;7;1;2;4;3;17;-14;5;1.36;5;8.5;3;0;H
15;06/12/2021;Everton;14;4;3;7;17;24;-7;15;7;3;1;3;11;12;-1;10;7;1;2;4;6;12;-6;5;Arsenal;14;7;2;5;17;20;-3;23;7;5;1;1;12;6;6;16;7;2;1;4;5;14;-9;7;3.4;3.5;2.1;2;1;H
16;10/12/2021;Brentford;15;4;5;6;19;21;-2;17;7;2;1;4;8;9;-1;7;8;2;4;2;11;12;-1;10;Watford;15;4;1;10;20;29;-9;13;8;2;1;5;10;17;-7;7;7;2;0;5;10;12;-2;6;2.25;3.3;3.3;2;1;H
16;11/12/2021;Arsenal;15;7;2;6;18;22;-4;23;7;5;1;1;12;6;6;16;8;2;1;5;6;16;-10;7;Southampton;15;3;7;5;14;21;-7;16;8;2;5;1;8;7;1;11;7;1;2;4;6;14;-8;5;1.61;4;5.5;3;0;H
16;11/12/2021;Chelsea;15;10;3;2;35;9;26;33;7;4;2;1;18;4;14;14;8;6;1;1;17;5;12;19;Leeds United;15;3;7;5;15;22;-7;16;8;2;4;2;9;11;-2;10;7;1;3;3;6;11;-5;6;1.25;5.75;12;3;2;H
16;11/12/2021;Liverpool;15;10;4;1;44;12;32;34;7;4;3;0;18;5;13;15;8;6;1;1;26;7;19;19;Aston Villa;15;6;1;8;21;24;-3;19;8;4;1;3;14;11;3;13;7;2;0;5;7;13;-6;6;1.2;7;13;1;0;H
16;11/12/2021;Man City;15;11;2;2;32;9;23;35;7;5;1;1;17;3;14;16;8;6;1;1;15;6;9;19;Wolverhampton;15;6;3;6;12;13;-1;21;8;3;1;4;5;7;-2;10;7;3;2;2;7;6;1;11;1.14;8;19;1;0;H
16;11/12/2021;Norwich;15;2;4;9;8;31;-23;10;7;1;2;4;5;11;-6;5;8;1;2;5;3;20;-17;5;Man Utd;15;7;3;5;25;24;1;24;8;4;1;3;14;13;1;13;7;3;2;2;11;11;0;11;7;4.5;1.45;0;1;A
16;12/12/2021;Burnley;15;2;7;6;15;21;-6;13;7;2;3;2;9;8;1;9;8;0;4;4;6;13;-7;4;West Ham;15;8;3;4;28;19;9;27;8;4;2;2;16;12;4;14;7;4;1;2;12;7;5;13;3.6;3.6;2;0;0;D
16;12/12/2021;Crystal Palace;15;3;7;5;19;21;-2;16;7;2;4;1;10;6;4;10;8;1;3;4;9;15;-6;6;Everton;15;5;3;7;19;25;-6;18;8;4;1;3;13;13;0;13;7;1;2;4;6;12;-6;5;2.3;3.2;3.3;3;1;H
16;12/12/2021;Leicester;15;5;4;6;23;27;-4;19;7;3;1;3;11;12;-1;10;8;2;3;3;12;15;-3;9;Newcastle;15;1;7;7;17;30;-13;10;8;1;4;3;12;17;-5;7;7;0;3;4;5;13;-8;3;1.66;4.1;4.75;4;0;H
17;14/12/2021;Man City;16;12;2;2;33;9;24;38;8;6;1;1;18;3;15;19;8;6;1;1;15;6;9;19;Leeds United;16;3;7;6;17;25;-8;16;8;2;4;2;9;11;-2;10;8;1;3;4;8;14;-6;6;1.14;8.5;15;7;0;H
17;14/12/2021;Norwich;16;2;4;10;8;32;-24;10;8;1;2;5;5;12;-7;5;8;1;2;5;3;20;-17;5;Aston Villa;16;6;1;9;21;25;-4;19;8;4;1;3;14;11;3;13;8;2;0;6;7;14;-7;6;3.3;3.3;2.25;0;2;A
17;15/12/2021;Arsenal;16;8;2;6;21;22;-1;26;8;6;1;1;15;6;9;19;8;2;1;5;6;16;-10;7;West Ham;16;8;4;4;28;19;9;28;8;4;2;2;16;12;4;14;8;4;2;2;12;7;5;14;2.1;3.6;3.3;2;0;H
17;15/12/2021;Brighton;16;4;8;4;14;18;-4;20;8;2;3;3;6;10;-4;9;8;2;5;1;8;8;0;11;Wolverhampton;16;6;3;7;12;14;-2;21;8;3;1;4;5;7;-2;10;8;3;2;3;7;7;0;11;2.25;3.1;3.5;0;1;A
17;15/12/2021;Crystal Palace;16;4;7;5;22;22;0;19;8;3;4;1;13;7;6;13;8;1;3;4;9;15;-6;6;Southampton;16;3;7;6;14;24;-10;16;8;2;5;1;8;7;1;11;8;1;2;5;6;17;-11;5;2.15;3.3;3.5;2;2;D
17;16/12/2021;Chelsea;16;11;3;2;38;11;27;36;8;5;2;1;21;6;15;17;8;6;1;1;17;5;12;19;Everton;16;5;3;8;20;28;-8;18;8;4;1;3;13;13;0;13;8;1;2;5;7;15;-8;5;1.22;6.5;13;1;1;D
17;16/12/2021;Liverpool;16;11;4;1;45;12;33;37;8;5;3;0;19;5;14;18;8;6;1;1;26;7;19;19;Newcastle;16;1;7;8;17;34;-17;10;8;1;4;3;12;17;-5;7;8;0;3;5;5;17;-12;3;1.12;9;19;3;1;H
18;18/12/2021;Leeds United;17;3;7;7;17;32;-15;16;8;2;4;2;9;11;-2;10;9;1;3;5;8;21;-13;6;Arsenal;17;9;2;6;23;22;1;29;9;7;1;1;17;6;11;22;8;2;1;5;6;16;-10;7;3.9;3.8;1.83;1;4;A
18;19/12/2021;Newcastle;17;1;7;9;18;37;-19;10;8;1;4;3;12;17;-5;7;9;0;3;6;6;20;-14;3;Man City;17;13;2;2;40;9;31;41;9;7;1;1;25;3;22;22;8;6;1;1;15;6;9;19;13;7.5;1.18;0;4;A
18;19/12/2021;Tottenham;17;10;1;6;21;20;1;31;8;6;0;2;11;8;3;18;9;4;1;4;10;12;-2;13;Liverpool;17;12;4;1;48;13;35;40;9;6;3;0;22;6;16;21;8;6;1;1;26;7;19;19;5.25;4.75;1.53;2;2;D
18;19/12/2021;Wolverhampton;17;7;3;7;13;14;-1;24;8;3;1;4;5;7;-2;10;9;4;2;3;8;7;1;14;Chelsea;17;11;4;2;39;12;27;37;9;5;3;1;22;7;15;18;8;6;1;1;17;5;12;19;7;4.2;1.5;0;0;D
19;26/12/2021;Aston Villa;18;7;2;9;24;26;-2;23;9;4;2;3;15;12;3;14;9;3;0;6;9;14;-5;9;Chelsea;18;11;5;2;39;12;27;38;9;5;3;1;22;7;15;18;9;6;2;1;17;5;12;20;5.25;3.8;1.65;1;3;A
19;26/12/2021;Brighton;18;4;8;6;14;21;-7;20;9;2;3;4;6;11;-5;9;9;2;5;2;8;10;-2;11;Brentford;18;5;5;8;23;29;-6;20;9;3;1;5;11;13;-2;10;9;2;4;3;12;16;-4;10;1.9;3.4;4.2;2;0;H
19;26/12/2021;Man City;18;14;2;2;44;9;35;44;9;7;1;1;25;3;22;22;9;7;1;1;19;6;13;22;Leicester;18;6;5;7;30;31;-1;23;9;4;1;4;17;15;2;13;9;2;4;3;13;16;-3;10;1.18;7.5;13;6;3;H
19;26/12/2021;Norwich;18;2;4;12;8;36;-28;10;9;1;2;6;5;14;-9;5;9;1;2;6;3;22;-19;5;Arsenal;18;10;2;6;27;23;4;32;9;7;1;1;17;6;11;22;9;3;1;5;10;17;-7;10;8;4.75;1.4;0;5;A
19;26/12/2021;Tottenham;18;10;2;6;23;22;1;32;9;6;1;2;13;10;3;19;9;4;1;4;10;12;-2;13;Crystal Palace;18;5;8;5;28;25;3;23;9;3;5;1;15;9;6;14;9;2;3;4;13;16;-3;9;1.72;3.8;4.75;3;0;H
19;26/12/2021;West Ham;18;9;4;5;30;21;9;31;9;5;2;2;18;12;6;17;9;4;2;3;12;9;3;14;Southampton;18;4;8;6;20;27;-7;20;9;3;5;1;12;8;4;14;9;1;3;5;8;19;-11;6;1.8;3.9;4.2;2;3;A
19;27/12/2021;Newcastle;18;1;7;10;18;41;-23;10;9;1;4;4;12;21;-9;7;9;0;3;6;6;20;-14;3;Man Utd;18;10;3;5;31;25;6;33;9;5;1;3;16;13;3;16;9;5;2;2;15;12;3;17;6.5;4.75;1.44;1;1;D
20;28/12/2021;Crystal Palace;19;5;8;6;28;28;0;23;9;3;5;1;15;9;6;14;10;2;3;5;13;19;-6;9;Norwich;19;2;4;13;8;41;-33;10;10;1;2;7;5;19;-14;5;9;1;2;6;3;22;-19;5;1.65;3.75;5.5;3;0;H
20;28/12/2021;Leicester;19;6;5;8;33;37;-4;23;9;4;1;4;17;15;2;13;10;2;4;4;16;22;-6;10;Liverpool;19;13;5;1;56;15;41;44;10;7;3;0;28;6;22;24;9;6;2;1;28;9;19;20;8;5.5;1.33;1;0;H
20;28/12/2021;Southampton;19;5;8;6;23;29;-6;23;9;3;5;1;12;8;4;14;10;2;3;5;11;21;-10;9;Tottenham;19;11;2;6;26;22;4;35;10;7;1;2;16;10;6;22;9;4;1;4;10;12;-2;13;3.75;3.5;2;1;1;D
20;28/12/2021;Watford;19;4;2;13;22;39;-17;14;9;2;1;6;11;21;-10;7;10;2;1;7;11;18;-7;7;West Ham;19;9;4;6;32;24;8;31;10;5;2;3;20;15;5;17;9;4;2;3;12;9;3;14;3.4;3.6;2.1;1;4;A
20;29/12/2021;Brentford;19;5;5;9;23;31;-8;20;9;3;1;5;11;13;-2;10;10;2;4;4;12;18;-6;10;Man City;19;15;2;2;50;12;38;47;10;8;1;1;31;6;25;25;9;7;1;1;19;6;13;22;19;8;1.14;0;1;A
20;29/12/2021;Chelsea;19;12;5;2;42;13;29;41;9;5;3;1;22;7;15;18;10;7;2;1;20;6;14;23;Brighton;19;5;8;6;16;21;-5;23;10;3;3;4;8;11;-3;12;9;2;5;2;8;10;-2;11;1.4;4.5;7.5;1;1;D
20;30/12/2021;Man Utd;19;10;4;5;32;26;6;34;9;5;1;3;16;13;3;16;10;5;3;2;16;13;3;18;Burnley;19;3;10;6;19;24;-5;19;10;3;5;2;12;10;2;14;9;0;5;4;7;14;-7;5;1.36;5;9;3;1;H
21;01/01/2022;Arsenal;20;12;2;6;34;24;10;38;10;8;1;1;19;7;12;25;10;4;1;5;15;17;-2;13;Man City;20;16;2;2;51;12;39;50;10;8;1;1;31;6;25;25;10;8;1;1;20;6;14;25;5.75;4.75;1.5;1;2;A
21;01/01/2022;Crystal Palace;20;6;8;6;31;28;3;26;10;4;5;1;18;9;9;17;10;2;3;5;13;19;-6;9;West Ham;20;10;4;6;36;25;11;34;10;5;2;3;20;15;5;17;10;5;2;3;16;10;6;17;3.1;3.4;2.3;2;3;A
21;01/01/2022;Watford;20;4;2;14;23;43;-20;14;10;2;1;7;12;25;-13;7;10;2;1;7;11;18;-7;7;Tottenham;20;11;3;6;27;23;4;36;10;7;1;2;16;10;6;22;10;4;2;4;11;13;-2;14;5;4.2;1.61;0;1;A
21;02/01/2022;Brentford;20;5;5;10;23;32;-9;20;10;3;1;6;11;14;-3;10;10;2;4;4;12;18;-6;10;Aston Villa;20;8;2;10;28;29;-1;26;10;4;2;4;16;15;1;14;10;4;0;6;12;14;-2;12;3;3.3;2.4;2;1;H
21;02/01/2022;Chelsea;20;12;6;2;43;14;29;42;10;5;4;1;23;8;15;19;10;7;2;1;20;6;14;23;Liverpool;20;13;5;2;56;16;40;44;10;7;3;0;28;6;22;24;10;6;2;2;28;10;18;20;3.1;3.5;2.25;2;2;D
21;02/01/2022;Everton;20;6;5;9;25;33;-8;23;10;5;2;3;15;14;1;17;10;1;3;6;10;19;-9;6;Brighton;20;5;9;6;17;22;-5;24;10;3;3;4;8;11;-3;12;10;2;6;2;9;11;-2;12;2.75;3.2;2.62;2;3;A
21;02/01/2022;Leeds United;20;3;7;10;18;45;-27;16;10;2;4;4;10;18;-8;10;10;1;3;6;8;27;-19;6;Burnley;20;3;10;7;20;27;-7;19;10;3;5;2;12;10;2;14;10;0;5;5;8;17;-9;5;2.05;3.5;3.5;3;1;H
21;03/01/2022;Man Utd;20;11;4;5;35;27;8;37;10;6;1;3;19;14;5;19;10;5;3;2;16;13;3;18;Wolverhampton;20;8;4;8;18;16;2;28;10;4;2;4;9;7;2;14;10;4;2;4;9;9;0;14;1.53;4.33;6;0;1;A
22;14/01/2022;Brighton;21;6;9;6;20;24;-4;27;10;3;3;4;8;11;-3;12;11;3;6;2;12;13;-1;15;Crystal Palace;21;6;8;7;33;31;2;26;11;4;5;2;20;12;8;17;10;2;3;5;13;19;-6;9;2.05;3.3;3.8;1;1;D
22;15/01/2022;Aston Villa;21;8;2;11;29;31;-2;26;10;4;2;4;16;15;1;14;11;4;0;7;13;16;-3;12;Man Utd;21;11;4;6;35;28;7;37;11;6;1;4;19;15;4;19;10;5;3;2;16;13;3;18;2.87;3.5;2.4;2;2;D
22;15/01/2022;Man City;21;17;2;2;53;13;40;53;10;8;1;1;31;6;25;25;11;9;1;1;22;7;15;28;Chelsea;21;12;7;2;45;16;29;43;11;5;5;1;25;10;15;20;10;7;2;1;20;6;14;23;1.65;4;5;1;0;H
22;15/01/2022;Newcastle;21;2;8;11;21;44;-23;14;10;1;5;4;13;22;-9;8;11;1;3;7;8;22;-14;6;Watford;21;4;2;15;23;44;-21;14;11;2;1;8;12;26;-14;7;10;2;1;7;11;18;-7;7;2;3.6;3.6;1;1;D
22;15/01/2022;Norwich;21;2;4;15;8;47;-39;10;10;1;2;7;5;19;-14;5;11;1;2;8;3;28;-25;5;Everton;21;6;5;10;27;36;-9;23;11;5;2;4;17;17;0;17;10;1;3;6;10;19;-9;6;3.75;3.5;2;2;1;H
22;15/01/2022;Wolverhampton;21;9;4;8;19;16;3;31;10;4;2;4;9;7;2;14;11;5;2;4;10;9;1;17;Southampton;21;5;9;7;25;32;-7;24;11;3;6;2;14;11;3;15;10;2;3;5;11;21;-10;9;2.25;3.2;3.4;3;1;H
22;16/01/2022;Liverpool;21;13;6;2;58;18;40;45;10;7;3;0;28;6;22;24;11;6;3;2;30;12;18;21;Brentford;21;6;5;10;25;33;-8;23;11;4;1;6;13;15;-2;13;10;2;4;4;12;18;-6;10;1.3;5.5;10;3;0;H
22;16/01/2022;West Ham;21;11;4;6;39;27;12;37;10;5;2;3;20;15;5;17;11;6;2;3;19;12;7;20;Leeds United;21;4;7;10;21;46;-25;19;11;3;4;4;13;19;-6;13;10;1;3;6;8;27;-19;6;1.61;4.2;5;2;3;A
23;21/01/2022;Watford;22;4;3;15;24;45;-21;15;11;2;1;8;12;26;-14;7;11;2;2;7;12;19;-7;8;Norwich;22;3;4;15;10;48;-38;13;11;2;2;7;7;20;-13;8;11;1;2;8;3;28;-25;5;2;3.5;3.75;0;3;A
23;22/01/2022;Brentford;22;6;5;11;25;36;-11;23;11;4;1;6;13;15;-2;13;11;2;4;5;12;21;-9;10;Wolverhampton;22;10;4;8;22;17;5;34;11;5;2;4;12;8;4;17;11;5;2;4;10;9;1;17;3.2;2.8;2.6;1;2;A
23;22/01/2022;Everton;22;6;5;11;28;38;-10;23;11;5;2;4;17;17;0;17;11;1;3;7;11;21;-10;6;Aston Villa;22;8;3;11;31;33;-2;27;11;4;3;4;18;17;1;15;11;4;0;7;13;16;-3;12;2.75;3.25;2.62;0;1;A
23;22/01/2022;Leeds United;22;5;7;10;24;48;-24;22;11;3;4;4;13;19;-6;13;11;2;3;6;11;29;-18;9;Newcastle;22;2;9;11;22;45;-23;15;11;1;6;4;14;23;-9;9;11;1;3;7;8;22;-14;6;2;3.5;3.75;0;1;A
23;22/01/2022;Man Utd;22;11;5;6;37;30;7;38;11;6;1;4;19;15;4;19;11;5;4;2;18;15;3;19;West Ham;22;11;4;7;41;30;11;37;11;5;2;4;22;18;4;17;11;6;2;3;19;12;7;20;1.85;3.8;4;1;0;H
23;22/01/2022;Southampton;22;5;9;8;26;35;-9;24;11;3;6;2;14;11;3;15;11;2;3;6;12;24;-12;9;Man City;22;18;2;2;54;13;41;56;11;9;1;1;32;6;26;28;11;9;1;1;22;7;15;28;10;6.5;1.25;1;1;D
23;23/01/2022;Arsenal;22;12;2;8;35;29;6;38;11;8;1;2;20;9;11;25;11;4;1;6;15;20;-5;13;Burnley;22;3;10;9;21;32;-11;19;11;3;5;3;12;12;0;14;11;0;5;6;9;20;-11;5;1.36;4.75;9;0;0;D
23;23/01/2022;Chelsea;22;12;7;3;45;17;28;43;11;5;5;1;25;10;15;20;11;7;2;2;20;7;13;23;Tottenham;22;13;3;6;31;23;8;42;11;8;1;2;19;10;9;25;11;5;2;4;12;13;-1;17;1.61;4.2;5;2;0;H
23;23/01/2022;Crystal Palace;22;6;9;7;34;32;2;27;11;4;5;2;20;12;8;17;11;2;4;5;14;20;-6;10;Liverpool;22;14;6;2;61;18;43;48;11;8;3;0;31;6;25;27;11;6;3;2;30;12;18;21;6;4.2;1.53;1;3;A
23;23/01/2022;Leicester;22;9;5;8;39;37;2;32;11;6;1;4;21;15;6;19;11;3;4;4;18;22;-4;13;Brighton;22;6;10;6;21;25;-4;28;11;3;4;4;9;12;-3;13;11;3;6;2;12;13;-1;15;2.5;3.25;2.9;1;1;D
24;08/02/2022;Burnley;23;3;11;9;21;32;-11;20;11;3;5;3;12;12;0;14;12;0;6;6;9;20;-11;6;Man Utd;23;12;5;6;38;30;8;41;12;7;1;4;20;15;5;22;11;5;4;2;18;15;3;19;5.5;4;1.61;1;1;D
24;08/02/2022;Newcastle;23;3;9;11;23;45;-22;18;11;1;6;4;14;23;-9;9;12;2;3;7;9;22;-13;9;Everton;23;6;5;12;28;39;-11;23;12;5;2;5;17;18;-1;17;11;1;3;7;11;21;-10;6;2.5;3.25;2.87;3;1;H
24;08/02/2022;West Ham;23;11;4;8;41;31;10;37;11;5;2;4;22;18;4;17;12;6;2;4;19;13;6;20;Watford;23;4;3;16;24;48;-24;15;12;2;1;9;12;29;-17;7;11;2;2;7;12;19;-7;8;1.55;4.2;5.75;1;0;H
24;09/02/2022;Aston Villa;23;9;3;11;32;33;-1;30;11;4;3;4;18;17;1;15;12;5;0;7;14;16;-2;15;Leeds United;23;5;7;11;24;49;-25;22;12;3;4;5;13;20;-7;13;11;2;3;6;11;29;-18;9;1.8;3.8;4.2;3;3;D
24;09/02/2022;Man City;23;18;3;2;55;14;41;57;11;9;1;1;32;6;26;28;12;9;2;1;23;8;15;29;Brentford;23;6;5;12;26;38;-12;23;12;4;1;7;14;17;-3;13;11;2;4;5;12;21;-9;10;1.1;9.5;23;2;0;H
24;09/02/2022;Norwich;23;4;4;15;13;48;-35;16;11;2;2;7;7;20;-13;8;12;2;2;8;6;28;-22;8;Crystal Palace;23;6;9;8;35;35;0;27;12;4;5;3;21;15;6;17;11;2;4;5;14;20;-6;10;3.5;3.25;2.15;1;1;D
24;09/02/2022;Tottenham;23;13;3;7;31;25;6;42;11;8;1;2;19;10;9;25;12;5;2;5;12;15;-3;17;Southampton;23;5;10;8;27;36;-9;25;12;3;7;2;15;12;3;16;11;2;3;6;12;24;-12;9;1.6;4;5.5;2;3;A
24;10/02/2022;Liverpool;23;15;6;2;64;19;45;51;11;8;3;0;31;6;25;27;12;7;3;2;33;13;20;24;Leicester;23;9;6;8;40;38;2;33;12;6;2;4;22;16;6;20;11;3;4;4;18;22;-4;13;1.25;6.5;10;2;0;H
24;10/02/2022;Wolverhampton;23;11;4;8;24;18;6;37;11;5;2;4;12;8;4;17;12;6;2;4;12;10;2;20;Arsenal;23;12;3;8;35;29;6;39;12;8;2;2;20;9;11;26;11;4;1;6;15;20;-5;13;3.5;3.2;2.2;0;1;A
25;12/02/2022;Brentford;24;6;5;13;26;40;-14;23;12;4;1;7;14;17;-3;13;12;2;4;6;12;23;-11;10;Crystal Palace;24;6;10;8;36;36;0;28;12;4;5;3;21;15;6;17;12;2;5;5;15;21;-6;11;2.55;3.1;3;0;0;D
25;12/02/2022;Everton;24;6;5;13;29;42;-13;23;12;5;2;5;17;18;-1;17;12;1;3;8;12;24;-12;6;Leeds United;24;5;8;11;27;52;-25;23;12;3;4;5;13;20;-7;13;12;2;4;6;14;32;-18;10;2.25;3.5;3;3;0;H
25;12/02/2022;Man Utd;24;12;6;6;39;31;8;42;12;7;1;4;20;15;5;22;12;5;5;2;19;16;3;20;Southampton;24;6;10;8;30;38;-8;28;12;3;7;2;15;12;3;16;12;3;3;6;15;26;-11;12;1.6;4;5.5;1;1;D
25;12/02/2022;Norwich;24;4;5;15;14;49;-35;17;12;2;3;7;8;21;-13;9;12;2;2;8;6;28;-22;8;Man City;24;19;3;2;57;14;43;60;12;10;1;1;34;6;28;31;12;9;2;1;23;8;15;29;15;8;1.16;0;4;A
25;12/02/2022;Watford;24;4;3;17;24;49;-25;15;12;2;1;9;12;29;-17;7;12;2;2;8;12;20;-8;8;Brighton;24;6;12;6;23;27;-4;30;12;3;5;4;10;13;-3;14;12;3;7;2;13;14;-1;16;3.5;3.3;2.05;0;2;A
25;13/02/2022;Burnley;24;3;12;9;22;33;-11;21;12;3;6;3;13;13;0;15;12;0;6;6;9;20;-11;6;Liverpool;24;16;6;2;66;19;47;54;12;9;3;0;33;6;27;30;12;7;3;2;33;13;20;24;10;5.25;1.28;0;1;A
25;13/02/2022;Leicester;24;9;6;9;40;40;0;33;12;6;2;4;22;16;6;20;12;3;4;5;18;24;-6;13;West Ham;24;12;4;8;42;31;11;40;12;6;2;4;23;18;5;20;12;6;2;4;19;13;6;20;2.9;3.5;2.3;2;2;D
25;13/02/2022;Newcastle;24;4;9;11;26;46;-20;21;12;2;6;4;17;24;-7;12;12;2;3;7;9;22;-13;9;Aston Villa;24;9;4;11;35;36;-1;31;12;4;4;4;21;20;1;16;12;5;0;7;14;16;-2;15;2.7;3.3;2.62;1;0;H
25;13/02/2022;Tottenham;24;13;3;8;33;28;5;42;12;8;1;3;21;13;8;25;12;5;2;5;12;15;-3;17;Wolverhampton;24;11;4;9;24;19;5;37;12;5;2;5;12;9;3;17;12;6;2;4;12;10;2;20;1.7;3.6;5.5;0;2;A
26;19/02/2022;Arsenal;25;14;3;8;40;31;9;45;12;8;2;2;20;9;11;26;13;6;1;6;20;22;-2;19;Brentford;25;6;6;13;26;40;-14;24;13;4;2;7;14;17;-3;14;12;2;4;6;12;23;-11;10;1.44;4.2;8;2;1;H
26;19/02/2022;Aston Villa;25;9;4;12;35;37;-2;31;12;4;4;4;21;20;1;16;13;5;0;8;14;17;-3;15;Watford;25;4;3;18;24;51;-27;15;13;2;1;10;12;31;-19;7;12;2;2;8;12;20;-8;8;1.65;3.6;5.75;0;1;A
26;19/02/2022;Brighton;25;7;12;6;25;27;-2;33;12;3;5;4;10;13;-3;14;13;4;7;2;15;14;1;19;Burnley;25;3;12;10;22;34;-12;21;13;3;6;4;13;14;-1;15;12;0;6;6;9;20;-11;6;1.66;3.5;6;0;3;A
26;19/02/2022;Crystal Palace;25;6;11;8;36;36;0;29;12;4;5;3;21;15;6;17;13;2;6;5;15;21;-6;12;Chelsea;25;13;8;4;50;22;28;47;13;6;5;2;29;14;15;23;12;7;3;2;21;8;13;24;5.5;3.8;1.65;0;1;A
26;19/02/2022;Liverpool;25;17;6;2;67;19;48;57;12;9;3;0;33;6;27;30;13;8;3;2;34;13;21;27;Norwich;25;4;5;16;14;53;-39;17;13;2;3;8;8;25;-17;9;12;2;2;8;6;28;-22;8;1.1;9;23;3;1;H
26;19/02/2022;Man City;25;20;3;2;61;14;47;63;12;10;1;1;34;6;28;31;13;10;2;1;27;8;19;32;Tottenham;25;13;3;9;33;30;3;42;13;8;1;4;21;15;6;25;12;5;2;5;12;15;-3;17;1.28;6;10;2;3;A
26;19/02/2022;Southampton;25;6;11;8;31;39;-8;29;12;3;7;2;15;12;3;16;13;3;4;6;16;27;-11;13;Everton;25;7;5;13;32;42;-10;26;13;6;2;5;20;18;2;20;12;1;3;8;12;24;-12;6;2.1;3.5;3.5;2;0;H
26;19/02/2022;West Ham;25;12;5;8;44;33;11;41;12;6;2;4;23;18;5;20;13;6;3;4;21;15;6;21;Newcastle;25;5;9;11;27;46;-19;24;13;3;6;4;18;24;-6;15;12;2;3;7;9;22;-13;9;1.7;4;4.75;1;1;D
26;20/02/2022;Leeds United;25;5;8;12;27;55;-28;23;12;3;4;5;13;20;-7;13;13;2;4;7;14;35;-21;10;Man Utd;25;12;7;6;40;32;8;43;13;7;2;4;21;16;5;23;12;5;5;2;19;16;3;20;3.9;3.8;1.85;2;4;A
26;20/02/2022;Wolverhampton;25;12;4;9;26;19;7;40;12;5;2;5;12;9;3;17;13;7;2;4;14;10;4;23;Leicester;25;9;7;9;42;42;0;34;13;6;3;4;24;18;6;21;12;3;4;5;18;24;-6;13;2.25;3.3;3.25;2;1;H
27;25/02/2022;Southampton;26;7;11;8;33;39;-6;32;13;4;7;2;17;12;5;19;13;3;4;6;16;27;-11;13;Norwich;26;4;5;17;15;56;-41;17;13;2;3;8;8;25;-17;9;13;2;2;9;7;31;-24;8;1.53;4.33;6;2;0;H
27;26/02/2022;Brentford;26;6;6;14;27;42;-15;24;13;4;2;7;14;17;-3;14;13;2;4;7;13;25;-12;10;Newcastle;26;5;10;11;28;47;-19;25;13;3;6;4;18;24;-6;15;13;2;4;7;10;23;-13;10;2.5;3.2;3;0;2;A
27;26/02/2022;Brighton;26;7;12;7;25;30;-5;33;13;3;5;5;10;16;-6;14;13;4;7;2;15;14;1;19;Aston Villa;26;9;4;13;35;38;-3;31;13;4;4;5;21;21;0;16;13;5;0;8;14;17;-3;15;2.2;3.3;3.5;0;2;A
27;26/02/2022;Crystal Palace;26;6;11;9;36;37;-1;29;13;4;5;4;21;16;5;17;13;2;6;5;15;21;-6;12;Burnley;26;4;12;10;25;34;-9;24;13;3;6;4;13;14;-1;15;13;1;6;6;12;20;-8;9;1.9;3.6;4;1;1;D
27;26/02/2022;Everton;26;7;5;14;32;44;-12;26;13;6;2;5;20;18;2;20;13;1;3;9;12;26;-14;6;Man City;26;20;3;3;63;17;46;63;13;10;1;2;36;9;27;31;13;10;2;1;27;8;19;32;10;5.75;1.28;0;1;A
27;26/02/2022;Leeds United;26;5;8;13;29;59;-30;23;13;3;4;6;15;24;-9;13;13;2;4;7;14;35;-21;10;Tottenham;26;14;3;9;36;32;4;45;13;8;1;4;21;15;6;25;13;6;2;5;15;17;-2;20;4.2;3.6;1.85;0;4;A
27;26/02/2022;Man Utd;26;13;7;6;44;34;10;46;13;7;2;4;21;16;5;23;13;6;5;2;23;18;5;23;Watford;26;5;3;18;25;51;-26;18;13;2;1;10;12;31;-19;7;13;3;2;8;13;20;-7;11;1.3;5.5;9.5;0;0;D
27;27/02/2022;West Ham;26;12;6;8;45;34;11;42;13;6;3;4;24;19;5;21;13;6;3;4;21;15;6;21;Wolverhampton;26;13;4;9;28;20;8;43;13;6;2;5;14;10;4;20;13;7;2;4;14;10;4;23;2.05;3.3;3.8;1;0;H
28;05/03/2022;Aston Villa;27;10;4;13;37;38;-1;34;13;4;4;5;21;21;0;16;14;6;0;8;16;17;-1;18;Southampton;27;8;11;8;35;39;-4;35;14;5;7;2;19;12;7;22;13;3;4;6;16;27;-11;13;2.3;3.5;3;4;0;H
28;05/03/2022;Burnley;27;4;13;10;26;35;-9;25;13;3;6;4;13;14;-1;15;14;1;7;6;13;21;-8;10;Chelsea;27;14;9;4;52;23;29;51;14;6;6;2;30;15;15;24;13;8;3;2;22;8;14;27;6.5;4.33;1.5;0;4;A
28;05/03/2022;Leicester;27;9;8;10;44;45;-1;35;13;6;3;4;24;18;6;21;14;3;5;6;20;27;-7;14;Leeds United;27;5;8;14;29;63;-34;23;14;3;4;7;15;28;-13;13;13;2;4;7;14;35;-21;10;1.75;4;4.2;1;0;H
28;05/03/2022;Liverpool;27;19;6;2;72;20;52;63;13;10;3;0;36;7;29;33;14;9;3;2;36;13;23;30;West Ham;27;13;6;8;46;34;12;45;14;7;3;4;25;19;6;24;13;6;3;4;21;15;6;21;1.28;5.75;9.5;1;0;H
28;05/03/2022;Newcastle;27;6;10;11;30;47;-17;28;13;3;6;4;18;24;-6;15;14;3;4;7;12;23;-11;13;Brighton;27;7;12;8;25;32;-7;33;14;3;5;6;10;18;-8;14;13;4;7;2;15;14;1;19;2.75;3.2;2.62;2;1;H
28;05/03/2022;Norwich;27;4;5;18;15;58;-43;17;13;2;3;8;8;25;-17;9;14;2;2;10;7;33;-26;8;Brentford;27;6;6;15;27;44;-17;24;14;4;2;8;14;19;-5;14;13;2;4;7;13;25;-12;10;2.9;3.1;2.5;1;3;A
28;05/03/2022;Wolverhampton;27;13;4;10;28;21;7;43;13;6;2;5;14;10;4;20;14;7;2;5;14;11;3;23;Crystal Palace;27;6;12;9;37;38;-1;30;14;4;6;4;22;17;5;18;13;2;6;5;15;21;-6;12;2.3;3.1;3.4;0;2;A
28;06/03/2022;Man City;27;21;3;3;64;17;47;66;13;10;1;2;36;9;27;31;14;11;2;1;28;8;20;35;Man Utd;27;13;8;6;44;34;10;47;14;7;3;4;21;16;5;24;13;6;5;2;23;18;5;23;1.4;4.75;7.5;4;1;H
28;06/03/2022;Watford;27;5;4;18;25;51;-26;19;13;2;1;10;12;31;-19;7;14;3;3;8;13;20;-7;12;Arsenal;27;15;3;9;42;34;8;48;14;9;2;3;22;12;10;29;13;6;1;6;20;22;-2;19;6;4;1.57;2;3;A
28;07/03/2022;Tottenham;27;15;3;9;40;32;8;48;13;8;1;4;21;15;6;25;14;7;2;5;19;17;2;23;Everton;27;7;5;15;32;45;-13;26;14;6;2;6;20;19;1;20;13;1;3;9;12;26;-14;6;1.57;3.8;5.75;5;0;H
29;12/03/2022;Brentford;28;7;6;15;30;45;-15;27;14;4;2;8;14;19;-5;14;14;3;4;7;16;26;-10;13;Burnley;28;4;13;11;26;39;-13;25;14;3;6;5;13;18;-5;15;14;1;7;6;13;21;-8;10;2.15;3.2;3.6;2;0;H
29;12/03/2022;Brighton;28;7;12;9;26;34;-8;33;14;3;5;6;10;18;-8;14;14;4;7;3;16;16;0;19;Liverpool;28;20;6;2;73;20;53;66;14;11;3;0;37;7;30;36;14;9;3;2;36;13;23;30;6;4.33;1.5;0;2;A
29;12/03/2022;Man Utd;28;13;8;7;45;38;7;47;14;7;3;4;21;16;5;24;14;6;5;3;24;22;2;23;Tottenham;28;16;3;9;45;32;13;51;14;9;1;4;26;15;11;28;14;7;2;5;19;17;2;23;2.2;3.4;3.25;3;2;H
29;13/03/2022;Arsenal;28;16;3;9;45;36;9;51;14;9;2;3;22;12;10;29;14;7;1;6;23;24;-1;22;Leicester;28;10;8;10;45;45;0;38;14;7;3;4;25;18;7;24;14;3;5;6;20;27;-7;14;1.5;4.5;6;2;0;H
29;13/03/2022;Chelsea;28;15;9;4;56;23;33;54;14;6;6;2;30;15;15;24;14;9;3;2;26;8;18;30;Newcastle;28;7;10;11;32;48;-16;31;14;4;6;4;20;25;-5;18;14;3;4;7;12;23;-11;13;1.3;5.25;11;1;0;H
29;13/03/2022;Everton;28;7;5;16;32;50;-18;26;14;6;2;6;20;19;1;20;14;1;3;10;12;31;-19;6;Wolverhampton;28;13;4;11;28;23;5;43;14;6;2;6;14;12;2;20;14;7;2;5;14;11;3;23;2.3;3.2;3.3;0;1;A
29;13/03/2022;Leeds United;28;5;8;15;29;64;-35;23;14;3;4;7;15;28;-13;13;14;2;4;8;14;36;-22;10;Norwich;28;4;5;19;16;61;-45;17;14;2;3;9;9;28;-19;9;14;2;2;10;7;33;-26;8;1.55;4.2;5.75;2;1;H
29;13/03/2022;Southampton;28;8;11;9;35;43;-8;35;14;5;7;2;19;12;7;22;14;3;4;7;16;31;-15;13;Watford;28;5;4;19;27;54;-27;19;14;2;1;11;14;34;-20;7;14;3;3;8;13;20;-7;12;1.6;4.2;5.25;1;2;A
29;13/03/2022;West Ham;28;13;6;9;46;35;11;45;14;7;3;4;25;19;6;24;14;6;3;5;21;16;5;21;Aston Villa;28;11;4;13;41;38;3;37;14;5;4;5;25;21;4;19;14;6;0;8;16;17;-1;18;2.25;3.3;3.3;2;1;H
29;14/03/2022;Crystal Palace;28;7;12;9;39;38;1;33;14;4;6;4;22;17;5;18;14;3;6;5;17;21;-4;15;Man City;28;22;3;3;68;18;50;69;14;11;1;2;40;10;30;34;14;11;2;1;28;8;20;35;10;5;1.33;0;0;D
30;18/03/2022;Wolverhampton;29;14;4;11;29;23;6;46;14;6;2;6;14;12;2;20;15;8;2;5;15;11;4;26;Leeds United;29;6;8;15;31;65;-34;26;15;4;4;7;17;29;-12;16;14;2;4;8;14;36;-22;10;2.1;3.5;3.4;2;3;A
30;19/03/2022;Aston Villa;29;11;4;14;42;40;2;37;14;5;4;5;25;21;4;19;15;6;0;9;17;19;-2;18;Arsenal;29;17;3;9;47;36;11;54;15;10;2;3;24;12;12;32;14;7;1;6;23;24;-1;22;3;3.3;2.4;0;1;A
30;20/03/2022;Leicester;29;10;8;11;45;47;-2;38;14;7;3;4;25;18;7;24;15;3;5;7;20;29;-9;14;Brentford;29;8;6;15;32;45;-13;30;15;5;2;8;16;19;-3;17;14;3;4;7;16;26;-10;13;2.15;3.4;3.4;2;1;H
30;20/03/2022;Tottenham;29;16;3;10;47;35;12;51;14;9;1;4;26;15;11;28;15;7;2;6;21;20;1;23;West Ham;29;14;6;9;48;36;12;48;15;8;3;4;27;20;7;27;14;6;3;5;21;16;5;21;1.72;3.8;4.75;3;1;H
31;02/04/2022;Brighton;30;7;12;11;26;39;-13;33;15;3;5;7;10;20;-10;14;15;4;7;4;16;19;-3;19;Norwich;30;4;5;21;18;66;-48;17;15;2;3;10;10;31;-21;9;15;2;2;11;8;35;-27;8;1.5;4;7;0;0;D
31;02/04/2022;Burnley;30;5;13;12;28;41;-13;28;15;4;6;5;15;18;-3;18;15;1;7;7;13;23;-10;10;Man City;30;23;4;3;71;18;53;73;15;12;1;2;43;10;33;37;15;11;3;1;28;8;20;36;15;6.5;1.2;0;2;A
31;02/04/2022;Chelsea;30;17;9;4;60;24;36;60;15;7;6;2;31;15;16;27;15;10;3;2;29;9;20;33;Brentford;30;8;6;16;33;47;-14;30;15;5;2;8;16;19;-3;17;15;3;4;8;17;28;-11;13;1.33;5;10;1;4;A
31;02/04/2022;Leeds United;30;7;8;15;34;67;-33;29;15;4;4;7;17;29;-12;16;15;3;4;8;17;38;-21;13;Southampton;30;8;11;11;36;47;-11;35;15;5;7;3;20;14;6;22;15;3;4;8;16;33;-17;13;2.37;3.75;2.75;1;1;D
31;02/04/2022;Liverpool;30;22;6;2;79;20;59;72;15;12;3;0;41;7;34;39;15;10;3;2;38;13;25;33;Watford;30;6;5;19;29;55;-26;23;15;2;2;11;14;34;-20;8;15;4;3;8;15;21;-6;15;1.12;9.5;17;2;0;H
31;02/04/2022;Man Utd;30;14;8;8;48;44;4;50;15;8;3;4;24;18;6;27;15;6;5;4;24;26;-2;23;Leicester;30;11;8;11;47;48;-1;41;15;8;3;4;27;19;8;27;15;3;5;7;20;29;-9;14;1.5;4.5;6;1;1;D
31;02/04/2022;Wolverhampton;30;14;4;12;31;26;5;46;15;6;2;7;16;15;1;20;15;8;2;5;15;11;4;26;Aston Villa;30;11;4;15;42;41;1;37;15;5;4;6;25;22;3;19;15;6;0;9;17;19;-2;18;3;3.1;2.55;2;1;H
31;03/04/2022;Tottenham;30;17;3;10;50;36;14;54;15;10;1;4;29;16;13;31;15;7;2;6;21;20;1;23;Newcastle;30;8;10;12;33;49;-16;34;15;5;6;4;21;25;-4;21;15;3;4;8;12;24;-12;13;1.5;4.33;6.5;5;1;H
31;03/04/2022;West Ham;30;14;6;10;49;39;10;48;15;8;3;4;27;20;7;27;15;6;3;6;22;19;3;21;Everton;30;7;6;17;32;51;-19;27;15;6;2;7;20;20;0;20;15;1;4;10;12;31;-19;7;1.75;3.8;4.5;2;1;H
31;04/04/2022;Crystal Palace;30;7;13;10;39;39;0;34;15;4;7;4;22;17;5;19;15;3;6;6;17;22;-5;15;Arsenal;30;18;3;9;48;36;12;57;15;10;2;3;24;12;12;32;15;8;1;6;24;24;0;25;4;3.4;1.95;3;0;H
32;08/04/2022;Newcastle;31;8;10;13;34;54;-20;34;15;5;6;4;21;25;-4;21;16;3;4;9;13;29;-16;13;Wolverhampton;31;15;4;12;33;27;6;49;16;7;2;7;18;16;2;23;15;8;2;5;15;11;4;26;2.25;3.1;3.4;1;0;H
32;09/04/2022;Arsenal;31;18;3;10;48;39;9;57;15;10;2;3;24;12;12;32;16;8;1;7;24;27;-3;25;Brighton;31;7;13;11;26;39;-13;34;16;3;6;7;10;20;-10;15;15;4;7;4;16;19;-3;19;1.61;3.8;5.75;1;2;A
32;09/04/2022;Aston Villa;31;11;4;16;43;43;0;37;15;5;4;6;25;22;3;19;16;6;0;10;18;21;-3;18;Tottenham;31;18;3;10;55;37;18;57;16;11;1;4;34;17;17;34;15;7;2;6;21;20;1;23;3.2;3.4;2.25;0;4;A
32;09/04/2022;Everton;31;7;6;18;33;53;-20;27;15;6;2;7;20;20;0;20;16;1;4;11;13;33;-20;7;Man Utd;31;14;9;8;49;45;4;51;16;8;4;4;25;19;6;28;15;6;5;4;24;26;-2;23;4.6;3.75;1.75;1;0;H
32;09/04/2022;Southampton;31;8;12;11;37;48;-11;36;15;5;7;3;20;14;6;22;16;3;5;8;17;34;-17;14;Chelsea;31;17;9;5;61;28;33;60;16;7;6;3;32;19;13;27;15;10;3;2;29;9;20;33;3.8;3.6;1.95;0;6;A
32;09/04/2022;Watford;31;6;5;20;29;57;-28;23;15;2;2;11;14;34;-20;8;16;4;3;9;15;23;-8;15;Leeds United;31;7;9;15;35;68;-33;30;16;4;5;7;18;30;-12;17;15;3;4;8;17;38;-21;13;2.7;3.4;2.55;0;3;A
32;10/04/2022;Brentford;31;9;6;16;37;48;-11;33;15;5;2;8;16;19;-3;17;16;4;4;8;21;29;-8;16;West Ham;31;15;6;10;51;40;11;51;16;9;3;4;29;21;8;30;15;6;3;6;22;19;3;21;2.62;3.3;2.62;2;0;H
32;10/04/2022;Leicester;31;11;9;11;48;49;-1;42;15;8;3;4;27;19;8;27;16;3;6;7;21;30;-9;15;Crystal Palace;31;8;13;10;42;39;3;37;16;5;7;4;25;17;8;22;15;3;6;6;17;22;-5;15;2.37;3.3;2.9;2;1;H
32;10/04/2022;Man City;31;24;4;3;73;18;55;76;15;12;1;2;43;10;33;37;16;12;3;1;30;8;22;39;Liverpool;31;23;6;2;81;20;61;75;16;13;3;0;43;7;36;42;15;10;3;2;38;13;25;33;2;3.75;3.5;2;2;D
32;10/04/2022;Norwich;31;4;6;21;18;66;-48;18;15;2;3;10;10;31;-21;9;16;2;3;11;8;35;-27;9;Burnley;31;5;13;13;28;43;-15;28;16;4;6;6;15;20;-5;18;15;1;7;7;13;23;-10;10;2.87;3.2;2.55;2;0;H
33;16/04/2022;Man Utd;32;14;9;9;49;46;3;51;16;8;4;4;25;19;6;28;16;6;5;5;24;27;-3;23;Norwich;32;5;6;21;20;66;-46;21;16;3;3;10;12;31;-19;12;16;2;3;11;8;35;-27;9;1.25;6.5;10;3;2;H
33;16/04/2022;Southampton;32;8;12;12;37;54;-17;36;16;5;7;4;20;20;0;22;16;3;5;8;17;34;-17;14;Arsenal;32;18;3;11;49;41;8;57;16;10;2;4;25;14;11;32;16;8;1;7;24;27;-3;25;3.8;3.6;1.95;1;0;H
33;16/04/2022;Tottenham;32;19;3;10;59;37;22;60;16;11;1;4;34;17;17;34;16;8;2;6;25;20;5;26;Brighton;32;8;13;11;28;40;-12;37;16;3;6;7;10;20;-10;15;16;5;7;4;18;20;-2;22;1.53;4;6.5;0;1;A
33;16/04/2022;Watford;32;6;5;21;29;60;-31;23;16;2;2;12;14;37;-23;8;16;4;3;9;15;23;-8;15;Brentford;32;10;6;16;39;48;-9;36;16;6;2;8;18;19;-1;20;16;4;4;8;21;29;-8;16;2.7;3.3;2.55;1;2;A
33;17/04/2022;Newcastle;32;9;10;13;35;54;-19;37;16;6;6;4;22;25;-3;24;16;3;4;9;13;29;-16;13;Leicester;32;12;9;11;50;50;0;45;16;9;3;4;29;20;9;30;16;3;6;7;21;30;-9;15;2.2;3.4;3.3;2;1;H
33;17/04/2022;West Ham;32;15;6;11;51;42;9;51;16;9;3;4;29;21;8;30;16;6;3;7;22;21;1;21;Burnley;32;5;13;14;28;45;-17;28;16;4;6;6;15;20;-5;18;16;1;7;8;13;25;-12;10;1.7;3.8;5;1;1;D
34;23/04/2022;Arsenal;33;18;3;12;49;42;7;57;16;10;2;4;25;14;11;32;17;8;1;8;24;28;-4;25;Man Utd;33;15;9;9;52;48;4;54;17;9;4;4;28;21;7;31;16;6;5;5;24;27;-3;23;2.05;3.5;3.5;3;1;H
34;23/04/2022;Brentford;33;11;6;16;41;49;-8;39;16;6;2;8;18;19;-1;20;17;5;4;8;23;30;-7;19;Tottenham;33;19;3;11;59;38;21;60;17;11;1;5;34;18;16;34;16;8;2;6;25;20;5;26;4.33;3.5;1.85;0;0;D
34;23/04/2022;Leicester;33;12;9;12;51;52;-1;45;16;9;3;4;29;20;9;30;17;3;6;8;22;32;-10;15;Aston Villa;33;11;4;18;44;49;-5;37;17;5;4;8;26;28;-2;19;16;6;0;10;18;21;-3;18;2.8;3.4;2.5;0;0;D
34;23/04/2022;Man City;33;25;5;3;80;21;59;80;16;12;2;2;45;12;33;38;17;13;3;1;35;9;26;42;Watford;33;6;5;22;30;62;-32;23;17;2;2;13;15;39;-24;8;16;4;3;9;15;23;-8;15;1.1;10;26;5;1;H
34;23/04/2022;Norwich;33;5;6;22;22;69;-47;21;16;3;3;10;12;31;-19;12;17;2;3;12;10;38;-28;9;Newcastle;33;10;10;13;37;55;-18;40;17;7;6;4;24;26;-2;27;16;3;4;9;13;29;-16;13;3.5;3.3;2.15;0;3;A
34;24/04/2022;Brighton;33;9;13;11;29;40;-11;40;16;3;6;7;10;20;-10;15;17;6;7;4;19;20;-1;25;Southampton;33;9;12;12;38;54;-16;39;17;6;7;4;21;20;1;25;16;3;5;8;17;34;-17;14;2.1;3.4;3.6;2;2;D
34;24/04/2022;Burnley;33;5;14;14;29;46;-17;29;16;4;6;6;15;20;-5;18;17;1;8;8;14;26;-12;11;Wolverhampton;33;15;4;14;34;33;1;49;17;7;2;8;19;21;-2;23;16;8;2;6;15;12;3;26;2.7;3;2.87;1;0;H
34;24/04/2022;Chelsea;33;19;9;5;70;28;42;66;16;7;6;3;32;19;13;27;17;12;3;2;38;9;29;39;West Ham;33;15;7;11;52;43;9;52;17;9;4;4;30;22;8;31;16;6;3;7;22;21;1;21;1.5;4.33;6.5;1;0;H
34;24/04/2022;Liverpool;33;24;7;2;85;23;62;79;16;13;3;0;43;7;36;42;17;11;4;2;42;16;26;37;Everton;33;9;6;18;37;55;-18;33;17;8;2;7;24;22;2;26;16;1;4;11;13;33;-20;7;1.18;7;15;2;0;H
34;25/04/2022;Crystal Palace;33;8;13;12;45;44;1;37;16;5;7;4;25;17;8;22;17;3;6;8;20;27;-7;15;Leeds United;33;8;9;16;38;71;-33;33;17;4;5;8;18;33;-15;17;16;4;4;8;20;38;-18;16;2.05;3.5;3.5;0;0;D
35;30/04/2022;Aston Villa;34;11;5;18;44;49;-5;38;17;5;4;8;26;28;-2;19;17;6;1;10;18;21;-3;19;Norwich;34;5;6;23;22;72;-50;21;17;3;3;11;12;34;-22;12;17;2;3;12;10;38;-28;9;1.4;4.5;9;2;0;H
35;30/04/2022;Leeds United;34;8;10;16;38;71;-33;34;17;4;5;8;18;33;-15;17;17;4;5;8;20;38;-18;17;Man City;34;26;5;3;85;22;63;83;17;13;2;2;50;13;37;41;17;13;3;1;35;9;26;42;8.5;6;1.3;0;4;A
35;30/04/2022;Newcastle;34;11;10;13;40;55;-15;43;17;7;6;4;24;26;-2;27;17;4;4;9;16;29;-13;16;Liverpool;34;25;7;2;87;23;64;82;17;14;3;0;45;7;38;45;17;11;4;2;42;16;26;37;8.5;5;1.36;0;1;A
35;30/04/2022;Southampton;34;9;13;12;40;56;-16;40;17;6;7;4;21;20;1;25;17;3;6;8;19;36;-17;15;Crystal Palace;34;8;14;12;45;44;1;38;17;5;8;4;25;17;8;23;17;3;6;8;20;27;-7;15;2.4;3.3;3.1;1;2;A
35;30/04/2022;Watford;34;6;5;23;31;67;-36;23;17;2;2;13;15;39;-24;8;17;4;3;10;16;28;-12;15;Burnley;34;6;14;14;30;46;-16;32;17;5;6;6;16;20;-4;21;17;1;8;8;14;26;-12;11;2.6;3.3;2.75;1;2;A
35;30/04/2022;Wolverhampton;34;15;4;15;34;34;0;49;17;7;2;8;19;21;-2;23;17;8;2;7;15;13;2;26;Brighton;34;9;14;11;31;42;-11;41;17;3;7;7;12;22;-10;16;17;6;7;4;19;20;-1;25;2.7;3.2;2.75;0;3;A
35;01/05/2022;Everton;34;9;6;19;37;57;-20;33;17;8;2;7;24;22;2;26;17;1;4;12;13;35;-22;7;Chelsea;34;20;9;5;71;28;43;69;17;8;6;3;33;19;14;30;17;12;3;2;38;9;29;39;5;3.6;1.75;1;0;H
35;01/05/2022;Tottenham;34;19;4;11;59;38;21;61;17;11;1;5;34;18;16;34;17;8;3;6;25;20;5;27;Leicester;34;12;10;12;51;52;-1;46;17;9;4;4;29;20;9;31;17;3;6;8;22;32;-10;15;1.44;4.75;7;3;1;H
35;01/05/2022;West Ham;34;15;7;12;52;44;8;52;17;9;4;4;30;22;8;31;17;6;3;8;22;22;0;21;Arsenal;34;19;3;12;52;43;9;60;17;11;2;4;28;15;13;35;17;8;1;8;24;28;-4;25;4.33;3.8;1.8;1;2;A
35;02/05/2022;Man Utd;34;15;9;10;53;51;2;54;17;9;4;4;28;21;7;31;17;6;5;6;25;30;-5;23;Brentford;34;11;7;16;41;49;-8;40;17;6;3;8;18;19;-1;21;17;5;4;8;23;30;-7;19;1.72;4;4.5;3;0;H
36;07/05/2022;Brentford;35;11;7;17;41;52;-11;40;17;6;3;8;18;19;-1;21;18;5;4;9;23;33;-10;19;Southampton;35;9;13;13;41;58;-17;40;18;6;7;5;22;22;0;25;17;3;6;8;19;36;-17;15;2.15;3.5;3.3;3;0;H
36;07/05/2022;Brighton;35;10;14;11;34;42;-8;44;17;3;7;7;12;22;-10;16;18;7;7;4;22;20;2;28;Man Utd;35;16;9;10;56;51;5;57;18;10;4;4;31;21;10;34;17;6;5;6;25;30;-5;23;2.8;3.5;2.45;4;0;H
36;07/05/2022;Burnley;35;7;14;14;32;47;-15;35;17;5;6;6;16;20;-4;21;18;2;8;8;16;27;-11;14;Aston Villa;35;12;5;18;46;49;-3;41;18;6;4;8;28;28;0;22;17;6;1;10;18;21;-3;19;3;3.3;2.4;1;3;A
36;07/05/2022;Chelsea;35;20;9;6;71;29;42;69;17;8;6;3;33;19;14;30;18;12;3;3;38;10;28;39;Wolverhampton;35;15;4;16;34;37;-3;49;18;7;2;9;19;24;-5;23;17;8;2;7;15;13;2;26;1.33;5;9.5;2;2;D
36;07/05/2022;Crystal Palace;35;9;14;12;47;45;2;41;17;5;8;4;25;17;8;23;18;4;6;8;22;28;-6;18;Watford;35;6;5;24;32;69;-37;23;18;2;2;14;16;41;-25;8;17;4;3;10;16;28;-12;15;1.65;4;5;1;0;H
36;07/05/2022;Liverpool;35;26;7;2;88;23;65;85;17;14;3;0;45;7;38;45;18;12;4;2;43;16;27;40;Tottenham;35;20;4;11;62;39;23;64;18;12;1;5;37;19;18;37;17;8;3;6;25;20;5;27;1.4;5;7;1;1;D
36;08/05/2022;Arsenal;35;20;3;12;54;44;10;63;17;11;2;4;28;15;13;35;18;9;1;8;26;29;-3;28;Leeds United;35;8;10;17;38;75;-37;34;18;4;5;9;18;37;-19;17;17;4;5;8;20;38;-18;17;1.45;4.5;7;2;1;H
36;08/05/2022;Leicester;35;12;10;13;52;55;-3;46;17;9;4;4;29;20;9;31;18;3;6;9;23;35;-12;15;Everton;35;10;6;19;38;57;-19;36;18;9;2;7;25;22;3;29;17;1;4;12;13;35;-22;7;2.6;3.3;2.75;1;2;A
36;08/05/2022;Man City;35;27;5;3;89;22;67;86;17;13;2;2;50;13;37;41;18;14;3;1;39;9;30;45;Newcastle;35;11;10;14;40;56;-16;43;18;7;6;5;24;27;-3;27;17;4;4;9;16;29;-13;16;1.16;7;17;5;0;H
36;08/05/2022;Norwich;35;5;6;24;22;74;-52;21;17;3;3;11;12;34;-22;12;18;2;3;13;10;40;-30;9;West Ham;35;15;7;13;53;46;7;52;18;9;4;5;31;24;7;31;17;6;3;8;22;22;0;21;4.5;3.8;1.75;0;4;A
37;15/05/2022;Aston Villa;36;13;5;18;49;50;-1;44;18;6;4;8;28;28;0;22;18;7;1;10;21;22;-1;22;Crystal Palace;36;10;14;12;48;45;3;44;18;6;8;4;26;17;9;26;18;4;6;8;22;28;-6;18;2;3.5;3.75;1;1;D
37;15/05/2022;Everton;36;11;6;19;40;58;-18;39;18;9;2;7;25;22;3;29;18;2;4;12;15;36;-21;10;Brentford;36;12;7;17;44;52;-8;43;18;7;3;8;21;19;2;24;18;5;4;9;23;33;-10;19;2.05;3.6;3.5;2;3;A
37;15/05/2022;Leeds United;36;8;10;18;39;77;-38;34;18;4;5;9;18;37;-19;17;18;4;5;9;21;40;-19;17;Brighton;36;11;14;11;38;42;-4;47;18;4;7;7;16;22;-6;19;18;7;7;4;22;20;2;28;2.62;3.5;2.62;1;1;D
37;15/05/2022;Tottenham;36;20;5;11;63;40;23;65;18;12;1;5;37;19;18;37;18;8;4;6;26;21;5;28;Burnley;36;7;14;15;33;50;-17;35;18;5;6;7;17;23;-6;21;18;2;8;8;16;27;-11;14;1.33;5.25;9;1;0;H
37;15/05/2022;Watford;36;6;5;25;32;70;-38;23;18;2;2;14;16;41;-25;8;18;4;3;11;16;29;-13;15;Leicester;36;12;10;14;53;57;-4;46;18;9;4;5;30;22;8;31;18;3;6;9;23;35;-12;15;3.8;3.5;1.95;1;5;A
37;15/05/2022;West Ham;36;16;7;13;57;46;11;55;18;9;4;5;31;24;7;31;18;7;3;8;26;22;4;24;Man City;36;28;5;3;94;22;72;89;18;14;2;2;55;13;42;44;18;14;3;1;39;9;30;45;7.5;5;1.4;2;2;D
37;15/05/2022;Wolverhampton;36;15;5;16;36;39;-3;50;18;7;2;9;19;24;-5;23;18;8;3;7;17;15;2;27;Norwich;36;5;6;25;22;78;-56;21;18;3;3;12;12;38;-26;12;18;2;3;13;10;40;-30;9;1.45;4.75;6.5;1;1;D
37;16/05/2022;Newcastle;36;11;10;15;40;61;-21;43;18;7;6;5;24;27;-3;27;18;4;4;10;16;34;-18;16;Arsenal;36;21;3;12;56;45;11;66;18;12;2;4;30;16;14;38;18;9;1;8;26;29;-3;28;4.33;3.6;1.83;2;0;H
37;17/05/2022;Southampton;36;9;13;14;41;61;-20;40;18;6;7;5;22;22;0;25;18;3;6;9;19;39;-20;15;Liverpool;36;26;8;2;89;24;65;86;18;14;4;0;46;8;38;46;18;12;4;2;43;16;27;40;7.5;5.5;1.33;1;2;A
38;22/05/2022;Arsenal;37;21;3;13;56;47;9;66;18;12;2;4;30;16;14;38;19;9;1;9;26;31;-5;28;Everton;37;11;6;20;42;61;-19;39;19;9;2;8;27;25;2;29;18;2;4;12;15;36;-21;10;1.36;4.75;9;5;1;H
38;22/05/2022;Brentford;37;13;7;17;47;54;-7;46;18;7;3;8;21;19;2;24;19;6;4;9;26;35;-9;22;Leeds United;37;8;11;18;40;78;-38;35;19;4;6;9;19;38;-19;18;18;4;5;9;21;40;-19;17;2.45;3.8;2.62;1;2;A
38;22/05/2022;Brighton;37;11;15;11;39;43;-4;48;18;4;7;7;16;22;-6;19;19;7;8;4;23;21;2;29;West Ham;37;16;8;13;59;48;11;56;19;9;5;5;33;26;7;32;18;7;3;8;26;22;4;24;2.37;3.5;2.9;3;1;H
38;22/05/2022;Burnley;37;7;14;16;33;51;-18;35;18;5;6;7;17;23;-6;21;19;2;8;9;16;28;-12;14;Newcastle;37;12;10;15;42;61;-19;46;19;8;6;5;26;27;-1;30;18;4;4;10;16;34;-18;16;2.25;3.4;3.2;1;2;A
38;22/05/2022;Chelsea;37;20;11;6;74;32;42;71;18;8;7;3;35;21;14;31;19;12;4;3;39;11;28;40;Watford;37;6;5;26;33;75;-42;23;19;2;2;15;17;46;-29;8;18;4;3;11;16;29;-13;15;1.18;7.5;15;2;1;H
38;22/05/2022;Crystal Palace;37;10;15;12;49;46;3;45;18;6;8;4;26;17;9;26;19;4;7;8;23;29;-6;19;Man Utd;37;16;10;11;57;56;1;58;19;10;5;4;32;22;10;35;18;6;5;7;25;34;-9;23;3;3.6;2.25;1;0;H
38;22/05/2022;Leicester;37;13;10;14;58;58;0;49;18;9;4;5;30;22;8;31;19;4;6;9;28;36;-8;18;Southampton;37;9;13;15;42;63;-21;40;19;6;7;6;23;24;-1;25;18;3;6;9;19;39;-20;15;1.85;4;3.8;4;1;H
38;22/05/2022;Liverpool;37;27;8;2;91;25;66;89;18;14;4;0;46;8;38;46;19;13;4;2;45;17;28;43;Wolverhampton;37;15;6;16;37;40;-3;51;19;7;3;9;20;25;-5;24;18;8;3;7;17;15;2;27;1.14;8.5;15;3;1;H
38;22/05/2022;Man City;37;28;6;3;96;24;72;90;18;14;2;2;55;13;42;44;19;14;4;1;41;11;30;46;Aston Villa;37;13;6;18;50;51;-1;45;19;6;5;8;29;29;0;23;18;7;1;10;21;22;-1;22;1.16;8;17;3;2;H
38;22/05/2022;Norwich;37;5;7;25;23;79;-56;22;18;3;3;12;12;38;-26;12;19;2;4;13;11;41;-30;10;Tottenham;37;21;5;11;64;40;24;68;19;13;1;5;38;19;19;40;18;8;4;6;26;21;5;28;9.5;6.5;1.25;0;5;A
11;05/12/2020;Burnley;10;1;2;7;4;18;-14;5;5;1;0;4;1;6;-5;3;5;0;2;3;3;12;-9;2;Everton;10;5;1;4;19;17;2;16;5;2;1;2;12;10;2;7;5;3;0;2;7;7;0;9;4;3.5;1.9;1;1;D
11;05/12/2020;Chelsea;10;5;4;1;22;10;12;19;5;2;2;1;11;6;5;8;5;3;2;0;11;4;7;11;Leeds;10;4;2;4;15;17;-2;14;5;1;2;2;6;9;-3;5;5;3;0;2;9;8;1;9;1.5;4.5;6;3;1;H
11;05/12/2020;Man City;10;5;3;2;17;11;6;18;5;3;1;1;11;6;5;10;5;2;2;1;6;5;1;8;Fulham;10;2;1;7;11;19;-8;7;5;1;0;4;5;11;-6;3;5;1;1;3;6;8;-2;4;1.1;11;19;2;0;H
11;05/12/2020;West Ham;10;5;2;3;17;11;6;17;5;3;1;1;8;4;4;10;5;2;1;2;9;7;2;7;Man Utd;10;6;1;3;17;16;1;19;5;1;1;3;3;10;-7;4;5;5;0;0;14;6;8;15;3.6;3.6;2;1;3;A
11;06/12/2020;Liverpool;10;6;3;1;22;17;5;21;5;5;0;0;14;6;8;15;5;1;3;1;8;11;-3;6;Wolverhampton;10;5;2;3;11;11;0;17;5;2;2;1;6;5;1;8;5;3;0;2;5;6;-1;9;1.5;4.33;6.5;4;0;H
11;06/12/2020;Sheffield;10;0;1;9;4;16;-12;1;5;0;1;4;1;6;-5;1;5;0;0;5;3;10;-7;0;Leicester;10;6;0;4;19;14;5;18;5;2;0;3;6;8;-2;6;5;4;0;1;13;6;7;12;3.8;3.5;1.95;1;2;A
11;06/12/2020;Tottenham;10;6;3;1;21;9;12;21;5;2;2;1;8;6;2;8;5;4;1;0;13;3;10;13;Arsenal;10;4;1;5;10;12;-2;13;5;2;0;3;5;8;-3;6;5;2;1;2;5;4;1;7;1.95;3.6;3.8;2;0;H
11;06/12/2020;West Bromwich;10;1;3;6;7;18;-11;6;5;1;2;2;4;7;-3;5;5;0;1;4;3;11;-8;1;Crystal Palace;10;4;1;5;12;15;-3;13;5;2;1;2;7;6;1;7;5;2;0;3;5;9;-4;6;2.87;3.2;2.55;1;5;A
11;07/12/2020;Brighton;10;2;4;4;14;16;-2;10;5;0;3;2;5;8;-3;3;5;2;1;2;9;8;1;7;Southampton;10;5;2;3;19;16;3;17;5;3;0;2;10;8;2;9;5;2;2;1;9;8;1;8;2.45;3.4;2.9;1;2;A
12;11/12/2020;Leeds;11;4;2;5;16;20;-4;14;5;1;2;2;6;9;-3;5;6;3;0;3;10;11;-1;9;West Ham;11;5;2;4;18;14;4;17;6;3;1;2;9;7;2;10;5;2;1;2;9;7;2;7;2.15;3.7;3.1;1;2;A
12;12/12/2020;Everton;11;5;2;4;20;18;2;17;5;2;1;2;12;10;2;7;6;3;1;2;8;8;0;10;Chelsea;11;6;4;1;25;11;14;22;6;3;2;1;14;7;7;11;5;3;2;0;11;4;7;11;4.33;4.2;1.7;1;0;H
12;12/12/2020;Man Utd;11;7;1;3;20;17;3;22;5;1;1;3;3;10;-7;4;6;6;0;0;17;7;10;18;Man City;11;6;3;2;19;11;8;21;6;4;1;1;13;6;7;13;5;2;2;1;6;5;1;8;4.33;4.2;1.72;0;0;D
12;12/12/2020;Newcastle;11;4;2;5;12;17;-5;14;5;2;0;3;6;11;-5;6;6;2;2;2;6;6;0;8;West Bromwich;11;1;3;7;8;23;-15;6;6;1;2;3;5;12;-7;5;5;0;1;4;3;11;-8;1;2.45;3.2;3;2;1;H
12;12/12/2020;Wolverhampton;11;5;2;4;11;15;-4;17;5;2;2;1;6;5;1;8;6;3;0;3;5;10;-5;9;Aston Villa;11;6;0;5;22;15;7;18;6;3;0;3;14;11;3;9;5;3;0;2;8;4;4;9;2.25;3.25;3.25;0;1;A
12;13/12/2020;Arsenal;11;4;1;6;10;14;-4;13;5;2;0;3;5;8;-3;6;6;2;1;3;5;6;-1;7;Burnley;11;1;3;7;5;19;-14;6;6;1;1;4;2;7;-5;4;5;0;2;3;3;12;-9;2;1.53;4.2;6.25;0;1;A
12;13/12/2020;Crystal Palace;11;5;1;5;17;16;1;16;5;2;1;2;7;6;1;7;6;3;0;3;10;10;0;9;Tottenham;11;7;3;1;23;9;14;24;6;3;2;1;10;6;4;11;5;4;1;0;13;3;10;13;4.5;3.9;1.72;1;1;D
12;13/12/2020;Fulham;11;2;1;8;11;21;-10;7;5;1;0;4;5;11;-6;3;6;1;1;4;6;10;-4;4;Liverpool;11;7;3;1;26;17;9;24;6;6;0;0;18;6;12;18;5;1;3;1;8;11;-3;6;9;5.5;1.3;1;1;D
12;13/12/2020;Leicester;11;7;0;4;21;15;6;21;5;2;0;3;6;8;-2;6;6;5;0;1;15;7;8;15;Brighton;11;2;4;5;15;18;-3;10;6;0;3;3;6;10;-4;3;5;2;1;2;9;8;1;7;2;3.5;3.8;3;0;H
12;13/12/2020;Southampton;11;6;2;3;21;17;4;20;5;3;0;2;10;8;2;9;6;3;2;1;11;9;2;11;Sheffield;11;0;1;10;5;18;-13;1;6;0;1;5;2;8;-6;1;5;0;0;5;3;10;-7;0;1.7;3.75;5;3;0;H
13;15/12/2020;Man City;12;6;4;2;19;11;8;22;6;4;1;1;13;6;7;13;6;2;3;1;6;5;1;9;West Bromwich;12;1;3;8;9;25;-16;6;6;1;2;3;5;12;-7;5;6;0;1;5;4;13;-9;1;1.09;11;21;1;1;D
13;15/12/2020;Wolverhampton;12;5;2;5;11;16;-5;17;6;2;2;2;6;6;0;8;6;3;0;3;5;10;-5;9;Chelsea;12;6;4;2;25;12;13;22;6;3;2;1;14;7;7;11;6;3;2;1;11;5;6;11;5.25;3.8;1.66;2;1;H
13;16/12/2020;Arsenal;12;4;1;7;10;15;-5;13;6;2;0;4;5;9;-4;6;6;2;1;3;5;6;-1;7;Southampton;12;7;2;3;24;17;7;23;6;4;0;2;13;8;5;12;6;3;2;1;11;9;2;11;2.25;3.5;3.1;1;1;D
13;16/12/2020;Fulham;12;2;2;8;12;22;-10;8;6;1;1;4;6;12;-6;4;6;1;1;4;6;10;-4;4;Brighton;12;2;4;6;15;21;-6;10;6;0;3;3;6;10;-4;3;6;2;1;3;9;11;-2;7;2.87;3.3;2.5;0;0;D
13;16/12/2020;Leeds;12;4;2;6;17;22;-5;14;6;1;2;3;7;11;-4;5;6;3;0;3;10;11;-1;9;Newcastle;12;5;2;5;14;18;-4;17;6;3;0;3;8;12;-4;9;6;2;2;2;6;6;0;8;1.75;4;4.33;5;2;H
13;16/12/2020;Leicester;12;8;0;4;24;15;9;24;6;3;0;3;9;8;1;9;6;5;0;1;15;7;8;15;Everton;12;6;2;4;21;18;3;20;6;3;1;2;13;10;3;10;6;3;1;2;8;8;0;10;2.15;3.6;3.25;0;2;A
13;16/12/2020;Liverpool;12;7;4;1;27;18;9;25;6;6;0;0;18;6;12;18;6;1;4;1;9;12;-3;7;Tottenham;12;7;4;1;24;10;14;25;6;3;2;1;10;6;4;11;6;4;2;0;14;4;10;14;1.75;3.8;4.5;2;1;H
13;16/12/2020;West Ham;12;6;2;4;20;15;5;20;6;3;1;2;9;7;2;10;6;3;1;2;11;8;3;10;Crystal Palace;12;5;2;5;18;17;1;17;6;2;2;2;8;7;1;8;6;3;0;3;10;10;0;9;2.05;3.4;3.6;1;1;D
13;17/12/2020;Aston Villa;12;7;0;5;23;15;8;21;6;3;0;3;14;11;3;9;6;4;0;2;9;4;5;12;Burnley;12;2;3;7;6;19;-13;9;6;1;1;4;2;7;-5;4;6;1;2;3;4;12;-8;5;1.75;3.8;4.5;0;0;D
13;17/12/2020;Sheffield;12;0;1;11;5;21;-16;1;6;0;1;5;2;8;-6;1;6;0;0;6;3;13;-10;0;Man Utd;12;7;2;3;20;17;3;23;6;1;2;3;3;10;-7;5;6;6;0;0;17;7;10;18;7;4.6;1.44;2;3;A
14;19/12/2020;Crystal Palace;13;5;3;5;19;18;1;18;6;2;2;2;8;7;1;8;7;3;1;3;11;11;0;10;Liverpool;13;8;4;1;29;19;10;28;7;7;0;0;20;7;13;21;6;1;4;1;9;12;-3;7;6.5;4.33;1.5;0;7;A
14;19/12/2020;Everton;13;7;2;4;23;18;5;23;6;3;1;2;13;10;3;10;7;4;1;2;10;8;2;13;Arsenal;13;4;2;7;11;16;-5;14;7;2;1;4;6;10;-4;7;6;2;1;3;5;6;-1;7;2.45;3.5;2.8;2;1;H
14;19/12/2020;Newcastle;13;5;2;6;16;23;-7;17;6;3;0;3;8;12;-4;9;7;2;2;3;8;11;-3;8;Fulham;13;2;3;8;12;22;-10;9;7;1;2;4;6;12;-6;5;6;1;1;4;6;10;-4;4;2.5;3.25;2.9;1;1;D
14;19/12/2020;Southampton;13;7;3;3;25;18;7;24;6;4;0;2;13;8;5;12;7;3;3;1;12;10;2;12;Man City;13;6;5;2;20;12;8;23;7;4;2;1;14;7;7;14;6;2;3;1;6;5;1;9;7;4.5;1.44;0;1;A
14;20/12/2020;Brighton;13;2;5;6;15;21;-6;11;6;0;3;3;6;10;-4;3;7;2;2;3;9;11;-2;8;Sheffield;13;0;1;12;7;24;-17;1;7;0;1;6;4;11;-7;1;6;0;0;6;3;13;-10;0;1.65;3.75;5.5;1;1;D
14;20/12/2020;Man Utd;13;8;2;3;23;19;4;26;6;1;2;3;3;10;-7;5;7;7;0;0;20;9;11;21;Leeds;13;5;2;6;22;24;-2;17;7;2;2;3;12;13;-1;8;6;3;0;3;10;11;-1;9;1.66;4.33;4.5;6;2;H
14;20/12/2020;Tottenham;13;7;4;2;25;12;13;25;6;3;2;1;10;6;4;11;7;4;2;1;15;6;9;14;Leicester;13;8;0;5;24;17;7;24;7;3;0;4;9;10;-1;9;6;5;0;1;15;7;8;15;2.05;3.5;3.6;0;2;A
14;20/12/2020;West Bromwich;13;1;4;8;10;26;-16;7;6;1;2;3;5;12;-7;5;7;0;2;5;5;14;-9;2;Aston Villa;13;7;1;5;23;15;8;22;7;3;1;3;14;11;3;10;6;4;0;2;9;4;5;12;3.6;3.8;1.95;0;3;A
14;21/12/2020;Burnley;13;2;4;7;6;19;-13;10;6;1;1;4;2;7;-5;4;7;1;3;3;4;12;-8;6;Wolverhampton;13;6;2;5;13;17;-4;20;7;3;2;2;8;7;1;11;6;3;0;3;5;10;-5;9;3.5;3.25;2.2;2;1;H
14;21/12/2020;Chelsea;13;6;4;3;26;14;12;22;6;3;2;1;14;7;7;11;7;3;2;2;12;7;5;11;West Ham;13;6;3;4;21;16;5;21;7;3;2;2;10;8;2;11;6;3;1;2;11;8;3;10;1.44;5;6.25;3;0;H
15;26/12/2020;Arsenal;14;4;2;8;12;18;-6;14;7;2;1;4;6;10;-4;7;7;2;1;4;6;8;-2;7;Chelsea;14;7;4;3;29;14;15;25;7;4;2;1;17;7;10;14;7;3;2;2;12;7;5;11;4;3.6;1.9;3;1;H
15;26/12/2020;Aston Villa;14;8;1;5;26;15;11;25;7;3;1;3;14;11;3;10;7;5;0;2;12;4;8;15;Crystal Palace;14;5;3;6;19;25;-6;18;7;2;2;3;8;14;-6;8;7;3;1;3;11;11;0;10;1.9;3.75;3.8;3;0;H
15;26/12/2020;Fulham;14;2;4;8;13;23;-10;10;7;1;2;4;6;12;-6;5;7;1;2;4;7;11;-4;5;Southampton;14;7;3;4;25;19;6;24;7;4;0;3;13;9;4;12;7;3;3;1;12;10;2;12;3.2;3.3;2.3;0;0;D
15;26/12/2020;Leicester;14;9;0;5;26;17;9;27;7;3;0;4;9;10;-1;9;7;6;0;1;17;7;10;18;Man Utd;14;9;2;3;29;21;8;29;7;2;2;3;9;12;-3;8;7;7;0;0;20;9;11;21;2.9;3.6;2.3;2;2;D
15;26/12/2020;Man City;14;7;5;2;21;12;9;26;7;4;2;1;14;7;7;14;7;3;3;1;7;5;2;12;Newcastle;14;5;3;6;17;24;-7;18;7;3;1;3;9;13;-4;10;7;2;2;3;8;11;-3;8;1.11;10;19;2;0;H
15;26/12/2020;Sheffield;14;0;2;12;8;25;-17;2;7;0;1;6;4;11;-7;1;7;0;1;6;4;14;-10;1;Everton;14;8;2;4;25;19;6;26;7;4;1;2;15;11;4;13;7;4;1;2;10;8;2;13;4.2;3.6;1.85;0;1;A
16;28/12/2020;Chelsea;15;7;4;4;30;17;13;25;7;4;2;1;17;7;10;14;8;3;2;3;13;10;3;11;Aston Villa;15;9;1;5;29;15;14;28;8;4;1;3;17;11;6;13;7;5;0;2;12;4;8;15;1.61;4.2;5;1;1;D
16;28/12/2020;Crystal Palace;15;5;3;7;19;28;-9;18;7;2;2;3;8;14;-6;8;8;3;1;4;11;14;-3;10;Leicester;15;9;1;5;28;19;9;28;8;3;1;4;11;12;-1;10;7;6;0;1;17;7;10;18;3.75;3.5;2;1;1;D
15;27/12/2020;Leeds;14;5;2;7;24;30;-6;17;7;2;2;3;12;13;-1;8;7;3;0;4;12;17;-5;9;Burnley;14;3;4;7;8;20;-12;13;7;2;1;4;4;8;-4;7;7;1;3;3;4;12;-8;6;1.72;4;4.33;1;0;H
15;27/12/2020;Liverpool;14;9;4;1;36;19;17;31;7;7;0;0;20;7;13;21;7;2;4;1;16;12;4;10;West Bromwich;14;1;4;9;10;29;-19;7;7;1;2;4;5;15;-10;5;7;0;2;5;5;14;-9;2;1.11;10;19;1;1;D
15;27/12/2020;West Ham;14;6;3;5;21;19;2;21;7;3;2;2;10;8;2;11;7;3;1;3;11;11;0;10;Brighton;14;2;6;6;16;22;-6;12;7;0;4;3;7;11;-4;4;7;2;2;3;9;11;-2;8;2.3;3.4;3.1;2;2;D
15;27/12/2020;Wolverhampton;14;6;2;6;14;19;-5;20;7;3;2;2;8;7;1;11;7;3;0;4;6;12;-6;9;Tottenham;14;7;4;3;25;14;11;25;7;3;2;2;10;8;2;11;7;4;2;1;15;6;9;14;3.6;3.25;2.15;1;1;D
16;29/12/2020;Brighton;15;2;7;6;18;24;-6;13;7;0;4;3;7;11;-4;4;8;2;3;3;11;13;-2;9;Arsenal;15;5;2;8;15;19;-4;17;8;3;1;4;9;11;-2;10;7;2;1;4;6;8;-2;7;3.25;3.5;2.2;0;1;A
16;29/12/2020;Burnley;15;3;4;8;8;21;-13;13;7;2;1;4;4;8;-4;7;8;1;3;4;4;13;-9;6;Sheffield;15;0;2;13;8;26;-18;2;8;0;1;7;4;12;-8;1;7;0;1;6;4;14;-10;1;2.37;3.1;3.25;1;0;H
16;29/12/2020;Man Utd;15;9;3;3;31;23;8;30;7;2;2;3;9;12;-3;8;8;7;1;0;22;11;11;22;Wolverhampton;15;6;3;6;15;20;-5;21;8;3;3;2;9;8;1;12;7;3;0;4;6;12;-6;9;1.53;4.2;6.25;1;0;H
16;29/12/2020;Southampton;15;7;4;4;25;19;6;25;7;4;0;3;13;9;4;12;8;3;4;1;12;10;2;13;West Ham;15;6;4;5;23;21;2;22;8;3;3;2;12;10;2;12;7;3;1;3;11;11;0;10;2.1;3.6;3.4;0;0;D
16;29/12/2020;West Bromwich;15;1;5;9;11;30;-19;8;7;1;2;4;5;15;-10;5;8;0;3;5;6;15;-9;3;Leeds;15;6;2;7;25;30;-5;20;8;3;2;3;13;13;0;11;7;3;0;4;12;17;-5;9;3.6;3.6;2;0;5;A
16;30/12/2020;Newcastle;15;5;3;7;17;26;-9;18;7;3;1;3;9;13;-4;10;8;2;2;4;8;13;-5;8;Liverpool;15;9;5;1;37;20;17;32;8;7;1;0;21;8;13;22;7;2;4;1;16;12;4;10;12;6;1.25;0;0;D
17;02/01/2021;Brighton;16;2;7;7;18;25;-7;13;8;0;4;4;7;12;-5;4;8;2;3;3;11;13;-2;9;Wolverhampton;16;6;3;7;15;21;-6;21;8;3;3;2;9;8;1;12;8;3;0;5;6;13;-7;9;2.62;3.25;2.75;3;3;D
17;02/01/2021;Crystal Palace;16;5;4;7;20;29;-9;19;8;2;3;3;9;15;-6;9;8;3;1;4;11;14;-3;10;Sheffield;16;0;2;14;8;27;-19;2;8;0;1;7;4;12;-8;1;8;0;1;7;4;15;-11;1;1.95;3.5;3.9;2;0;H
17;02/01/2021;Tottenham;16;7;6;3;27;16;11;27;8;3;3;2;11;9;2;12;8;4;3;1;16;7;9;15;Leeds;16;7;2;7;30;30;0;23;8;3;2;3;13;13;0;11;8;4;0;4;17;17;0;12;1.75;4.1;4.2;3;0;H
17;02/01/2021;West Bromwich;16;1;5;10;11;35;-24;8;8;1;2;5;5;20;-15;5;8;0;3;5;6;15;-9;3;Arsenal;16;6;2;8;16;19;-3;20;8;3;1;4;9;11;-2;10;8;3;1;4;7;8;-1;10;5.75;4;1.57;0;4;A
17;03/01/2021;Chelsea;16;7;5;4;31;18;13;26;8;4;3;1;18;8;10;15;8;3;2;3;13;10;3;11;Man City;16;9;5;2;26;13;13;32;8;5;2;1;16;7;9;17;8;4;3;1;10;6;4;15;3;3.7;2.2;1;3;A
17;03/01/2021;Newcastle;16;5;4;7;17;26;-9;19;8;3;2;3;9;13;-4;11;8;2;2;4;8;13;-5;8;Leicester;16;9;2;5;29;20;9;29;8;3;1;4;11;12;-1;10;8;6;1;1;18;8;10;19;5.25;4.2;1.61;1;2;A
17;04/01/2021;Southampton;16;7;5;4;25;19;6;26;8;4;1;3;13;9;4;13;8;3;4;1;12;10;2;13;Liverpool;16;9;6;1;37;20;17;33;8;7;1;0;21;8;13;22;8;2;5;1;16;12;4;11;5;4.33;1.61;1;0;H
18;13/01/2021;Man City;17;10;5;2;29;14;15;35;8;5;2;1;16;7;9;17;9;5;3;1;13;7;6;18;Brighton;17;2;8;7;21;28;-7;14;9;0;5;4;10;15;-5;5;8;2;3;3;11;13;-2;9;1.14;8.5;16;1;0;H
18;14/01/2021;Arsenal;17;7;2;8;20;19;1;23;8;3;1;4;9;11;-2;10;9;4;1;4;11;8;3;13;Crystal Palace;17;6;4;7;22;29;-7;22;9;3;3;3;11;15;-4;12;8;3;1;4;11;14;-3;10;1.53;4;6.5;0;0;D
19;16/01/2021;Fulham;18;2;7;9;16;27;-11;13;9;1;3;5;7;14;-7;6;9;1;4;4;9;13;-4;7;Chelsea;18;7;5;6;32;23;9;26;9;4;3;2;19;11;8;15;9;3;2;4;13;12;1;11;6.5;4.33;1.5;0;1;A
19;16/01/2021;Leeds;18;8;2;8;33;33;0;26;9;4;2;3;16;13;3;14;9;4;0;5;17;20;-3;12;Brighton;18;2;8;8;21;29;-8;14;9;0;5;4;10;15;-5;5;9;2;3;4;11;14;-3;9;2.1;3.5;3.4;0;1;A
19;16/01/2021;Leicester;18;11;2;5;33;21;12;35;9;4;1;4;13;12;1;13;9;7;1;1;20;9;11;22;Southampton;18;8;5;5;26;22;4;29;9;5;1;3;14;9;5;16;9;3;4;2;12;13;-1;13;1.8;3.75;4.5;2;0;H
19;16/01/2021;West Ham;18;8;5;5;26;22;4;29;9;4;3;2;14;11;3;15;9;4;2;3;12;11;1;14;Burnley;18;5;5;8;11;22;-11;20;9;3;2;4;6;9;-3;11;9;2;3;4;5;13;-8;9;1.8;3.5;4.75;1;0;H
19;16/01/2021;Wolverhampton;18;6;4;8;19;26;-7;22;9;3;3;3;10;10;0;12;9;3;1;5;9;16;-7;10;West Bromwich;18;1;5;12;12;41;-29;8;9;1;2;6;5;24;-19;5;9;0;3;6;7;17;-10;3;1.6;3.5;7;2;3;A
19;17/01/2021;Liverpool;18;9;6;3;37;22;15;33;9;7;1;1;21;9;12;22;9;2;5;2;16;13;3;11;Man Utd;18;12;3;3;36;25;11;39;9;4;2;3;12;13;-1;14;9;8;1;0;24;12;12;25;1.95;3.8;3.6;0;0;D
19;17/01/2021;Man City;18;11;5;2;30;14;16;38;9;6;2;1;17;7;10;20;9;5;3;1;13;7;6;18;Crystal Palace;18;6;5;7;22;29;-7;23;9;3;3;3;11;15;-4;12;9;3;2;4;11;14;-3;11;1.14;8.5;17;4;0;H
19;17/01/2021;Sheffield;18;1;2;15;9;29;-20;5;9;1;1;7;5;12;-7;4;9;0;1;8;4;17;-13;1;Tottenham;18;9;6;3;32;16;16;33;9;4;3;2;14;9;5;15;9;5;3;1;18;7;11;18;6.25;3.75;1.6;1;3;A
19;18/01/2021;Arsenal;18;7;3;8;20;19;1;24;9;3;2;4;9;11;-2;11;9;4;1;4;11;8;3;13;Newcastle;18;5;4;9;18;29;-11;19;9;3;2;4;10;15;-5;11;9;2;2;5;8;14;-6;8;1.4;4.5;8;3;0;H
20;26/01/2021;Crystal Palace;19;6;5;8;22;33;-11;23;9;3;3;3;11;15;-4;12;10;3;2;5;11;18;-7;11;West Ham;19;9;5;5;27;22;5;32;10;5;3;2;15;11;4;18;9;4;2;3;12;11;1;14;3.1;3.25;2.37;2;3;A
20;26/01/2021;Newcastle;19;5;4;10;18;32;-14;19;9;3;2;4;10;15;-5;11;10;2;2;6;8;17;-9;8;Leeds;19;8;2;9;33;34;-1;26;10;4;2;4;16;14;2;14;9;4;0;5;17;20;-3;12;3.9;3.8;1.85;1;2;A
20;26/01/2021;Southampton;19;8;5;6;26;24;2;29;9;5;1;3;14;9;5;16;10;3;4;3;12;15;-3;13;Arsenal;19;8;3;8;23;19;4;27;10;4;2;4;12;11;1;14;9;4;1;4;11;8;3;13;3.5;3.6;2.05;1;3;A
20;26/01/2021;West Bromwich;19;2;5;12;15;43;-28;11;9;1;2;6;5;24;-19;5;10;1;3;6;10;19;-9;6;Man City;19;12;5;2;34;14;20;41;10;7;2;1;21;7;14;23;9;5;3;1;13;7;6;18;15;7.5;1.18;0;5;A
20;27/01/2021;Brighton;19;3;8;8;22;29;-7;17;9;0;5;4;10;15;-5;5;10;3;3;4;12;14;-2;12;Fulham;19;2;7;10;16;28;-12;13;10;1;3;6;7;15;-8;6;9;1;4;4;9;13;-4;7;2.05;3.4;3.75;0;0;D
20;27/01/2021;Burnley;19;5;5;9;11;23;-12;20;9;3;2;4;6;9;-3;11;10;2;3;5;5;14;-9;9;Aston Villa;19;9;3;7;31;20;11;30;10;4;2;4;17;13;4;14;9;5;1;3;14;7;7;16;3.8;3.5;1.95;3;2;H
20;27/01/2021;Chelsea;19;8;5;6;33;23;10;29;9;4;3;2;19;11;8;15;10;4;2;4;14;12;2;14;Wolverhampton;19;6;4;9;21;29;-8;22;10;3;3;4;12;13;-1;12;9;3;1;5;9;16;-7;10;1.6;4.2;5.25;0;0;D
20;27/01/2021;Everton;19;10;3;6;29;24;5;33;9;4;1;4;16;15;1;13;10;6;2;2;13;9;4;20;Leicester;19;12;2;5;35;21;14;38;10;5;1;4;15;12;3;16;9;7;1;1;20;9;11;22;2.8;3.3;2.55;1;1;D
20;27/01/2021;Man Utd;19;12;4;3;36;25;11;40;9;4;2;3;12;13;-1;14;10;8;2;0;24;12;12;26;Sheffield;19;1;2;16;10;32;-22;5;10;1;1;8;6;15;-9;4;9;0;1;8;4;17;-13;1;1.25;6;11;1;2;A
20;28/01/2021;Tottenham;19;10;6;3;35;17;18;36;9;4;3;2;14;9;5;15;10;6;3;1;21;8;13;21;Liverpool;19;9;7;3;37;22;15;34;10;7;2;1;21;9;12;23;9;2;5;2;16;13;3;11;3.2;3.6;2.2;1;3;A
21;30/01/2021;Arsenal;20;9;3;8;26;20;6;30;10;4;2;4;12;11;1;14;10;5;1;4;14;9;5;16;Man Utd;20;12;4;4;37;27;10;40;10;4;2;4;13;15;-2;14;10;8;2;0;24;12;12;26;2.8;3.5;2.45;0;0;D
21;30/01/2021;Crystal Palace;20;6;5;9;24;36;-12;23;10;3;3;4;13;18;-5;12;10;3;2;5;11;18;-7;11;Wolverhampton;20;6;5;9;21;29;-8;23;10;3;3;4;12;13;-1;12;10;3;2;5;9;16;-7;11;2.87;3.2;2.55;1;0;H
21;30/01/2021;Everton;20;10;4;6;30;25;5;34;10;4;2;4;17;16;1;14;10;6;2;2;13;9;4;20;Newcastle;20;5;4;11;19;34;-15;19;10;3;2;5;11;17;-6;11;10;2;2;6;8;17;-9;8;1.55;4;6.5;0;2;A
21;30/01/2021;Man City;20;13;5;2;39;14;25;44;10;7;2;1;21;7;14;23;10;6;3;1;18;7;11;21;Sheffield;20;2;2;16;12;33;-21;8;10;1;1;8;6;15;-9;4;10;1;1;8;6;18;-12;4;1.12;9;18;1;0;H
21;30/01/2021;Southampton;20;8;5;7;27;27;0;29;10;5;1;4;15;12;3;16;10;3;4;3;12;15;-3;13;Aston Villa;20;9;3;8;33;23;10;30;10;4;2;4;17;13;4;14;10;5;1;4;16;10;6;16;2.8;3.6;2.37;0;1;A
21;30/01/2021;West Bromwich;20;2;5;13;15;48;-33;11;10;1;2;7;5;29;-24;5;10;1;3;6;10;19;-9;6;Fulham;20;2;8;10;16;28;-12;14;10;1;3;6;7;15;-8;6;10;1;5;4;9;13;-4;8;3.3;3.2;2.3;2;2;D
21;31/01/2021;Brighton;20;3;9;8;22;29;-7;18;10;0;6;4;10;15;-5;6;10;3;3;4;12;14;-2;12;Tottenham;20;10;6;4;36;20;16;36;10;4;3;3;15;12;3;15;10;6;3;1;21;8;13;21;3.2;3.4;2.25;1;0;H
21;31/01/2021;Chelsea;20;8;6;6;33;23;10;30;10;4;4;2;19;11;8;16;10;4;2;4;14;12;2;14;Burnley;20;6;5;9;14;25;-11;23;10;4;2;4;9;11;-2;14;10;2;3;5;5;14;-9;9;1.33;5;9.5;2;0;H
21;31/01/2021;Leicester;20;12;3;5;36;22;14;39;10;5;1;4;15;12;3;16;10;7;2;1;21;10;11;23;Leeds;20;9;2;9;35;35;0;29;10;4;2;4;16;14;2;14;10;5;0;5;19;21;-2;15;1.8;4;4.2;1;3;A
21;31/01/2021;West Ham;20;10;5;5;30;24;6;35;10;5;3;2;15;11;4;18;10;5;2;3;15;13;2;17;Liverpool;20;10;7;3;40;23;17;37;10;7;2;1;21;9;12;23;10;3;5;2;19;14;5;14;4.33;4;1.75;1;3;A
22;02/02/2021;Man Utd;21;12;5;4;37;27;10;41;10;4;2;4;13;15;-2;14;11;8;3;0;24;12;12;27;Southampton;21;8;5;8;27;28;-1;29;11;5;1;5;15;13;2;16;10;3;4;3;12;15;-3;13;1.4;4.75;7;9;0;H
22;02/02/2021;Newcastle;21;6;4;11;21;34;-13;22;10;3;2;5;11;17;-6;11;11;3;2;6;10;17;-7;11;Crystal Palace;21;7;5;9;25;36;-11;26;11;4;3;4;14;18;-4;15;10;3;2;5;11;18;-7;11;2.8;3.2;2.6;1;2;A
22;02/02/2021;Sheffield;21;2;2;17;12;34;-22;8;10;1;1;8;6;15;-9;4;11;1;1;9;6;19;-13;4;West Bromwich;21;2;6;13;17;50;-33;12;11;1;3;7;7;31;-24;6;10;1;3;6;10;19;-9;6;2;3.3;4;2;1;H
22;02/02/2021;Wolverhampton;21;6;5;10;21;30;-9;23;10;3;3;4;12;13;-1;12;11;3;2;6;9;17;-8;11;Arsenal;21;9;4;8;26;20;6;31;11;4;3;4;12;11;1;15;10;5;1;4;14;9;5;16;3.6;3.3;2.1;2;1;H
22;03/02/2021;Aston Villa;21;10;3;8;34;23;11;33;10;4;2;4;17;13;4;14;11;6;1;4;17;10;7;19;West Ham;21;10;5;6;31;27;4;35;11;5;3;3;16;14;2;18;10;5;2;3;15;13;2;17;2.2;3.4;3.25;1;3;A
22;03/02/2021;Burnley;21;6;5;10;14;27;-13;23;10;4;2;4;9;11;-2;14;11;2;3;6;5;16;-11;9;Man City;21;14;5;2;40;14;26;47;11;8;2;1;22;7;15;26;10;6;3;1;18;7;11;21;13;7;1.2;0;2;A
22;03/02/2021;Fulham;21;2;9;10;18;30;-12;15;10;1;3;6;7;15;-8;6;11;1;6;4;11;15;-4;9;Leicester;21;12;3;6;37;25;12;39;11;5;1;5;16;15;1;16;10;7;2;1;21;10;11;23;4;3.5;1.9;0;2;A
22;03/02/2021;Leeds;21;10;2;9;38;36;2;32;10;4;2;4;16;14;2;14;11;6;0;5;22;22;0;18;Everton;21;10;4;7;30;27;3;34;11;4;2;5;17;18;-1;14;10;6;2;2;13;9;4;20;2.5;3.5;2.7;1;2;A
22;03/02/2021;Liverpool;21;11;7;3;43;24;19;40;10;7;2;1;21;9;12;23;11;4;5;2;22;15;7;17;Brighton;21;4;9;8;23;29;-6;21;11;1;6;4;11;15;-4;9;10;3;3;4;12;14;-2;12;1.33;5.25;9;0;1;A
22;04/02/2021;Tottenham;21;10;6;5;36;21;15;36;10;4;3;3;15;12;3;15;11;6;3;2;21;9;12;21;Chelsea;21;9;6;6;35;23;12;33;11;5;4;2;21;11;10;19;10;4;2;4;14;12;2;14;3.5;3.4;2.1;0;1;A
23;06/02/2021;Aston Villa;22;10;3;9;35;26;9;33;11;4;2;5;18;16;2;14;11;6;1;4;17;10;7;19;Arsenal;22;9;4;9;27;22;5;31;11;4;3;4;12;11;1;15;11;5;1;5;15;11;4;16;2.62;3.5;2.6;1;0;H
23;06/02/2021;Burnley;22;6;5;11;14;29;-15;23;11;4;2;5;9;13;-4;14;11;2;3;6;5;16;-11;9;Brighton;22;5;9;8;24;29;-5;24;11;1;6;4;11;15;-4;9;11;4;3;4;13;14;-1;15;3.6;3.1;2.2;1;1;D
23;06/02/2021;Fulham;22;2;9;11;18;32;-14;15;11;1;3;7;7;17;-10;6;11;1;6;4;11;15;-4;9;West Ham;22;11;5;6;34;28;6;38;11;5;3;3;16;14;2;18;11;6;2;3;18;14;4;20;3.6;3.5;2.05;0;0;D
23;06/02/2021;Man Utd;22;13;5;4;46;27;19;44;11;5;2;4;22;15;7;17;11;8;3;0;24;12;12;27;Everton;22;11;4;7;32;28;4;37;11;4;2;5;17;18;-1;14;11;7;2;2;15;10;5;23;1.53;4.2;6;3;3;D
23;06/02/2021;Newcastle;22;6;4;12;22;36;-14;22;11;3;2;6;12;19;-7;11;11;3;2;6;10;17;-7;11;Southampton;22;8;5;9;27;37;-10;29;11;5;1;5;15;13;2;16;11;3;4;4;12;24;-12;13;3;3.3;2.4;3;2;H
23;07/02/2021;Liverpool;22;11;7;4;43;25;18;40;11;7;2;2;21;10;11;23;11;4;5;2;22;15;7;17;Man City;22;15;5;2;42;14;28;50;11;8;2;1;22;7;15;26;11;7;3;1;20;7;13;24;3.4;3.6;2.05;1;4;A
23;07/02/2021;Sheffield;22;3;2;17;14;35;-21;11;11;2;1;8;8;16;-8;7;11;1;1;9;6;19;-13;4;Chelsea;22;10;6;6;36;23;13;36;11;5;4;2;21;11;10;19;11;5;2;4;15;12;3;17;7;4.5;1.45;1;2;A
23;07/02/2021;Tottenham;22;10;6;6;36;22;14;36;11;4;3;4;15;13;2;15;11;6;3;2;21;9;12;21;West Bromwich;22;2;6;14;18;52;-34;12;11;1;3;7;7;31;-24;6;11;1;3;7;11;21;-10;6;1.45;4.5;7;2;0;H
23;07/02/2021;Wolverhampton;22;7;5;10;23;31;-8;26;11;4;3;4;14;14;0;15;11;3;2;6;9;17;-8;11;Leicester;22;13;3;6;39;25;14;42;11;5;1;5;16;15;1;16;11;8;2;1;23;10;13;26;3.5;3.4;2.1;0;0;D
23;08/02/2021;Leeds;22;10;2;10;39;38;1;32;11;4;2;5;17;16;1;14;11;6;0;5;22;22;0;18;Crystal Palace;22;8;5;9;27;37;-10;29;11;4;3;4;14;18;-4;15;11;4;2;5;13;19;-6;14;1.8;3.8;4.2;2;0;H
24;13/02/2021;Brighton;23;5;10;8;25;30;-5;25;11;1;6;4;11;15;-4;9;12;4;4;4;14;15;-1;16;Aston Villa;23;11;3;9;36;26;10;36;12;5;2;5;19;16;3;17;11;6;1;4;17;10;7;19;2.7;3.5;2.5;0;0;D
24;13/02/2021;Crystal Palace;23;8;5;10;27;39;-12;29;11;4;3;4;14;18;-4;15;12;4;2;6;13;21;-8;14;Burnley;23;6;6;11;15;30;-15;24;12;4;3;5;10;14;-4;15;11;2;3;6;5;16;-11;9;2.37;3.1;3.2;0;3;A
24;13/02/2021;Leicester;23;13;4;6;39;25;14;43;11;5;1;5;16;15;1;16;12;8;3;1;23;10;13;27;Liverpool;23;11;7;5;44;29;15;40;12;7;2;3;22;14;8;23;11;4;5;2;22;15;7;17;3.5;3.4;2.1;3;1;H
24;13/02/2021;Man City;23;16;5;2;46;15;31;53;11;8;2;1;22;7;15;26;12;8;3;1;24;8;16;27;Tottenham;23;11;6;6;38;22;16;39;12;5;3;4;17;13;4;18;11;6;3;2;21;9;12;21;1.28;5.75;9.5;3;0;H
24;14/02/2021;Arsenal;23;9;4;10;27;23;4;31;11;4;3;4;12;11;1;15;12;5;1;6;15;12;3;16;Leeds;23;11;2;10;41;38;3;35;12;5;2;5;19;16;3;17;11;6;0;5;22;22;0;18;1.83;3.8;4;4;2;H
24;14/02/2021;Everton;23;11;5;7;35;31;4;38;11;4;2;5;17;18;-1;14;12;7;3;2;18;13;5;24;Fulham;23;2;10;11;18;32;-14;16;12;1;4;7;7;17;-10;7;11;1;6;4;11;15;-4;9;1.85;3.6;4.2;0;2;A
24;14/02/2021;Southampton;23;8;5;10;29;40;-11;29;11;5;1;5;15;13;2;16;12;3;4;5;14;27;-13;13;Wolverhampton;23;7;6;10;23;31;-8;27;12;4;4;4;14;14;0;16;11;3;2;6;9;17;-8;11;2.37;3.2;3.1;1;2;A
24;14/02/2021;West Bromwich;23;2;6;15;18;54;-36;12;11;1;3;7;7;31;-24;6;12;1;3;8;11;23;-12;6;Man Utd;23;13;6;4;49;30;19;45;12;5;3;4;25;18;7;18;11;8;3;0;24;12;12;27;10;5.5;1.3;1;1;D
24;15/02/2021;Chelsea;23;11;6;6;38;24;14;39;11;5;4;2;21;11;10;19;12;6;2;4;17;13;4;20;Newcastle;23;7;4;12;25;38;-13;25;12;4;2;6;15;21;-6;14;11;3;2;6;10;17;-7;11;1.22;6.5;12;2;0;H
24;15/02/2021;West Ham;23;11;6;6;34;28;6;39;11;5;3;3;16;14;2;18;12;6;3;3;18;14;4;21;Sheffield;23;3;2;18;15;37;-22;11;12;2;1;9;9;18;-9;7;11;1;1;9;6;19;-13;4;1.66;3.75;5.25;3;0;H
25;19/02/2021;Wolverhampton;24;8;6;10;25;32;-7;30;12;4;4;4;14;14;0;16;12;4;2;6;11;18;-7;14;Leeds;24;11;2;11;43;42;1;35;12;5;2;5;19;16;3;17;12;6;0;6;24;26;-2;18;2.37;3.3;3;1;0;H
25;20/02/2021;Burnley;24;7;6;11;18;30;-12;27;12;4;3;5;10;14;-4;15;12;3;3;6;8;16;-8;12;West Bromwich;24;2;7;15;19;55;-36;13;12;1;4;7;8;32;-24;7;12;1;3;8;11;23;-12;6;2;3.3;4;0;0;D
25;20/02/2021;Fulham;24;3;10;11;20;32;-12;19;12;1;4;7;7;17;-10;7;12;2;6;4;13;15;-2;12;Sheffield;24;3;2;19;15;40;-25;11;12;2;1;9;9;18;-9;7;12;1;1;10;6;22;-16;4;2.15;3.2;3.6;1;0;H
25;20/02/2021;Liverpool;24;11;7;6;45;32;13;40;12;7;2;3;22;14;8;23;12;4;5;3;23;18;5;17;Everton;24;11;5;8;35;33;2;38;12;4;2;6;17;20;-3;14;12;7;3;2;18;13;5;24;1.44;4.5;7;0;2;A
25;20/02/2021;Southampton;24;8;5;11;30;42;-12;29;12;5;1;6;16;15;1;16;12;3;4;5;14;27;-13;13;Chelsea;24;12;6;6;40;24;16;42;12;6;4;2;23;11;12;22;12;6;2;4;17;13;4;20;5;3.8;1.7;1;1;D
25;21/02/2021;Arsenal;24;10;4;10;31;25;6;34;12;5;3;4;16;13;3;18;12;5;1;6;15;12;3;16;Man City;24;17;5;2;49;15;34;56;12;9;2;1;25;7;18;29;12;8;3;1;24;8;16;27;6.5;4.33;1.5;0;1;A
25;21/02/2021;Aston Villa;24;11;4;9;36;26;10;37;12;5;2;5;19;16;3;17;12;6;2;4;17;10;7;20;Leicester;24;14;4;6;42;26;16;46;12;6;1;5;19;16;3;19;12;8;3;1;23;10;13;27;2.87;3.5;2.4;1;2;A
25;21/02/2021;Man Utd;24;13;7;4;50;31;19;46;12;5;3;4;25;18;7;18;12;8;4;0;25;13;12;28;Newcastle;24;7;4;13;25;40;-15;25;12;4;2;6;15;21;-6;14;12;3;2;7;10;19;-9;11;1.28;5.5;10;3;1;H
25;21/02/2021;West Ham;24;12;6;6;37;28;9;42;12;6;3;3;19;14;5;21;12;6;3;3;18;14;4;21;Tottenham;24;11;6;7;38;25;13;39;12;5;3;4;17;13;4;18;12;6;3;3;21;12;9;21;2.62;3.4;2.7;2;1;H
25;22/02/2021;Brighton;24;5;11;8;25;30;-5;26;12;1;7;4;11;15;-4;10;12;4;4;4;14;15;-1;16;Crystal Palace;24;8;5;11;27;42;-15;29;12;4;3;5;14;21;-7;15;12;4;2;6;13;21;-8;14;1.7;3.5;5.5;1;2;A
26;27/02/2021;Leeds;25;11;2;12;43;43;0;35;12;5;2;5;19;16;3;17;13;6;0;7;24;27;-3;18;Aston Villa;25;11;4;10;37;28;9;37;13;5;2;6;20;18;2;17;12;6;2;4;17;10;7;20;2.15;3.6;3.2;0;1;A
26;27/02/2021;Man City;25;18;5;2;50;15;35;59;12;9;2;1;25;7;18;29;13;9;3;1;25;8;17;30;West Ham;25;13;6;6;39;29;10;45;13;7;3;3;21;15;6;24;12;6;3;3;18;14;4;21;1.22;6.5;12;2;1;H
26;27/02/2021;Newcastle;25;7;4;14;26;43;-17;25;12;4;2;6;15;21;-6;14;13;3;2;8;11;22;-11;11;Wolverhampton;25;9;6;10;26;32;-6;33;13;5;4;4;15;14;1;19;12;4;2;6;11;18;-7;14;3.5;3.2;2.2;1;1;D
26;27/02/2021;West Bromwich;25;2;8;15;19;55;-36;14;12;1;4;7;8;32;-24;7;13;1;4;8;11;23;-12;7;Brighton;25;5;11;9;26;32;-6;26;13;1;7;5;12;17;-5;10;12;4;4;4;14;15;-1;16;4.2;3.3;1.95;1;0;H
26;28/02/2021;Chelsea;25;12;7;6;41;25;16;43;12;6;4;2;23;11;12;22;13;6;3;4;18;14;4;21;Man Utd;25;14;7;4;53;32;21;49;13;6;3;4;28;19;9;21;12;8;4;0;25;13;12;28;2.15;3.4;3.4;0;0;D
26;28/02/2021;Crystal Palace;25;9;5;11;29;43;-14;32;12;4;3;5;14;21;-7;15;13;5;2;6;15;22;-7;17;Fulham;25;4;10;11;21;32;-11;22;13;2;4;7;8;17;-9;10;12;2;6;4;13;15;-2;12;3.5;3.2;2.2;0;0;D
26;28/02/2021;Leicester;25;15;4;6;44;27;17;49;12;6;1;5;19;16;3;19;13;9;3;1;25;11;14;30;Arsenal;25;10;4;11;31;26;5;34;13;5;3;5;16;14;2;18;12;5;1;6;15;12;3;16;2.5;3.4;2.8;1;3;A
26;28/02/2021;Sheffield;25;3;2;20;15;41;-26;11;12;2;1;9;9;18;-9;7;13;1;1;11;6;23;-17;4;Liverpool;25;11;7;7;45;34;11;40;13;7;2;4;22;16;6;23;12;4;5;3;23;18;5;17;8;5;1.36;0;2;A
26;28/02/2021;Tottenham;25;11;6;8;39;27;12;39;12;5;3;4;17;13;4;18;13;6;3;4;22;14;8;21;Burnley;25;7;7;11;18;30;-12;28;13;4;4;5;10;14;-4;16;12;3;3;6;8;16;-8;12;1.53;4;6.5;4;0;H
26;01/03/2021;Everton;25;12;5;8;37;33;4;41;12;4;2;6;17;20;-3;14;13;8;3;2;20;13;7;27;Southampton;25;8;6;11;31;43;-12;30;13;5;2;6;17;16;1;17;12;3;4;5;14;27;-13;13;2.15;3.5;3.3;1;0;H
27;06/03/2021;Aston Villa;26;12;4;10;38;28;10;40;13;5;2;6;20;18;2;17;13;7;2;4;18;10;8;23;Wolverhampton;26;9;7;10;27;33;-6;34;13;5;4;4;15;14;1;19;13;4;3;6;12;19;-7;15;2.37;3.25;3.1;0;0;D
27;06/03/2021;Brighton;26;5;11;10;26;33;-7;26;13;1;7;5;12;17;-5;10;13;4;4;5;14;16;-2;16;Leicester;26;15;4;7;45;30;15;49;13;6;1;6;20;19;1;19;13;9;3;1;25;11;14;30;2.55;3.25;2.8;1;2;A
27;06/03/2021;Burnley;26;7;7;12;18;34;-16;28;13;4;4;5;10;14;-4;16;13;3;3;7;8;20;-12;12;Arsenal;26;11;4;11;34;27;7;37;13;5;3;5;16;14;2;18;13;6;1;6;18;13;5;19;5.5;4;1.61;1;1;D
27;06/03/2021;Sheffield;26;3;2;21;15;43;-28;11;13;2;1;10;9;20;-11;7;13;1;1;11;6;23;-17;4;Southampton;26;8;6;12;31;44;-13;30;13;5;2;6;17;16;1;17;13;3;4;6;14;28;-14;13;3.6;3.5;2;0;2;A
27;07/03/2021;Liverpool;26;12;7;7;47;34;13;43;13;7;2;4;22;16;6;23;13;5;5;3;25;18;7;20;Fulham;26;4;11;11;21;32;-11;23;13;2;4;7;8;17;-9;10;13;2;7;4;13;15;-2;13;1.36;5;8.5;0;1;A
27;07/03/2021;Man City;26;19;5;2;52;16;36;62;13;10;2;1;27;8;19;32;13;9;3;1;25;8;17;30;Man Utd;26;14;8;4;53;32;21;50;13;6;3;4;28;19;9;21;13;8;5;0;25;13;12;29;1.45;4.5;7;0;2;A
27;07/03/2021;Tottenham;26;12;6;8;43;27;16;42;13;6;3;4;21;13;8;21;13;6;3;4;22;14;8;21;Crystal Palace;26;9;6;11;29;43;-14;33;13;4;4;5;14;21;-7;16;13;5;2;6;15;22;-7;17;1.45;4.5;7;4;1;H
27;07/03/2021;West Bromwich;26;3;8;15;20;55;-35;17;13;2;4;7;9;32;-23;10;13;1;4;8;11;23;-12;7;Newcastle;26;7;5;14;27;44;-17;26;13;4;3;6;16;22;-6;15;13;3;2;8;11;22;-11;11;2.37;3.2;3.1;0;0;D
27;08/03/2021;Chelsea;26;12;8;6;41;25;16;44;13;6;5;2;23;11;12;23;13;6;3;4;18;14;4;21;Everton;26;13;5;8;38;33;5;44;13;5;2;6;18;20;-2;17;13;8;3;2;20;13;7;27;1.53;4;6.5;2;0;H
27;08/03/2021;West Ham;26;13;6;7;40;31;9;45;13;7;3;3;21;15;6;24;13;6;3;4;19;16;3;21;Leeds;26;11;2;13;43;44;-1;35;13;5;2;6;19;17;2;17;13;6;0;7;24;27;-3;18;2.05;3.6;3.5;2;0;H
28;12/03/2021;Newcastle;27;7;6;14;27;44;-17;27;13;4;3;6;16;22;-6;15;14;3;3;8;11;22;-11;12;Aston Villa;27;12;5;10;38;28;10;41;14;5;3;6;20;18;2;18;13;7;2;4;18;10;8;23;3.8;3.3;2.05;1;1;D
28;13/03/2021;Crystal Palace;27;9;6;12;30;47;-17;33;13;4;4;5;14;21;-7;16;14;5;2;7;16;26;-10;17;West Bromwich;27;3;9;15;20;55;-35;18;14;2;5;7;9;32;-23;11;13;1;4;8;11;23;-12;7;2.15;3.2;3.6;1;0;H
28;13/03/2021;Everton;27;13;5;9;38;35;3;44;13;5;2;6;18;20;-2;17;14;8;3;3;20;15;5;27;Burnley;27;7;8;12;19;35;-16;29;14;4;5;5;11;15;-4;17;13;3;3;7;8;20;-12;12;1.83;3.5;4.5;1;2;A
28;13/03/2021;Fulham;27;5;11;11;22;32;-10;26;13;2;4;7;8;17;-9;10;14;3;7;4;14;15;-1;16;Man City;27;19;5;3;52;18;34;62;14;10;2;2;27;10;17;32;13;9;3;1;25;8;17;30;10;5;1.33;0;3;A
28;13/03/2021;Leeds;27;11;2;14;43;46;-3;35;13;5;2;6;19;17;2;17;14;6;0;8;24;29;-5;18;Chelsea;27;13;8;6;43;25;18;47;14;7;5;2;25;11;14;26;13;6;3;4;18;14;4;21;4.75;4;1.7;0;0;D
28;14/03/2021;Arsenal;27;11;5;11;35;28;7;38;13;5;3;5;16;14;2;18;14;6;2;6;19;14;5;20;Tottenham;27;13;6;8;47;28;19;45;14;7;3;4;25;14;11;24;13;6;3;4;22;14;8;21;2.55;3.4;2.75;2;1;H
28;14/03/2021;Leicester;27;16;4;7;47;31;16;52;13;6;1;6;20;19;1;19;14;10;3;1;27;12;15;33;Sheffield;27;3;2;22;15;45;-30;11;14;2;1;11;9;22;-13;7;13;1;1;11;6;23;-17;4;1.5;4.2;6.5;5;0;H
28;14/03/2021;Man Utd;27;15;8;4;55;32;23;53;13;6;3;4;28;19;9;21;14;9;5;0;27;13;14;32;West Ham;27;14;6;7;42;31;11;48;14;8;3;3;23;15;8;27;13;6;3;4;19;16;3;21;1.83;3.6;4.33;1;0;H
28;14/03/2021;Southampton;27;9;6;12;33;44;-11;33;13;5;2;6;17;16;1;17;14;4;4;6;16;28;-12;16;Brighton;27;5;11;11;27;35;-8;26;14;1;7;6;13;19;-6;10;13;4;4;5;14;16;-2;16;2.9;3.1;2.5;1;2;A
28;15/03/2021;Wolverhampton;27;9;8;10;27;33;-6;35;13;5;4;4;15;14;1;19;14;4;4;6;12;19;-7;16;Liverpool;27;12;7;8;47;35;12;43;14;7;2;5;22;17;5;23;13;5;5;3;25;18;7;20;4.75;3.75;1.72;0;1;A
29;19/03/2021;Fulham;28;5;11;12;22;35;-13;26;14;2;4;8;8;20;-12;10;14;3;7;4;14;15;-1;16;Leeds;28;11;3;14;43;46;-3;36;14;5;3;6;19;17;2;18;14;6;0;8;24;29;-5;18;2.37;3.4;3;1;2;A
29;20/03/2021;Brighton;28;6;11;11;29;36;-7;29;14;1;7;6;13;19;-6;10;14;5;4;5;16;17;-1;19;Newcastle;28;7;7;14;28;45;-17;28;14;4;4;6;17;23;-6;16;14;3;3;8;11;22;-11;12;1.66;3.5;6;3;0;H
29;21/03/2021;West Ham;28;14;6;8;42;32;10;48;14;8;3;3;23;15;8;27;14;6;3;5;19;17;2;21;Arsenal;28;12;5;11;37;29;8;41;14;6;3;5;18;15;3;21;14;6;2;6;19;14;5;20;2.8;3.5;2.45;3;3;D
30;03/04/2021;Arsenal;29;12;6;11;40;32;8;42;14;6;3;5;18;15;3;21;15;6;3;6;22;17;5;21;Liverpool;29;13;7;9;48;36;12;46;15;7;2;6;22;18;4;23;14;6;5;3;26;18;8;23;3.1;3.7;2.15;0;3;A
30;03/04/2021;Chelsea;29;14;9;6;44;25;19;51;14;7;5;2;25;11;14;26;15;7;4;4;19;14;5;25;West Bromwich;29;3;9;17;20;57;-37;18;15;2;5;8;9;33;-24;11;14;1;4;9;11;24;-13;7;1.22;6;15;2;5;A
30;03/04/2021;Leeds;29;12;3;14;45;47;-2;39;14;5;3;6;19;17;2;18;15;7;0;8;26;30;-4;21;Sheffield;29;4;2;23;16;50;-34;14;15;3;1;11;10;22;-12;10;14;1;1;12;6;28;-22;4;1.5;4.33;6.5;2;1;H
30;03/04/2021;Leicester;29;17;5;7;53;32;21;56;14;7;1;6;25;19;6;22;15;10;4;1;28;13;15;34;Man City;29;21;5;3;59;19;40;68;15;11;2;2;31;11;20;35;14;10;3;1;28;8;20;33;6;4.2;1.53;0;2;A
30;04/04/2021;Aston Villa;29;12;6;11;39;30;9;42;14;5;3;6;20;18;2;18;15;7;3;5;19;12;7;24;Fulham;29;5;11;13;23;37;-14;26;15;2;4;9;9;22;-13;10;14;3;7;4;14;15;-1;16;2.25;3.3;3.3;3;1;H
30;04/04/2021;Man Utd;29;16;9;4;56;32;24;57;14;7;3;4;29;19;10;24;15;9;6;0;27;13;14;33;Brighton;29;7;11;11;32;36;-4;32;15;2;7;6;16;19;-3;13;14;5;4;5;16;17;-1;19;1.61;4;5.5;2;1;H
30;04/04/2021;Newcastle;29;7;7;15;28;48;-20;28;14;4;4;6;17;23;-6;16;15;3;3;9;11;25;-14;12;Tottenham;29;14;6;9;50;31;19;48;15;8;3;4;27;15;12;27;14;6;3;5;23;16;7;21;5.5;4;1.6;2;2;D
30;04/04/2021;Southampton;29;9;6;14;35;48;-13;33;14;5;2;7;18;18;0;17;15;4;4;7;17;30;-13;16;Burnley;29;8;9;12;22;37;-15;33;15;4;6;5;12;16;-4;18;14;4;3;7;10;21;-11;15;2.05;3.3;3.8;3;2;H
30;05/04/2021;Everton;29;14;5;10;40;37;3;47;14;5;2;7;19;22;-3;17;15;9;3;3;21;15;6;30;Crystal Palace;29;10;7;12;31;47;-16;37;15;5;5;5;15;21;-6;20;14;5;2;7;16;26;-10;17;1.75;3.5;5;1;1;D
30;05/04/2021;Wolverhampton;29;9;8;12;28;38;-10;35;14;5;4;5;15;15;0;19;15;4;4;7;13;23;-10;16;West Ham;29;14;7;8;45;35;10;49;15;8;4;3;26;18;8;28;14;6;3;5;19;17;2;21;2.87;3.2;2.55;2;3;A
31;09/04/2021;Fulham;30;5;11;14;24;40;-16;26;15;2;4;9;9;22;-13;10;15;3;7;5;15;18;-3;16;Wolverhampton;30;9;8;13;30;41;-11;35;15;5;4;6;17;18;-1;19;15;4;4;7;13;23;-10;16;2.5;3;3.1;0;1;A
31;10/04/2021;Crystal Palace;30;10;8;12;32;48;-16;38;15;5;5;5;15;21;-6;20;15;5;3;7;17;27;-10;18;Chelsea;30;14;9;7;46;30;16;51;15;7;5;3;27;16;11;26;15;7;4;4;19;14;5;25;7;3.8;1.53;1;4;A
31;10/04/2021;Liverpool;30;14;7;9;51;36;15;49;15;7;2;6;22;18;4;23;15;7;5;3;29;18;11;26;Aston Villa;30;13;6;11;42;31;11;45;15;6;3;6;23;19;4;21;15;7;3;5;19;12;7;24;1.5;4.33;6.5;2;1;H
31;10/04/2021;Man City;30;22;5;3;61;19;42;71;15;11;2;2;31;11;20;35;15;11;3;1;30;8;22;36;Leeds;30;13;3;14;47;48;-1;42;15;6;3;6;21;18;3;21;15;7;0;8;26;30;-4;21;1.28;5.75;10;1;2;A
31;11/04/2021;Burnley;30;8;9;13;24;40;-16;33;15;4;6;5;12;16;-4;18;15;4;3;8;12;24;-12;15;Newcastle;30;7;8;15;30;50;-20;29;15;4;5;6;19;25;-6;17;15;3;3;9;11;25;-14;12;2.3;3.1;3.4;1;2;A
31;11/04/2021;Sheffield;30;4;2;24;17;52;-35;14;15;3;1;11;10;22;-12;10;15;1;1;13;7;30;-23;4;Arsenal;30;12;6;12;40;35;5;42;15;6;3;6;18;18;0;21;15;6;3;6;22;17;5;21;6.5;3.75;1.57;0;3;A
31;11/04/2021;Tottenham;30;14;7;9;52;33;19;49;15;8;3;4;27;15;12;27;15;6;4;5;25;18;7;22;Man Utd;30;17;9;4;58;33;25;60;15;8;3;4;31;20;11;27;15;9;6;0;27;13;14;33;2.87;3.4;2.45;1;3;A
31;11/04/2021;West Ham;30;15;7;8;48;37;11;52;15;8;4;3;26;18;8;28;15;7;3;5;22;19;3;24;Leicester;30;17;5;8;53;34;19;56;15;7;1;7;25;21;4;22;15;10;4;1;28;13;15;34;3;3.3;2.37;3;2;H
31;12/04/2021;Brighton;30;7;11;12;33;38;-5;32;15;2;7;6;16;19;-3;13;15;5;4;6;17;19;-2;19;Everton;30;14;6;10;41;38;3;48;15;5;3;7;20;23;-3;18;15;9;3;3;21;15;6;30;2.25;3.3;3.3;0;0;D
31;12/04/2021;West Bromwich;30;4;9;17;25;59;-34;21;15;2;5;8;9;33;-24;11;15;2;4;9;16;26;-10;10;Southampton;30;10;6;14;38;50;-12;36;15;6;2;7;21;20;1;20;15;4;4;7;17;30;-13;16;3.6;3.3;2.1;3;0;H
32;16/04/2021;Everton;31;14;7;10;41;38;3;49;15;5;3;7;20;23;-3;18;16;9;4;3;21;15;6;31;Tottenham;31;14;7;10;53;36;17;49;16;8;3;5;28;18;10;27;15;6;4;5;25;18;7;22;3.4;3.5;2.1;2;2;D
32;17/04/2021;Newcastle;31;8;8;15;32;51;-19;32;15;4;5;6;19;25;-6;17;16;4;3;9;13;26;-13;15;West Ham;31;16;7;8;51;39;12;55;16;9;4;3;29;20;9;31;15;7;3;5;22;19;3;24;3.5;3.5;2.05;3;2;H
32;17/04/2021;Wolverhampton;31;10;8;13;31;41;-10;38;15;5;4;6;17;18;-1;19;16;5;4;7;14;23;-9;19;Sheffield;31;4;2;25;17;55;-38;14;16;3;1;12;10;25;-15;10;15;1;1;13;7;30;-23;4;1.66;3.5;5.75;1;0;H
32;18/04/2021;Arsenal;31;13;6;12;43;35;8;45;15;6;3;6;18;18;0;21;16;7;3;6;25;17;8;24;Fulham;31;5;11;15;24;41;-17;26;16;2;4;10;9;23;-14;10;15;3;7;5;15;18;-3;16;1.7;3.8;4.8;1;1;D
32;18/04/2021;Man Utd;31;18;9;4;61;34;27;63;15;8;3;4;31;20;11;27;16;10;6;0;30;14;16;36;Burnley;31;8;9;14;25;42;-17;33;16;4;6;6;13;18;-5;18;15;4;3;8;12;24;-12;15;1.33;5.25;9;3;1;H
32;19/04/2021;Leeds;31;14;3;14;49;49;0;45;15;6;3;6;21;18;3;21;16;8;0;8;28;31;-3;24;Liverpool;31;15;7;9;53;37;16;52;16;8;2;6;24;19;5;26;15;7;5;3;29;18;11;26;4.5;4.33;1.66;1;1;D
32;20/04/2021;Chelsea;31;15;9;7;50;31;19;54;15;7;5;3;27;16;11;26;16;8;4;4;23;15;8;28;Brighton;31;7;12;12;33;38;-5;33;16;2;8;6;16;19;-3;14;15;5;4;6;17;19;-2;19;1.57;4;6;0;0;D
32;21/04/2021;Aston Villa;31;13;6;12;43;33;10;45;15;6;3;6;23;19;4;21;16;7;3;6;20;14;6;24;Man City;31;22;5;4;62;21;41;71;16;11;2;3;32;13;19;35;15;11;3;1;30;8;22;36;9;4.75;1.36;1;2;A
32;22/04/2021;Leicester;31;17;5;9;55;37;18;56;15;7;1;7;25;21;4;22;16;10;4;2;30;16;14;34;West Bromwich;31;5;9;17;28;59;-31;24;16;3;5;8;12;33;-21;14;15;2;4;9;16;26;-10;10;1.53;3.8;6;3;0;H
33;23/04/2021;Arsenal;32;13;7;12;44;36;8;46;16;6;4;6;19;19;0;22;16;7;3;6;25;17;8;24;Everton;32;14;8;10;43;40;3;50;16;5;4;7;22;25;-3;19;16;9;4;3;21;15;6;31;2;3.5;3.75;0;1;A
33;24/04/2021;Liverpool;32;15;8;9;54;38;16;53;16;8;2;6;24;19;5;26;16;7;6;3;30;19;11;27;Newcastle;32;9;8;15;35;53;-18;35;16;5;5;6;22;27;-5;20;16;4;3;9;13;26;-13;15;1.22;6.5;12;1;1;D
33;24/04/2021;Sheffield;32;4;2;26;17;56;-39;14;16;3;1;12;10;25;-15;10;16;1;1;14;7;31;-24;4;Brighton;32;7;13;12;33;38;-5;34;16;2;8;6;16;19;-3;14;16;5;5;6;17;19;-2;20;5.25;3.4;1.75;1;0;H
33;24/04/2021;West Ham;32;16;7;9;53;42;11;55;16;9;4;3;29;20;9;31;16;7;3;6;24;22;2;24;Chelsea;32;15;10;7;50;31;19;55;16;7;6;3;27;16;11;27;16;8;4;4;23;15;8;28;4.75;3.6;1.75;0;1;A
33;25/04/2021;Aston Villa;32;13;6;13;44;35;9;45;16;6;3;7;24;21;3;21;16;7;3;6;20;14;6;24;West Bromwich;32;5;9;18;28;62;-34;24;16;3;5;8;12;33;-21;14;16;2;4;10;16;29;-13;10;1.85;3.6;4.2;2;2;D
33;25/04/2021;Leeds;32;14;4;14;50;50;0;46;16;6;4;6;22;19;3;22;16;8;0;8;28;31;-3;24;Man Utd;32;19;9;4;64;35;29;66;16;9;3;4;34;21;13;30;16;10;6;0;30;14;16;36;4;4.2;1.75;0;0;D
33;25/04/2021;Wolverhampton;32;11;8;13;32;41;-9;41;16;6;4;6;18;18;0;22;16;5;4;7;14;23;-9;19;Burnley;32;8;9;15;26;45;-19;33;16;4;6;6;13;18;-5;18;16;4;3;9;13;27;-14;15;2;3.4;3.9;0;4;A
33;26/04/2021;Leicester;32;18;5;9;58;37;21;59;16;8;1;7;28;21;7;25;16;10;4;2;30;16;14;34;Crystal Palace;32;10;8;14;34;55;-21;38;16;5;5;6;16;25;-9;20;16;5;3;8;18;30;-12;18;1.4;4.33;8.5;2;1;H
34;30/04/2021;Southampton;33;11;6;16;43;59;-16;39;16;7;2;7;24;21;3;23;17;4;4;9;19;38;-19;16;Leicester;33;19;5;9;60;38;22;62;17;9;1;7;30;22;8;28;16;10;4;2;30;16;14;34;3.8;3.8;1.9;1;1;D
34;01/05/2021;Brighton;33;7;13;13;33;39;-6;34;16;2;8;6;16;19;-3;14;17;5;5;7;17;20;-3;20;Leeds;33;14;5;14;50;50;0;47;17;6;5;6;22;19;3;23;16;8;0;8;28;31;-3;24;2.05;3.5;3.5;2;0;H
34;01/05/2021;Chelsea;33;16;10;7;51;31;20;58;16;7;6;3;27;16;11;27;17;9;4;4;24;15;9;31;Fulham;33;5;12;16;25;43;-18;27;17;2;4;11;9;24;-15;10;16;3;8;5;16;19;-3;17;1.44;4.4;7.5;2;0;H
34;01/05/2021;Crystal Palace;33;10;8;15;35;57;-22;38;16;5;5;6;16;25;-9;20;17;5;3;9;19;32;-13;18;Man City;33;24;5;4;69;24;45;77;17;12;2;3;37;15;22;38;16;12;3;1;32;9;23;39;10;5;1.33;0;2;A
34;01/05/2021;Everton;33;15;8;10;44;40;4;53;16;5;4;7;22;25;-3;19;17;10;4;3;22;15;7;34;Aston Villa;33;13;7;13;46;37;9;46;17;6;4;7;26;23;3;22;16;7;3;6;20;14;6;24;1.95;3.6;3.8;1;2;A
34;13/05/2021;Man Utd;33;19;10;4;64;35;29;67;16;9;3;4;34;21;13;30;17;10;7;0;30;14;16;37;Liverpool;33;15;9;9;55;39;16;54;17;8;3;6;25;20;5;27;16;7;6;3;30;19;11;27;3;3.75;2.2;2;4;A
34;02/05/2021;Newcastle;33;9;9;15;36;54;-18;36;16;5;5;6;22;27;-5;20;17;4;4;9;14;27;-13;16;Arsenal;33;13;7;13;44;37;7;46;17;6;4;7;19;20;-1;22;16;7;3;6;25;17;8;24;3.6;3.6;2;0;2;A
34;02/05/2021;Tottenham;33;15;8;10;56;38;18;53;16;8;3;5;28;18;10;27;17;7;5;5;28;20;8;26;Sheffield;33;5;2;26;18;56;-38;17;17;4;1;12;11;25;-14;13;16;1;1;14;7;31;-24;4;1.25;6;12;4;0;H
34;03/05/2021;Burnley;33;9;9;15;30;45;-15;36;16;4;6;6;13;18;-5;18;17;5;3;9;17;27;-10;18;West Ham;33;16;7;10;53;43;10;55;17;9;4;4;29;21;8;31;16;7;3;6;24;22;2;24;3.1;3.6;2.2;1;2;A
34;03/05/2021;West Bromwich;33;5;10;18;30;64;-34;25;16;3;5;8;12;33;-21;14;17;2;5;10;18;31;-13;11;Wolverhampton;33;11;8;14;32;45;-13;41;17;6;4;7;18;22;-4;22;16;5;4;7;14;23;-9;19;2.9;3.2;2.5;1;1;D
35;07/05/2021;Leicester;34;19;6;9;61;39;22;63;17;9;1;7;30;22;8;28;17;10;5;2;31;17;14;35;Newcastle;34;9;9;16;36;56;-20;36;17;5;5;7;22;29;-7;20;17;4;4;9;14;27;-13;16;1.4;4.75;8;2;4;A
35;08/05/2021;Leeds;34;14;5;15;50;52;-2;47;17;6;5;6;22;19;3;23;17;8;0;9;28;33;-5;24;Tottenham;34;16;8;10;60;38;22;56;17;9;3;5;32;18;14;30;17;7;5;5;28;20;8;26;3.4;3.8;2;3;1;H
35;08/05/2021;Liverpool;34;16;9;9;59;41;18;57;17;8;3;6;25;20;5;27;17;8;6;3;34;21;13;30;Southampton;34;11;7;16;44;60;-16;40;17;7;3;7;25;22;3;24;17;4;4;9;19;38;-19;16;1.25;6;11;2;0;H
35;08/05/2021;Man City;34;25;5;4;71;24;47;80;17;12;2;3;37;15;22;38;17;13;3;1;34;9;25;42;Chelsea;34;17;10;7;53;31;22;61;17;8;6;3;29;16;13;30;17;9;4;4;24;15;9;31;1.9;3.4;4.2;1;2;A
35;08/05/2021;Sheffield;34;5;2;27;18;60;-42;17;17;4;1;12;11;25;-14;13;17;1;1;15;7;35;-28;4;Crystal Palace;34;10;8;16;35;59;-24;38;17;5;5;7;16;27;-11;20;17;5;3;9;19;32;-13;18;3;3.2;2.45;0;2;A
35;09/05/2021;Arsenal;34;14;7;13;46;37;9;49;17;6;4;7;19;20;-1;22;17;8;3;6;27;17;10;27;West Bromwich;34;5;11;18;31;65;-34;26;17;3;6;8;13;34;-21;15;17;2;5;10;18;31;-13;11;1.44;4.5;7;3;1;H
35;09/05/2021;Aston Villa;34;14;7;13;48;38;10;49;17;6;4;7;26;23;3;22;17;8;3;6;22;15;7;27;Man Utd;34;19;10;5;66;39;27;67;17;9;3;5;36;25;11;30;17;10;7;0;30;14;16;37;4.2;3.8;1.8;1;3;A
35;09/05/2021;West Ham;34;17;7;10;55;44;11;58;17;9;4;4;29;21;8;31;17;8;3;6;26;23;3;27;Everton;34;15;8;11;45;42;3;53;17;5;4;8;23;27;-4;19;17;10;4;3;22;15;7;34;2.2;3.5;3.2;0;1;A
35;09/05/2021;Wolverhampton;34;11;9;14;33;46;-13;42;17;6;4;7;18;22;-4;22;17;5;5;7;15;24;-9;20;Brighton;34;8;13;13;35;39;-4;37;17;3;8;6;18;19;-1;17;17;5;5;7;17;20;-3;20;3.3;3.3;2.2;2;1;H
35;10/05/2021;Fulham;34;5;12;17;25;45;-20;27;17;2;4;11;9;24;-15;10;17;3;8;6;16;21;-5;17;Burnley;34;9;9;16;31;47;-16;36;17;4;6;7;14;20;-6;18;17;5;3;9;17;27;-10;18;2.2;3.4;3.3;0;2;A
36;11/05/2021;Man Utd;35;20;10;5;69;40;29;70;17;9;3;5;36;25;11;30;18;11;7;0;33;15;18;40;Leicester;35;19;6;10;63;43;20;63;18;9;1;8;32;26;6;28;17;10;5;2;31;17;14;35;2.5;3.4;2.8;1;2;A
36;12/05/2021;Chelsea;35;18;10;7;55;32;23;64;17;8;6;3;29;16;13;30;18;10;4;4;26;16;10;34;Arsenal;35;15;7;13;49;38;11;52;18;7;4;7;22;21;1;25;17;8;3;6;27;17;10;27;1.65;4;5;0;1;A
36;14/05/2021;Newcastle;35;10;9;16;40;58;-18;39;17;5;5;7;22;29;-7;20;18;5;4;9;18;29;-11;19;Man City;35;25;5;5;72;26;46;80;18;12;2;4;38;17;21;38;17;13;3;1;34;9;25;42;11;6;1.25;3;4;A
36;15/05/2021;Brighton;35;8;13;14;36;41;-5;37;17;3;8;6;18;19;-1;17;18;5;5;8;18;22;-4;20;West Ham;35;17;7;11;55;45;10;58;18;9;4;5;29;22;7;31;17;8;3;6;26;23;3;27;2.9;3.6;2.3;1;1;D
36;15/05/2021;Burnley;35;10;9;16;33;47;-14;39;17;4;6;7;14;20;-6;18;18;6;3;9;19;27;-8;21;Leeds;35;15;5;15;53;53;0;50;18;7;5;6;25;20;5;26;17;8;0;9;28;33;-5;24;3.2;3.75;2.1;0;4;A
36;15/05/2021;Southampton;35;11;7;17;44;62;-18;40;17;7;3;7;25;22;3;24;18;4;4;10;19;40;-21;16;Fulham;35;5;12;18;25;47;-22;27;18;2;4;12;9;26;-17;10;17;3;8;6;16;21;-5;17;2;3.6;3.6;3;1;H
36;16/05/2021;Crystal Palace;35;11;8;16;37;59;-22;41;17;5;5;7;16;27;-11;20;18;6;3;9;21;32;-11;21;Aston Villa;35;14;7;14;49;41;8;49;18;6;4;8;27;26;1;22;17;8;3;6;22;15;7;27;3;3.6;2.25;3;2;H
36;16/05/2021;Everton;35;16;8;11;46;42;4;56;17;5;4;8;23;27;-4;19;18;11;4;3;23;15;8;37;Sheffield;35;5;2;28;18;62;-44;17;18;4;1;13;11;27;-16;13;17;1;1;15;7;35;-28;4;1.36;4.75;8.5;0;1;A
36;16/05/2021;Tottenham;35;16;8;11;61;41;20;56;17;9;3;5;32;18;14;30;18;7;5;6;29;23;6;26;Wolverhampton;35;12;9;14;35;47;-12;45;18;7;4;7;20;23;-3;25;17;5;5;7;15;24;-9;20;1.5;4.33;6.5;2;0;H
36;16/05/2021;West Bromwich;35;5;11;19;32;68;-36;26;17;3;6;8;13;34;-21;15;18;2;5;11;19;34;-15;11;Liverpool;35;17;9;9;61;41;20;60;18;9;3;6;27;20;7;30;17;8;6;3;34;21;13;30;12;6.5;1.22;1;2;A
37;18/05/2021;Brighton;36;8;14;14;37;42;-5;38;18;3;9;6;19;20;-1;18;18;5;5;8;18;22;-4;20;Man City;36;26;5;5;76;29;47;83;18;12;2;4;38;17;21;38;18;14;3;1;38;12;26;45;7;4.5;1.45;3;2;H
37;18/05/2021;Chelsea;36;18;10;8;55;33;22;64;18;8;6;4;29;17;12;30;18;10;4;4;26;16;10;34;Leicester;36;20;6;10;65;44;21;66;18;9;1;8;32;26;6;28;18;11;5;2;33;18;15;38;1.7;3.75;5;2;1;H
37;18/05/2021;Man Utd;36;20;10;6;70;42;28;70;18;9;3;6;37;27;10;30;18;11;7;0;33;15;18;40;Fulham;36;5;12;19;26;50;-24;27;18;2;4;12;9;26;-17;10;18;3;8;7;17;24;-7;17;1.28;6;9;1;1;D
37;18/05/2021;Southampton;36;12;7;17;47;63;-16;43;18;8;3;7;28;23;5;27;18;4;4;10;19;40;-21;16;Leeds;36;16;5;15;57;53;4;53;18;7;5;6;25;20;5;26;18;9;0;9;32;33;-1;27;2.55;3.9;2.5;0;2;A
37;19/05/2021;Burnley;36;10;9;17;33;51;-18;39;18;4;6;8;14;24;-10;18;18;6;3;9;19;27;-8;21;Liverpool;36;18;9;9;63;42;21;63;18;9;3;6;27;20;7;30;18;9;6;3;36;22;14;33;11;7;1.22;0;3;A
37;19/05/2021;Crystal Palace;36;12;8;16;40;61;-21;44;18;6;5;7;19;29;-10;23;18;6;3;9;21;32;-11;21;Arsenal;36;16;7;13;50;38;12;55;18;7;4;7;22;21;1;25;18;9;3;6;28;17;11;30;6;4.5;1.5;1;3;A
37;19/05/2021;Everton;36;16;8;12;46;43;3;56;18;5;4;9;23;28;-5;19;18;11;4;3;23;15;8;37;Wolverhampton;36;12;9;15;35;49;-14;45;18;7;4;7;20;23;-3;25;18;5;5;8;15;26;-11;20;1.85;3.6;4.2;1;0;H
37;19/05/2021;Newcastle;36;10;9;17;43;62;-19;39;18;5;5;8;25;33;-8;20;18;5;4;9;18;29;-11;19;Sheffield;36;6;2;28;19;62;-43;20;18;4;1;13;11;27;-16;13;18;2;1;15;8;35;-27;7;1.72;3.8;4.75;1;0;H
37;19/05/2021;Tottenham;36;17;8;11;63;41;22;59;18;10;3;5;34;18;16;33;18;7;5;6;29;23;6;26;Aston Villa;36;14;7;15;51;44;7;49;18;6;4;8;27;26;1;22;18;8;3;7;24;18;6;27;1.5;4.5;6;1;2;A
37;19/05/2021;West Bromwich;36;5;11;20;33;70;-37;26;18;3;6;9;14;36;-22;15;18;2;5;11;19;34;-15;11;West Ham;36;17;8;11;56;46;10;59;18;9;4;5;29;22;7;31;18;8;4;6;27;24;3;28;5;4.33;1.6;1;3;A
38;23/05/2021;Arsenal;37;17;7;13;53;39;14;58;18;7;4;7;22;21;1;25;19;10;3;6;31;18;13;33;Brighton;37;9;14;14;40;44;-4;41;19;4;9;6;22;22;0;21;18;5;5;8;18;22;-4;20;1.57;4.33;5.25;2;0;H
38;23/05/2021;Aston Villa;37;15;7;15;53;45;8;52;18;6;4;8;27;26;1;22;19;9;3;7;26;19;7;30;Chelsea;37;19;10;8;57;34;23;67;19;9;6;4;31;18;13;33;18;10;4;4;26;16;10;34;6.5;4.6;1.45;2;1;H
38;23/05/2021;Fulham;37;5;13;19;27;51;-24;28;18;2;4;12;9;26;-17;10;19;3;9;7;18;25;-7;18;Newcastle;37;11;9;17;44;62;-18;42;19;6;5;8;26;33;-7;23;18;5;4;9;18;29;-11;19;2.05;3.8;3.3;0;2;A
38;23/05/2021;Leeds;37;17;5;15;59;53;6;56;18;7;5;6;25;20;5;26;19;10;0;9;34;33;1;30;West Bromwich;37;5;11;21;34;73;-39;26;19;3;6;10;15;39;-24;15;18;2;5;11;19;34;-15;11;1.4;5.25;6.5;3;1;H
38;23/05/2021;Leicester;37;20;6;11;66;46;20;66;18;9;1;8;32;26;6;28;19;11;5;3;34;20;14;38;Tottenham;37;17;8;12;64;43;21;59;19;10;3;6;35;20;15;33;18;7;5;6;29;23;6;26;2;4;3.3;2;4;A
38;23/05/2021;Liverpool;37;19;9;9;66;42;24;66;18;9;3;6;27;20;7;30;19;10;6;3;39;22;17;36;Crystal Palace;37;12;8;17;41;64;-23;44;19;6;5;8;20;32;-12;23;18;6;3;9;21;32;-11;21;1.14;8.5;15;2;0;H
38;23/05/2021;Man City;37;26;5;6;78;32;46;83;18;12;2;4;38;17;21;38;19;14;3;2;40;15;25;45;Everton;37;17;8;12;47;43;4;59;19;6;4;9;24;28;-4;22;18;11;4;3;23;15;8;37;1.44;5;6.5;5;0;H
38;23/05/2021;Sheffield;37;6;2;29;19;63;-44;20;18;4;1;13;11;27;-16;13;19;2;1;16;8;36;-28;7;Burnley;37;10;9;18;33;54;-21;39;19;4;6;9;14;27;-13;18;18;6;3;9;19;27;-8;21;2.8;3.6;2.4;1;0;H
38;23/05/2021;West Ham;37;18;8;11;59;47;12;62;18;9;4;5;29;22;7;31;19;9;4;6;30;25;5;31;Southampton;37;12;7;18;47;65;-18;43;19;8;3;8;28;25;3;27;18;4;4;10;19;40;-21;16;1.65;4;5;3;0;H
38;23/05/2021;Wolverhampton;37;12;9;16;35;50;-15;45;18;7;4;7;20;23;-3;25;19;5;5;9;15;27;-12;20;Man Utd;37;20;11;6;71;43;28;71;19;9;4;6;38;28;10;31;18;11;7;0;33;15;18;40;2.5;3.5;2.7;1;2;A
11;02/11/2019;Arsenal;10;4;4;2;15;14;1;16;5;3;2;0;10;7;3;11;5;1;2;2;5;7;-2;5;Wolverhampton;10;2;6;2;13;13;0;12;5;1;3;1;7;8;-1;6;5;1;3;1;6;5;1;6;1.75;3.75;4.75;1;1;D
11;02/11/2019;Aston Villa;10;3;2;5;15;16;-1;11;5;2;2;1;7;5;2;8;5;1;0;4;8;11;-3;3;Liverpool;10;9;1;0;23;8;15;28;5;5;0;0;14;5;9;15;5;4;1;0;9;3;6;13;9;5;1.33;1;2;A
11;02/11/2019;Bournemouth;10;3;4;3;13;13;0;13;5;1;3;1;7;7;0;6;5;2;1;2;6;6;0;7;Man Utd;10;3;4;3;13;10;3;13;5;2;2;1;8;4;4;8;5;1;2;2;5;6;-1;5;3.25;3.6;2.15;1;0;H
11;02/11/2019;Brighton;10;3;3;4;12;14;-2;12;5;2;2;1;8;6;2;8;5;1;1;3;4;8;-4;4;Norwich;10;2;1;7;11;24;-13;7;5;2;0;3;10;14;-4;6;5;0;1;4;1;10;-9;1;1.72;4.2;4.33;2;0;H
11;02/11/2019;Man City;10;7;1;2;32;9;23;22;5;3;1;1;17;4;13;10;5;4;0;1;15;5;10;12;Southampton;10;2;2;6;9;25;-16;8;5;0;1;4;4;19;-15;1;5;2;1;2;5;6;-1;7;1.07;13;23;2;1;H
11;02/11/2019;Sheffield;10;3;4;3;9;8;1;13;5;2;0;3;3;4;-1;6;5;1;4;0;6;4;2;7;Burnley;10;3;3;4;14;15;-1;12;5;3;0;2;8;7;1;9;5;0;3;2;6;8;-2;3;2.25;3.2;3.4;3;0;H
11;02/11/2019;Watford;10;0;5;5;5;21;-16;5;5;0;3;2;3;8;-5;3;5;0;2;3;2;13;-11;2;Chelsea;10;6;2;2;23;16;7;20;5;2;2;1;7;5;2;8;5;4;0;1;16;11;5;12;5;4.33;1.61;1;2;A
11;02/11/2019;West Ham;10;3;4;3;12;14;-2;13;5;2;1;2;6;8;-2;7;5;1;3;1;6;6;0;6;Newcastle;10;2;3;5;6;15;-9;9;5;1;3;1;3;3;0;6;5;1;0;4;3;12;-9;3;1.75;3.8;4.5;2;3;A
11;03/11/2019;Crystal Palace;10;4;3;3;10;12;-2;15;5;2;2;1;4;3;1;8;5;2;1;2;6;9;-3;7;Leicester;10;6;2;2;25;8;17;20;5;4;1;0;12;3;9;13;5;2;1;2;13;5;8;7;3.5;3.4;2.1;0;2;A
11;03/11/2019;Everton;10;3;1;6;10;16;-6;10;5;3;0;2;7;7;0;9;5;0;1;4;3;9;-6;1;Tottenham;10;3;3;4;16;15;1;12;5;3;1;1;10;4;6;10;5;0;2;3;6;11;-5;2;2.7;3.4;2.6;1;1;D
12;08/11/2019;Norwich;11;2;1;8;11;26;-15;7;5;2;0;3;10;14;-4;6;6;0;1;5;1;12;-11;1;Watford;11;0;5;6;6;23;-17;5;6;0;3;3;4;10;-6;3;5;0;2;3;2;13;-11;2;2.7;3.5;2.55;0;2;A
12;09/11/2019;Burnley;11;3;3;5;14;18;-4;12;5;3;0;2;8;7;1;9;6;0;3;3;6;11;-5;3;West Ham;11;3;4;4;14;17;-3;13;6;2;1;3;8;11;-3;7;5;1;3;1;6;6;0;6;2.25;3.5;3.1;3;0;H
12;09/11/2019;Chelsea;11;7;2;2;25;17;8;23;5;2;2;1;7;5;2;8;6;5;0;1;18;12;6;15;Crystal Palace;11;4;3;4;10;14;-4;15;6;2;2;2;4;5;-1;8;5;2;1;2;6;9;-3;7;1.33;5;10;2;0;H
12;09/11/2019;Leicester;11;7;2;2;27;8;19;23;5;4;1;0;12;3;9;13;6;3;1;2;15;5;10;10;Arsenal;11;4;5;2;16;15;1;17;6;3;3;0;11;8;3;12;5;1;2;2;5;7;-2;5;2;3.75;3.5;2;0;H
12;09/11/2019;Newcastle;11;3;3;5;9;17;-8;12;5;1;3;1;3;3;0;6;6;2;0;4;6;14;-8;6;Bournemouth;11;4;4;3;14;13;1;16;6;2;3;1;8;7;1;9;5;2;1;2;6;6;0;7;2.55;3.25;2.8;2;1;H
12;09/11/2019;Southampton;11;2;2;7;10;27;-17;8;5;0;1;4;4;19;-15;1;6;2;1;3;6;8;-2;7;Everton;11;3;2;6;11;17;-6;11;6;3;1;2;8;8;0;10;5;0;1;4;3;9;-6;1;2.9;3.3;2.45;1;2;A
12;09/11/2019;Tottenham;11;3;4;4;17;16;1;13;5;3;1;1;10;4;6;10;6;0;3;3;7;12;-5;3;Sheffield;11;4;4;3;12;8;4;16;6;3;0;3;6;4;2;9;5;1;4;0;6;4;2;7;1.57;4;6;1;1;D
12;10/11/2019;Liverpool;11;10;1;0;25;9;16;31;5;5;0;0;14;5;9;15;6;5;1;0;11;4;7;16;Man City;11;8;1;2;34;10;24;25;6;4;1;1;19;5;14;13;5;4;0;1;15;5;10;12;2.5;3.6;2.62;3;1;H
12;10/11/2019;Man Utd;11;3;4;4;13;11;2;13;5;2;2;1;8;4;4;8;6;1;2;3;5;7;-2;5;Brighton;11;4;3;4;14;14;0;15;6;3;2;1;10;6;4;11;5;1;1;3;4;8;-4;4;1.6;3.75;6.5;3;1;H
12;10/11/2019;Wolverhampton;11;2;7;2;14;14;0;13;5;1;3;1;7;8;-1;6;6;1;4;1;7;6;1;7;Aston Villa;11;3;2;6;16;18;-2;11;6;2;2;2;8;7;1;8;5;1;0;4;8;11;-3;3;1.9;3.5;4.2;2;1;H
13;23/11/2019;Arsenal;12;4;5;3;16;17;-1;17;6;3;3;0;11;8;3;12;6;1;2;3;5;9;-4;5;Southampton;12;2;2;8;11;29;-18;8;6;0;1;5;5;21;-16;1;6;2;1;3;6;8;-2;7;1.45;4.75;6.5;2;2;D
13;23/11/2019;Bournemouth;12;4;4;4;15;15;0;16;6;2;3;1;8;7;1;9;6;2;1;3;7;8;-1;7;Wolverhampton;12;3;7;2;16;15;1;16;6;2;3;1;9;9;0;9;6;1;4;1;7;6;1;7;2.75;3.3;2.6;1;2;A
13;23/11/2019;Brighton;12;4;3;5;15;17;-2;15;6;3;2;1;10;6;4;11;6;1;1;4;5;11;-6;4;Leicester;12;8;2;2;29;8;21;26;6;5;1;0;14;3;11;16;6;3;1;2;15;5;10;10;3.75;3.5;2;0;2;A
13;23/11/2019;Crystal Palace;12;4;3;5;10;16;-6;15;6;2;2;2;4;5;-1;8;6;2;1;3;6;11;-5;7;Liverpool;12;11;1;0;28;10;18;34;6;6;0;0;17;6;11;18;6;5;1;0;11;4;7;16;7.5;4.75;1.4;1;2;A
13;23/11/2019;Everton;12;4;2;6;13;18;-5;14;6;3;1;2;8;8;0;10;6;1;1;4;5;10;-5;4;Norwich;12;2;1;9;11;28;-17;7;6;2;0;4;10;16;-6;6;6;0;1;5;1;12;-11;1;1.36;5.1;8;0;2;A
13;23/11/2019;Man City;12;8;1;3;35;13;22;25;6;4;1;1;19;5;14;13;6;4;0;2;16;8;8;12;Chelsea;12;8;2;2;27;17;10;26;6;3;2;1;9;5;4;11;6;5;0;1;18;12;6;15;1.44;5;6.5;2;1;H
13;23/11/2019;Watford;12;1;5;6;8;23;-15;8;6;0;3;3;4;10;-6;3;6;1;2;3;4;13;-9;5;Burnley;12;4;3;5;17;18;-1;15;6;4;0;2;11;7;4;12;6;0;3;3;6;11;-5;3;2.3;3.4;3.1;0;3;A
13;23/11/2019;West Ham;12;3;4;5;14;20;-6;13;6;2;1;3;8;11;-3;7;6;1;3;2;6;9;-3;6;Tottenham;12;3;5;4;18;17;1;14;6;3;2;1;11;5;6;11;6;0;3;3;7;12;-5;3;4.2;4.33;1.7;2;3;A
13;24/11/2019;Sheffield;12;4;5;3;13;9;4;17;6;3;0;3;6;4;2;9;6;1;5;0;7;5;2;8;Man Utd;12;4;4;4;16;12;4;16;6;3;2;1;11;5;6;11;6;1;2;3;5;7;-2;5;3.5;3.4;2.1;3;3;D
13;25/11/2019;Aston Villa;12;3;2;7;17;20;-3;11;6;2;2;2;8;7;1;8;6;1;0;5;9;13;-4;3;Newcastle;12;4;3;5;11;18;-7;15;6;2;3;1;5;4;1;9;6;2;0;4;6;14;-8;6;2.05;3.4;3.7;2;0;H
14;30/11/2019;Burnley;13;5;3;5;20;18;2;18;6;4;0;2;11;7;4;12;7;1;3;3;9;11;-2;6;Crystal Palace;13;4;3;6;11;18;-7;15;7;2;2;3;5;7;-2;8;6;2;1;3;6;11;-5;7;2.25;3.25;3.3;0;2;A
14;30/11/2019;Chelsea;13;8;2;3;28;19;9;26;6;3;2;1;9;5;4;11;7;5;0;2;19;14;5;15;West Ham;13;3;4;6;16;23;-7;13;7;2;1;4;10;14;-4;7;6;1;3;2;6;9;-3;6;1.28;6;9;0;1;A
14;30/11/2019;Liverpool;13;12;1;0;30;11;19;37;6;6;0;0;17;6;11;18;7;6;1;0;13;5;8;19;Brighton;13;4;3;6;15;19;-4;15;7;3;2;2;10;8;2;11;6;1;1;4;5;11;-6;4;1.18;7;15;2;1;H
14;30/11/2019;Newcastle;13;4;3;6;11;20;-9;15;6;2;3;1;5;4;1;9;7;2;0;5;6;16;-10;6;Man City;13;9;1;3;37;14;23;28;7;5;1;1;21;6;15;16;6;4;0;2;16;8;8;12;13;8;1.16;2;2;D
14;30/11/2019;Southampton;13;2;3;8;13;31;-18;9;6;0;1;5;5;21;-16;1;7;2;2;3;8;10;-2;8;Watford;13;1;5;7;8;26;-18;8;7;0;3;4;4;13;-9;3;6;1;2;3;4;13;-9;5;2.1;3.4;3.5;2;1;H
14;30/11/2019;Tottenham;13;4;5;4;21;19;2;17;6;3;2;1;11;5;6;11;7;1;3;3;10;14;-4;6;Bournemouth;13;4;4;5;16;17;-1;16;7;2;3;2;9;9;0;9;6;2;1;3;7;8;-1;7;1.36;5.5;7.5;3;2;H
14;01/12/2019;Leicester;13;9;2;2;31;8;23;29;6;5;1;0;14;3;11;16;7;4;1;2;17;5;12;13;Everton;13;4;2;7;13;20;-7;14;7;3;1;3;8;10;-2;10;6;1;1;4;5;10;-5;4;1.61;4;5.25;2;1;H
14;01/12/2019;Man Utd;13;4;5;4;19;15;4;17;6;3;2;1;11;5;6;11;7;1;3;3;8;10;-2;6;Aston Villa;13;4;2;7;19;20;-1;14;7;3;2;2;10;7;3;11;6;1;0;5;9;13;-4;3;1.45;4.5;7;2;2;D
14;01/12/2019;Norwich;13;3;1;9;13;28;-15;10;6;2;0;4;10;16;-6;6;7;1;1;5;3;12;-9;4;Arsenal;13;4;6;3;18;19;-1;18;7;3;4;0;13;10;3;13;6;1;2;3;5;9;-4;5;4;4.33;1.75;2;2;D
14;01/12/2019;Wolverhampton;13;4;7;2;18;16;2;19;6;2;3;1;9;9;0;9;7;2;4;1;9;7;2;10;Sheffield;13;4;6;3;16;12;4;18;7;3;1;3;9;7;2;10;6;1;5;0;7;5;2;8;1.9;3.5;4.2;1;1;D
15;03/12/2019;Burnley;14;5;3;6;20;20;0;18;7;4;0;3;11;9;2;12;7;1;3;3;9;11;-2;6;Man City;14;9;2;3;39;16;23;29;7;5;1;1;21;6;15;16;7;4;1;2;18;10;8;13;11;7;1.22;1;4;A
15;03/12/2019;Crystal Palace;14;5;3;6;13;18;-5;18;7;2;2;3;5;7;-2;8;7;3;1;3;8;11;-3;10;Bournemouth;14;4;4;6;18;20;-2;16;7;2;3;2;9;9;0;9;7;2;1;4;9;11;-2;7;2.2;3.4;3.25;1;0;H
15;04/12/2019;Chelsea;14;8;2;4;28;20;8;26;7;3;2;2;9;6;3;11;7;5;0;2;19;14;5;15;Aston Villa;14;4;3;7;21;22;-1;15;7;3;2;2;10;7;3;11;7;1;1;5;11;15;-4;4;1.28;5.75;10;2;1;H
15;04/12/2019;Leicester;14;10;2;2;33;9;24;32;7;6;1;0;16;4;12;19;7;4;1;2;17;5;12;13;Watford;14;1;5;8;9;28;-19;8;7;0;3;4;4;13;-9;3;7;1;2;4;5;15;-10;5;1.33;5.5;8;2;0;H
15;04/12/2019;Liverpool;14;13;1;0;32;12;20;40;7;7;0;0;19;7;12;21;7;6;1;0;13;5;8;19;Everton;14;4;2;8;14;22;-8;14;7;3;1;3;8;10;-2;10;7;1;1;5;6;12;-6;4;1.36;5;8.5;5;2;H
15;04/12/2019;Man Utd;14;4;6;4;21;17;4;18;7;3;3;1;13;7;6;12;7;1;3;3;8;10;-2;6;Tottenham;14;5;5;4;24;21;3;20;7;4;2;1;14;7;7;14;7;1;3;3;10;14;-4;6;2.75;3.4;2.55;2;1;H
15;04/12/2019;Southampton;14;3;3;8;15;32;-17;12;7;1;1;5;7;22;-15;4;7;2;2;3;8;10;-2;8;Norwich;14;3;2;9;15;30;-15;11;7;2;1;4;12;18;-6;7;7;1;1;5;3;12;-9;4;1.72;4;4.2;2;1;H
15;04/12/2019;Wolverhampton;14;4;8;2;19;17;2;20;7;2;4;1;10;10;0;10;7;2;4;1;9;7;2;10;West Ham;14;4;4;6;17;23;-6;16;7;2;1;4;10;14;-4;7;7;2;3;2;7;9;-2;9;1.75;3.7;4.75;2;0;H
15;05/12/2019;Arsenal;14;4;7;3;20;21;-1;19;7;3;4;0;13;10;3;13;7;1;3;3;7;11;-4;6;Brighton;14;4;3;7;16;21;-5;15;7;3;2;2;10;8;2;11;7;1;1;5;6;13;-7;4;1.57;4.33;5.5;1;2;A
15;05/12/2019;Sheffield;14;4;7;3;17;13;4;19;7;3;1;3;9;7;2;10;7;1;6;0;8;6;2;9;Newcastle;14;4;4;6;13;22;-9;16;7;2;4;1;7;6;1;10;7;2;0;5;6;16;-10;6;1.83;3.4;4.6;0;2;A
16;07/12/2019;Bournemouth;15;4;4;7;18;21;-3;16;7;2;3;2;9;9;0;9;8;2;1;5;9;12;-3;7;Liverpool;15;14;1;0;37;14;23;43;8;8;0;0;24;9;15;24;7;6;1;0;13;5;8;19;7;5.25;1.4;0;3;A
16;07/12/2019;Everton;15;4;2;9;16;27;-11;14;7;3;1;3;8;10;-2;10;8;1;1;6;8;17;-9;4;Chelsea;15;9;2;4;30;21;9;29;8;4;2;2;11;7;4;14;7;5;0;2;19;14;5;15;3.5;3.75;2;3;1;H
16;07/12/2019;Man City;15;10;2;3;43;17;26;32;7;5;1;1;21;6;15;16;8;5;1;2;22;11;11;16;Man Utd;15;5;6;4;23;18;5;21;8;4;3;1;15;8;7;15;7;1;3;3;8;10;-2;6;1.3;5.5;10;1;2;A
16;07/12/2019;Tottenham;15;5;5;5;25;23;2;20;7;4;2;1;14;7;7;14;8;1;3;4;11;16;-5;6;Burnley;15;5;3;7;21;24;-3;18;8;4;0;4;12;13;-1;12;7;1;3;3;9;11;-2;6;1.4;4.75;8;5;0;H
16;07/12/2019;Watford;15;1;5;9;9;30;-21;8;7;0;3;4;4;13;-9;3;8;1;2;5;5;17;-12;5;Crystal Palace;15;6;3;6;14;18;-4;21;8;3;2;3;6;7;-1;11;7;3;1;3;8;11;-3;10;2.37;3.3;3.1;0;0;D
16;08/12/2019;Aston Villa;15;4;3;8;22;24;-2;15;7;3;2;2;10;7;3;11;8;1;1;6;12;17;-5;4;Leicester;15;11;2;2;35;9;26;35;8;7;1;0;18;4;14;22;7;4;1;2;17;5;12;13;4.33;3.8;1.8;1;4;A
16;08/12/2019;Brighton;15;5;3;7;18;22;-4;18;7;3;2;2;10;8;2;11;8;2;1;5;8;14;-6;7;Wolverhampton;15;5;8;2;21;17;4;23;8;3;4;1;12;10;2;13;7;2;4;1;9;7;2;10;2.62;3.1;2.87;2;2;D
16;08/12/2019;Newcastle;15;5;4;6;15;22;-7;19;7;2;4;1;7;6;1;10;8;3;0;5;8;16;-8;9;Southampton;15;4;3;8;17;33;-16;15;8;2;1;5;9;23;-14;7;7;2;2;3;8;10;-2;8;2.5;3.2;2.9;2;1;H
16;08/12/2019;Norwich;15;3;2;10;16;32;-16;11;7;2;1;4;12;18;-6;7;8;1;1;6;4;14;-10;4;Sheffield;15;4;7;4;17;15;2;19;8;3;1;4;9;9;0;10;7;1;6;0;8;6;2;9;2.9;3.5;2.37;1;2;A
16;09/12/2019;West Ham;15;4;4;7;17;25;-8;16;7;2;1;4;10;14;-4;7;8;2;3;3;7;11;-4;9;Arsenal;15;4;7;4;21;23;-2;19;8;3;4;1;14;12;2;13;7;1;3;3;7;11;-4;6;3.3;4;2;1;3;A
17;14/12/2019;Burnley;16;5;3;8;21;29;-8;18;8;4;0;4;12;13;-1;12;8;1;3;4;9;16;-7;6;Newcastle;16;6;4;6;17;23;-6;22;8;3;4;1;9;7;2;13;8;3;0;5;8;16;-8;9;1.95;3.4;4;1;0;H
17;14/12/2019;Chelsea;16;9;2;5;31;24;7;29;8;4;2;2;11;7;4;14;8;5;0;3;20;17;3;15;Bournemouth;16;4;4;8;18;24;-6;16;8;2;3;3;9;12;-3;9;8;2;1;5;9;12;-3;7;1.25;6;12;0;1;A
17;14/12/2019;Leicester;16;12;2;2;39;10;29;38;8;7;1;0;18;4;14;22;8;5;1;2;21;6;15;16;Norwich;16;3;2;11;17;34;-17;11;8;2;1;5;13;20;-7;7;8;1;1;6;4;14;-10;4;1.22;6.5;13;1;1;D
17;14/12/2019;Liverpool;16;15;1;0;40;14;26;46;8;8;0;0;24;9;15;24;8;7;1;0;16;5;11;22;Watford;16;1;6;9;9;30;-21;9;8;0;4;4;4;13;-9;4;8;1;2;5;5;17;-12;5;1.16;7.5;17;2;0;H
17;14/12/2019;Sheffield;16;5;7;4;19;16;3;22;8;3;1;4;9;9;0;10;8;2;6;0;10;7;3;12;Aston Villa;16;4;3;9;23;28;-5;15;8;3;2;3;11;11;0;11;8;1;1;6;12;17;-5;4;1.85;3.75;4.2;2;0;H
17;14/12/2019;Southampton;16;4;3;9;18;35;-17;15;8;2;1;5;9;23;-14;7;8;2;2;4;9;12;-3;8;West Ham;16;4;4;8;18;28;-10;16;8;2;1;5;11;17;-6;7;8;2;3;3;7;11;-4;9;1.9;3.8;3.8;0;1;A
17;15/12/2019;Arsenal;16;5;7;4;24;24;0;22;8;3;4;1;14;12;2;13;8;2;3;3;10;12;-2;9;Man City;16;10;2;4;44;19;25;32;8;5;1;2;22;8;14;16;8;5;1;2;22;11;11;16;6;5.25;1.44;0;3;A
17;15/12/2019;Man Utd;16;6;6;4;25;19;6;24;8;4;3;1;15;8;7;15;8;2;3;3;10;11;-1;9;Everton;16;5;2;9;19;28;-9;17;8;4;1;3;11;11;0;13;8;1;1;6;8;17;-9;4;1.8;3.7;4.5;1;1;D
17;15/12/2019;Wolverhampton;16;5;9;2;23;19;4;24;8;3;4;1;12;10;2;13;8;2;5;1;11;9;2;11;Tottenham;16;6;5;5;30;23;7;23;8;5;2;1;19;7;12;17;8;1;3;4;11;16;-5;6;3.25;3.4;2.25;1;2;A
17;16/12/2019;Crystal Palace;16;6;4;6;14;18;-4;22;8;3;2;3;6;7;-1;11;8;3;2;3;8;11;-3;11;Brighton;16;5;4;7;20;24;-4;19;8;3;3;2;12;10;2;12;8;2;1;5;8;14;-6;7;2.55;3.25;2.87;1;1;D
18;21/12/2019;Aston Villa;17;4;3;10;23;30;-7;15;8;3;2;3;11;11;0;11;9;1;1;7;12;19;-7;4;Southampton;17;4;3;10;18;36;-18;15;9;2;1;6;9;24;-15;7;8;2;2;4;9;12;-3;8;2.4;3.6;2.8;1;3;A
18;21/12/2019;Bournemouth;17;5;4;8;19;24;-5;19;8;2;3;3;9;12;-3;9;9;3;1;5;10;12;-2;10;Burnley;17;6;3;8;22;29;-7;21;9;5;0;4;13;13;0;15;8;1;3;4;9;16;-7;6;2.4;3.4;2.9;0;1;A
18;21/12/2019;Brighton;17;5;5;7;21;25;-4;20;8;3;3;2;12;10;2;12;9;2;2;5;9;15;-6;8;Sheffield;17;6;7;4;21;16;5;25;9;4;1;4;11;9;2;13;8;2;6;0;10;7;3;12;2.2;3.25;3.5;0;1;A
18;21/12/2019;Everton;17;5;3;9;20;29;-9;18;8;4;1;3;11;11;0;13;9;1;2;6;9;18;-9;5;Arsenal;17;5;7;5;24;27;-3;22;9;3;4;2;14;15;-1;13;8;2;3;3;10;12;-2;9;2.3;3.8;2.87;0;0;D
18;21/12/2019;Man City;17;11;2;4;47;19;28;35;8;5;1;2;22;8;14;16;9;6;1;2;25;11;14;19;Leicester;17;12;3;2;40;11;29;39;9;7;2;0;19;5;14;23;8;5;1;2;21;6;15;16;1.36;5.25;7.5;3;1;H
18;21/12/2019;Newcastle;17;6;4;7;17;24;-7;22;8;3;4;1;9;7;2;13;9;3;0;6;8;17;-9;9;Crystal Palace;17;6;5;6;15;19;-4;23;9;3;3;3;7;8;-1;12;8;3;2;3;8;11;-3;11;2.37;3.1;3.25;1;0;H
18;21/12/2019;Norwich;17;3;3;11;18;35;-17;12;8;2;1;5;13;20;-7;7;9;1;2;6;5;15;-10;5;Wolverhampton;17;5;9;3;24;21;3;24;9;3;4;2;13;12;1;13;8;2;5;1;11;9;2;11;3.75;3.8;1.9;1;2;A
18;22/12/2019;Tottenham;17;7;5;5;32;24;8;26;8;5;2;1;19;7;12;17;9;2;3;4;13;17;-4;9;Chelsea;17;9;2;6;31;25;6;29;9;4;2;3;11;8;3;14;8;5;0;3;20;17;3;15;2.37;3.75;2.75;0;2;A
18;22/12/2019;Watford;17;1;6;10;9;32;-23;9;8;0;4;4;4;13;-9;4;9;1;2;6;5;19;-14;5;Man Utd;17;6;7;4;26;20;6;25;9;4;4;1;16;9;7;16;8;2;3;3;10;11;-1;9;4.33;4;1.75;2;0;H
19;26/12/2019;Aston Villa;18;4;3;11;24;33;-9;15;9;3;2;4;12;14;-2;11;9;1;1;7;12;19;-7;4;Norwich;18;3;3;12;19;37;-18;12;9;2;1;6;14;22;-8;7;9;1;2;6;5;15;-10;5;2.1;3.75;3.3;1;0;H
19;26/12/2019;Bournemouth;18;5;4;9;19;25;-6;19;9;2;3;4;9;13;-4;9;9;3;1;5;10;12;-2;10;Arsenal;18;5;8;5;24;27;-3;23;9;3;4;2;14;15;-1;13;9;2;4;3;10;12;-2;10;3.5;3.9;1.95;1;1;D
19;26/12/2019;Chelsea;18;10;2;6;33;25;8;32;9;4;2;3;11;8;3;14;9;6;0;3;22;17;5;18;Southampton;18;5;3;10;21;37;-16;18;9;2;1;6;9;24;-15;7;9;3;2;4;12;13;-1;11;1.33;5.25;9;0;2;A
19;26/12/2019;Crystal Palace;18;6;5;7;15;20;-5;23;9;3;3;3;7;8;-1;12;9;3;2;4;8;12;-4;11;West Ham;18;5;4;9;19;30;-11;19;9;2;1;6;11;19;-8;7;9;3;3;3;8;11;-3;12;2.3;3.4;3.1;2;1;H
19;26/12/2019;Everton;18;5;4;9;20;29;-9;19;9;4;2;3;11;11;0;14;9;1;2;6;9;18;-9;5;Burnley;18;7;3;8;23;29;-6;24;9;5;0;4;13;13;0;15;9;2;3;4;10;16;-6;9;1.7;3.75;5;1;0;H
19;26/12/2019;Leicester;18;12;3;3;41;14;27;39;9;7;2;0;19;5;14;23;9;5;1;3;22;9;13;16;Liverpool;18;17;1;0;44;14;30;52;9;9;0;0;26;9;17;27;9;8;1;0;18;5;13;25;3.4;3.75;2.05;0;4;A
19;26/12/2019;Man Utd;18;6;7;5;26;22;4;25;9;4;4;1;16;9;7;16;9;2;3;4;10;13;-3;9;Newcastle;18;7;4;7;18;24;-6;25;9;4;4;1;10;7;3;16;9;3;0;6;8;17;-9;9;1.33;5.25;9;4;1;H
19;26/12/2019;Sheffield;18;7;7;4;22;16;6;28;9;4;1;4;11;9;2;13;9;3;6;0;11;7;4;15;Watford;18;2;6;10;11;32;-21;12;9;1;4;4;6;13;-7;7;9;1;2;6;5;19;-14;5;1.83;3.6;4.33;1;1;D
19;26/12/2019;Tottenham;18;7;5;6;32;26;6;26;9;5;2;2;19;9;10;17;9;2;3;4;13;17;-4;9;Brighton;18;5;5;8;21;26;-5;20;9;3;3;3;12;11;1;12;9;2;2;5;9;15;-6;8;1.53;4.33;6;2;1;H
19;27/12/2019;Wolverhampton;18;6;9;3;26;22;4;27;9;3;4;2;13;12;1;13;9;3;5;1;13;10;3;14;Man City;18;12;2;4;50;20;30;38;9;6;1;2;25;9;16;19;9;6;1;2;25;11;14;19;8.5;5;1.36;3;2;H
20;28/12/2019;Brighton;19;5;5;9;22;28;-6;20;9;3;3;3;12;11;1;12;10;2;2;6;10;17;-7;8;Bournemouth;19;5;5;9;20;26;-6;20;10;2;4;4;10;14;-4;10;9;3;1;5;10;12;-2;10;1.75;3.9;4.33;2;0;H
20;28/12/2019;Burnley;19;7;3;9;23;30;-7;24;9;5;0;4;13;13;0;15;10;2;3;5;10;17;-7;9;Man Utd;19;7;7;5;30;23;7;28;10;5;4;1;20;10;10;19;9;2;3;4;10;13;-3;9;4.33;3.75;1.8;0;2;A
20;28/12/2019;Newcastle;19;7;4;8;19;28;-9;25;9;4;4;1;10;7;3;16;10;3;0;7;9;21;-12;9;Everton;19;6;4;9;21;29;-8;22;10;5;2;3;12;11;1;17;9;1;2;6;9;18;-9;5;3.6;3.4;2.05;1;2;A
20;28/12/2019;Norwich;19;3;3;13;19;38;-19;12;9;2;1;6;14;22;-8;7;10;1;2;7;5;16;-11;5;Tottenham;19;8;5;6;34;27;7;29;10;6;2;2;21;10;11;20;9;2;3;4;13;17;-4;9;5;4;1.66;2;2;D
20;28/12/2019;Southampton;19;6;3;10;23;37;-14;21;9;2;1;6;9;24;-15;7;10;4;2;4;14;13;1;14;Crystal Palace;19;7;5;7;17;21;-4;26;10;4;3;3;9;9;0;15;9;3;2;4;8;12;-4;11;1.95;3.6;3.8;1;1;D
20;28/12/2019;Watford;19;2;7;10;12;33;-21;13;9;1;4;4;6;13;-7;7;10;1;3;6;6;20;-14;6;Aston Villa;19;5;3;11;25;33;-8;18;10;4;2;4;13;14;-1;14;9;1;1;7;12;19;-7;4;1.95;3.8;3.6;3;0;H
20;28/12/2019;West Ham;19;5;4;10;20;32;-12;19;9;2;1;6;11;19;-8;7;10;3;3;4;9;13;-4;12;Leicester;19;12;3;4;41;18;23;39;10;7;2;1;19;9;10;23;9;5;1;3;22;9;13;16;4;3.9;1.83;1;2;A
20;29/12/2019;Arsenal;19;5;9;5;25;28;-3;24;9;3;4;2;14;15;-1;13;10;2;5;3;11;13;-2;11;Chelsea;19;10;2;7;33;27;6;32;10;4;2;4;11;10;1;14;9;6;0;3;22;17;5;18;2.87;3.75;2.3;1;2;A
20;29/12/2019;Liverpool;19;18;1;0;48;14;34;55;9;9;0;0;26;9;17;27;10;9;1;0;22;5;17;28;Wolverhampton;19;7;9;3;29;24;5;30;10;4;4;2;16;14;2;16;9;3;5;1;13;10;3;14;1.25;5.75;12;1;0;H
20;29/12/2019;Man City;19;12;2;5;52;23;29;38;9;6;1;2;25;9;16;19;10;6;1;3;27;14;13;19;Sheffield;19;7;8;4;23;17;6;29;10;4;2;4;12;10;2;14;9;3;6;0;11;7;4;15;1.16;7.5;16;2;0;H
21;01/01/2020;Arsenal;20;5;9;6;26;30;-4;24;10;3;4;3;15;17;-2;13;10;2;5;3;11;13;-2;11;Man Utd;20;8;7;5;32;23;9;31;10;5;4;1;20;10;10;19;10;3;3;4;12;13;-1;12;2.55;3.6;2.62;2;0;H
21;01/01/2020;Brighton;20;6;5;9;24;28;-4;23;10;4;3;3;14;11;3;15;10;2;2;6;10;17;-7;8;Chelsea;20;11;2;7;35;28;7;35;10;4;2;4;11;10;1;14;10;7;0;3;24;18;6;21;3.6;3.6;1.95;1;1;D
21;01/01/2020;Burnley;20;7;3;10;23;32;-9;24;10;5;0;5;13;15;-2;15;10;2;3;5;10;17;-7;9;Aston Villa;20;5;3;12;25;36;-11;18;10;4;2;4;13;14;-1;14;10;1;1;8;12;22;-10;4;1.75;3.8;4.33;1;2;A
21;01/01/2020;Man City;20;13;2;5;54;23;31;41;10;7;1;2;27;9;18;22;10;6;1;3;27;14;13;19;Everton;20;7;4;9;23;30;-7;25;10;5;2;3;12;11;1;17;10;2;2;6;11;19;-8;8;1.25;6.5;10;2;1;H
21;01/01/2020;Newcastle;20;7;4;9;20;30;-10;25;10;4;4;2;11;9;2;16;10;3;0;7;9;21;-12;9;Leicester;20;13;3;4;43;19;24;42;10;7;2;1;19;9;10;23;10;6;1;3;24;10;14;19;5;3.8;1.66;0;3;A
21;01/01/2020;Norwich;20;3;4;13;21;40;-19;13;10;2;2;6;16;24;-8;8;10;1;2;7;5;16;-11;5;Crystal Palace;20;7;6;7;18;22;-4;27;10;4;3;3;9;9;0;15;10;3;3;4;9;13;-4;12;2.5;3.4;2.75;1;1;D
21;01/01/2020;Southampton;20;6;4;10;24;38;-14;22;10;2;2;6;10;25;-15;8;10;4;2;4;14;13;1;14;Tottenham;20;8;6;6;36;29;7;30;10;6;2;2;21;10;11;20;10;2;4;4;15;19;-4;10;3.3;3.5;2.1;1;0;H
21;01/01/2020;Watford;20;3;7;10;15;33;-18;16;10;2;4;4;9;13;-4;10;10;1;3;6;6;20;-14;6;Wolverhampton;20;7;9;4;29;25;4;30;10;4;4;2;16;14;2;16;10;3;5;2;13;11;2;14;3;3.4;2.3;2;1;H
21;01/01/2020;West Ham;20;5;4;11;21;34;-13;19;10;2;1;7;12;21;-9;7;10;3;3;4;9;13;-4;12;Bournemouth;20;5;5;10;20;28;-8;20;10;2;4;4;10;14;-4;10;10;3;1;6;10;14;-4;10;1.9;3.75;3.8;4;0;H
21;02/01/2020;Liverpool;20;19;1;0;49;14;35;58;10;10;0;0;27;9;18;30;10;9;1;0;22;5;17;28;Sheffield;20;7;8;5;23;19;4;29;10;4;2;4;12;10;2;14;10;3;6;1;11;9;2;15;1.2;6.5;13;2;0;H
22;10/01/2020;Sheffield;21;7;8;6;23;21;2;29;10;4;2;4;12;10;2;14;11;3;6;2;11;11;0;15;West Ham;21;6;4;11;25;34;-9;22;11;3;1;7;16;21;-5;10;10;3;3;4;9;13;-4;12;1.95;3.4;4;1;0;H
22;11/01/2020;Chelsea;21;11;3;7;36;29;7;36;10;4;2;4;11;10;1;14;11;7;1;3;25;19;6;22;Burnley;21;7;3;11;24;34;-10;24;11;5;0;6;14;17;-3;15;10;2;3;5;10;17;-7;9;1.28;5.5;11;3;0;H
22;11/01/2020;Crystal Palace;21;7;7;7;19;23;-4;28;10;4;3;3;9;9;0;15;11;3;4;4;10;14;-4;13;Arsenal;21;6;9;6;28;30;-2;27;11;4;4;3;17;17;0;16;10;2;5;3;11;13;-2;11;4.1;3.9;1.8;1;1;D
22;11/01/2020;Everton;21;7;4;10;24;32;-8;25;10;5;2;3;12;11;1;17;11;2;2;7;12;21;-9;8;Brighton;21;6;6;9;25;29;-4;24;11;4;4;3;15;12;3;16;10;2;2;6;10;17;-7;8;1.85;3.8;4;1;0;H
22;11/01/2020;Leicester;21;14;3;4;46;19;27;45;10;7;2;1;19;9;10;23;11;7;1;3;27;10;17;22;Southampton;21;7;4;10;25;38;-13;25;11;3;2;6;11;25;-14;11;10;4;2;4;14;13;1;14;1.6;4;5.5;1;2;A
22;11/01/2020;Man Utd;21;8;7;6;32;25;7;31;10;5;4;1;20;10;10;19;11;3;3;5;12;15;-3;12;Norwich;21;3;5;13;22;41;-19;14;11;2;3;6;17;25;-8;9;10;1;2;7;5;16;-11;5;1.33;5.25;8.5;4;0;H
22;11/01/2020;Tottenham;21;8;6;7;36;30;6;30;10;6;2;2;21;10;11;20;11;2;4;5;15;20;-5;10;Liverpool;21;20;1;0;51;14;37;61;11;11;0;0;29;9;20;33;10;9;1;0;22;5;17;28;4.5;4.33;1.66;0;1;A
22;11/01/2020;Wolverhampton;21;7;9;5;30;27;3;30;10;4;4;2;16;14;2;16;11;3;5;3;14;13;1;14;Newcastle;21;7;4;10;20;33;-13;25;11;4;4;3;11;12;-1;16;10;3;0;7;9;21;-12;9;1.44;4.5;7.5;1;1;D
22;12/01/2020;Aston Villa;21;6;3;12;27;37;-10;21;10;4;2;4;13;14;-1;14;11;2;1;8;14;23;-9;7;Man City;21;14;2;5;56;24;32;44;11;8;1;2;29;10;19;25;10;6;1;3;27;14;13;19;13;8.5;1.16;1;6;A
22;12/01/2020;Bournemouth;21;5;5;11;20;32;-12;20;10;2;4;4;10;14;-4;10;11;3;1;7;10;18;-8;10;Watford;21;4;7;10;17;34;-17;19;11;3;4;4;11;14;-3;13;10;1;3;6;6;20;-14;6;2.6;3.3;2.7;0;3;A
23;18/01/2020;Arsenal;22;6;10;6;29;31;-2;28;11;4;4;3;17;17;0;16;11;2;6;3;12;14;-2;12;Sheffield;22;8;8;6;24;21;3;32;11;5;2;4;13;10;3;17;11;3;6;2;11;11;0;15;1.83;3.6;4.33;1;1;D
23;18/01/2020;Brighton;22;6;6;10;25;30;-5;24;11;4;4;3;15;12;3;16;11;2;2;7;10;18;-8;8;Aston Villa;22;6;3;13;28;43;-15;21;11;4;2;5;14;20;-6;14;11;2;1;8;14;23;-9;7;1.66;4;5;1;1;D
23;18/01/2020;Man City;22;15;2;5;62;25;37;47;11;8;1;2;29;10;19;25;11;7;1;3;33;15;18;22;Crystal Palace;22;7;8;7;20;24;-4;29;11;4;4;3;10;10;0;16;11;3;4;4;10;14;-4;13;1.1;11;19;2;2;D
23;18/01/2020;Newcastle;22;7;5;10;21;34;-13;26;11;4;4;3;11;12;-1;16;11;3;1;7;10;22;-12;10;Chelsea;22;12;3;7;39;29;10;39;11;5;2;4;14;10;4;17;11;7;1;3;25;19;6;22;6;4.5;1.5;1;0;H
23;18/01/2020;Norwich;22;3;5;14;22;45;-23;14;11;2;3;6;17;25;-8;9;11;1;2;8;5;20;-15;5;Bournemouth;22;5;5;12;20;35;-15;20;11;2;4;5;10;17;-7;10;11;3;1;7;10;18;-8;10;2.2;3.5;3.25;1;0;H
23;18/01/2020;Southampton;22;8;4;10;27;39;-12;28;11;3;2;6;11;25;-14;11;11;5;2;4;16;14;2;17;Wolverhampton;22;7;10;5;31;28;3;31;11;4;5;2;17;15;2;17;11;3;5;3;14;13;1;14;2.4;3.4;3;2;3;A
23;18/01/2020;Watford;22;5;7;10;20;34;-14;22;11;3;4;4;11;14;-3;13;11;2;3;6;9;20;-11;9;Tottenham;22;8;6;8;36;31;5;30;11;6;2;3;21;11;10;20;11;2;4;5;15;20;-5;10;3.25;3.5;2.2;0;0;D
23;18/01/2020;West Ham;22;6;4;12;25;35;-10;22;11;3;1;7;16;21;-5;10;11;3;3;5;9;14;-5;12;Everton;22;8;4;10;25;32;-7;28;11;6;2;3;13;11;2;20;11;2;2;7;12;21;-9;8;2.9;3.5;2.37;1;1;D
23;19/01/2020;Burnley;22;7;3;12;24;37;-13;24;11;5;0;6;14;17;-3;15;11;2;3;6;10;20;-10;9;Leicester;22;14;3;5;47;21;26;45;11;7;2;2;20;11;9;23;11;7;1;3;27;10;17;22;4.33;3.75;1.83;2;1;H
23;19/01/2020;Liverpool;22;21;1;0;52;14;38;64;11;11;0;0;29;9;20;33;11;10;1;0;23;5;18;31;Man Utd;22;9;7;6;36;25;11;34;11;6;4;1;24;10;14;22;11;3;3;5;12;15;-3;12;1.36;5.25;8;2;0;H
24;21/01/2020;Aston Villa;23;6;4;13;29;44;-15;22;11;4;2;5;14;20;-6;14;12;2;2;8;15;24;-9;8;Watford;23;5;8;10;20;34;-14;23;12;3;5;4;11;14;-3;14;11;2;3;6;9;20;-11;9;2.8;3.5;2.45;2;1;H
24;21/01/2020;Bournemouth;23;5;5;13;20;36;-16;20;11;2;4;5;10;17;-7;10;12;3;1;8;10;19;-9;10;Brighton;23;6;7;10;26;31;-5;25;12;4;5;3;16;13;3;17;11;2;2;7;10;18;-8;8;2.87;3.4;2.45;3;1;H
24;21/01/2020;Chelsea;23;12;3;8;39;30;9;39;11;5;2;4;14;10;4;17;12;7;1;4;25;20;5;22;Arsenal;23;6;11;6;30;32;-2;29;12;4;5;3;18;18;0;17;11;2;6;3;12;14;-2;12;1.72;3.9;4.5;2;2;D
24;21/01/2020;Crystal Palace;23;7;9;7;22;26;-4;30;11;4;4;3;10;10;0;16;12;3;5;4;12;16;-4;14;Southampton;23;8;4;11;29;42;-13;28;12;3;2;7;13;28;-15;11;11;5;2;4;16;14;2;17;2.7;3.25;2.7;0;2;A
24;21/01/2020;Everton;23;8;5;10;26;33;-7;29;11;6;2;3;13;11;2;20;12;2;3;7;13;22;-9;9;Newcastle;23;8;5;10;22;34;-12;29;12;5;4;3;12;12;0;19;11;3;1;7;10;22;-12;10;1.55;4.1;6;2;2;D
24;21/01/2020;Sheffield;23;8;9;6;25;22;3;33;11;5;2;4;13;10;3;17;12;3;7;2;12;12;0;16;Man City;23;15;3;5;64;27;37;48;12;8;2;2;31;12;19;26;11;7;1;3;33;15;18;22;7;5;1.4;0;1;A
24;22/01/2020;Leicester;23;14;3;6;48;23;25;45;11;7;2;2;20;11;9;23;12;7;1;4;28;12;16;22;West Ham;23;6;5;12;26;36;-10;23;12;3;2;7;17;22;-5;11;11;3;3;5;9;14;-5;12;1.53;4.33;6;4;1;H
24;22/01/2020;Man Utd;23;9;7;7;36;27;9;34;11;6;4;1;24;10;14;22;12;3;3;6;12;17;-5;12;Burnley;23;8;3;12;26;38;-12;27;12;6;0;6;16;18;-2;18;11;2;3;6;10;20;-10;9;1.36;4.75;9;0;2;A
24;22/01/2020;Tottenham;23;8;7;8;36;31;5;31;11;6;2;3;21;11;10;20;12;2;5;5;15;20;-5;11;Norwich;23;4;5;14;23;45;-22;17;12;3;3;6;18;25;-7;12;11;1;2;8;5;20;-15;5;1.4;5;7.5;2;1;H
24;23/01/2020;Wolverhampton;23;8;10;5;34;30;4;34;11;4;5;2;17;15;2;17;12;4;5;3;17;15;2;17;Liverpool;23;22;1;0;54;14;40;67;12;12;0;0;31;9;22;36;11;10;1;0;23;5;18;31;5.75;3.8;1.61;1;2;A
25;01/02/2020;Bournemouth;24;6;5;13;23;37;-14;23;12;3;4;5;13;18;-5;13;12;3;1;8;10;19;-9;10;Aston Villa;24;7;4;13;31;45;-14;25;12;5;2;5;16;21;-5;17;12;2;2;8;15;24;-9;8;2.1;3.6;3.3;2;1;H
25;01/02/2020;Crystal Palace;24;7;9;8;22;28;-6;30;12;4;4;4;10;12;-2;16;12;3;5;4;12;16;-4;14;Sheffield;24;8;9;7;25;23;2;33;12;5;2;5;13;11;2;17;12;3;7;2;12;12;0;16;3.1;3.1;2.5;0;1;A
25;01/02/2020;Leicester;24;15;3;6;52;24;28;48;12;8;2;2;24;12;12;26;12;7;1;4;28;12;16;22;Chelsea;24;12;4;8;41;32;9;40;12;5;3;4;16;12;4;18;12;7;1;4;25;20;5;22;2.5;3.6;2.7;2;2;D
25;01/02/2020;Liverpool;24;23;1;0;56;15;41;70;12;12;0;0;31;9;22;36;12;11;1;0;25;6;19;34;Southampton;24;9;4;11;31;42;-11;31;12;3;2;7;13;28;-15;11;12;6;2;4;18;14;4;20;1.25;6;12;4;0;H
25;01/02/2020;Man Utd;24;9;7;8;36;29;7;34;12;6;4;2;24;12;12;22;12;3;3;6;12;17;-5;12;Wolverhampton;24;8;10;6;35;32;3;34;12;4;5;3;18;17;1;17;12;4;5;3;17;15;2;17;2.25;3.25;3.4;0;0;D
25;01/02/2020;Newcastle;24;8;6;10;24;36;-12;30;12;5;4;3;12;12;0;19;12;3;2;7;12;24;-12;11;Norwich;24;4;5;15;24;47;-23;17;12;3;3;6;18;25;-7;12;12;1;2;9;6;22;-16;5;2.2;3.4;3.3;0;0;D
25;01/02/2020;Watford;24;5;8;11;21;36;-15;23;12;3;5;4;11;14;-3;14;12;2;3;7;10;22;-12;9;Everton;24;8;6;10;28;35;-7;30;12;6;3;3;15;13;2;21;12;2;3;7;13;22;-9;9;2.75;3.3;2.62;2;3;A
25;01/02/2020;West Ham;24;6;5;13;27;40;-13;23;12;3;2;7;17;22;-5;11;12;3;3;6;10;18;-8;12;Brighton;24;6;7;11;27;34;-7;25;12;4;5;3;16;13;3;17;12;2;2;8;11;21;-10;8;2.6;3.3;2.75;3;3;D
25;02/02/2020;Burnley;24;9;3;12;28;38;-10;30;12;6;0;6;16;18;-2;18;12;3;3;6;12;20;-8;12;Arsenal;24;6;12;6;32;34;-2;30;12;4;5;3;18;18;0;17;12;2;7;3;14;16;-2;13;3.6;3.6;2;0;0;D
25;02/02/2020;Tottenham;24;9;7;8;38;32;6;34;12;7;2;3;23;12;11;23;12;2;5;5;15;20;-5;11;Man City;24;16;3;5;65;27;38;51;12;8;2;2;31;12;19;26;12;8;1;3;34;15;19;25;5.5;4.6;1.53;2;0;H
26;08/02/2020;Brighton;25;6;8;11;30;37;-7;26;12;4;5;3;16;13;3;17;13;2;3;8;14;24;-10;9;Watford;25;5;8;12;23;39;-16;23;13;3;5;5;13;17;-4;14;12;2;3;7;10;22;-12;9;2.1;3.4;3.6;1;1;D
26;08/02/2020;Everton;25;9;6;10;31;37;-6;33;12;6;3;3;15;13;2;21;13;3;3;7;16;24;-8;12;Crystal Palace;25;7;9;9;22;29;-7;30;13;4;4;5;10;13;-3;16;12;3;5;4;12;16;-4;14;1.61;3.8;6;3;1;H
26;09/02/2020;Sheffield;25;9;9;7;26;23;3;36;12;5;2;5;13;11;2;17;13;4;7;2;13;12;1;19;Bournemouth;25;7;5;13;25;38;-13;26;13;4;4;5;15;19;-4;16;12;3;1;8;10;19;-9;10;1.66;3.6;5.75;2;1;H
26;14/02/2020;Wolverhampton;25;8;11;6;35;32;3;35;12;4;5;3;18;17;1;17;13;4;6;3;17;15;2;18;Leicester;25;15;4;6;54;26;28;49;13;8;3;2;26;14;12;27;12;7;1;4;28;12;16;22;2.5;3.3;2.87;0;0;D
26;15/02/2020;Norwich;25;4;6;15;24;47;-23;18;12;3;3;6;18;25;-7;12;13;1;3;9;6;22;-16;6;Liverpool;25;24;1;0;60;15;45;73;13;13;0;0;35;9;26;39;12;11;1;0;25;6;19;34;11;6.25;1.25;0;1;A
26;15/02/2020;Southampton;25;9;4;12;31;46;-15;31;12;3;2;7;13;28;-15;11;13;6;2;5;18;18;0;20;Burnley;25;9;4;12;28;38;-10;31;13;6;1;6;16;18;-2;19;12;3;3;6;12;20;-8;12;1.75;3.8;4.75;1;2;A
26;16/02/2020;Arsenal;25;6;13;6;32;34;-2;31;12;4;5;3;18;18;0;17;13;2;8;3;14;16;-2;14;Newcastle;25;8;7;10;24;36;-12;31;13;5;5;3;12;12;0;20;12;3;2;7;12;24;-12;11;1.4;4.75;8;4;0;H
26;16/02/2020;Aston Villa;25;7;4;14;32;47;-15;25;12;5;2;5;16;21;-5;17;13;2;2;9;16;26;-10;8;Tottenham;25;10;7;8;40;32;8;37;13;8;2;3;25;12;13;26;12;2;5;5;15;20;-5;11;4;3.8;1.85;2;3;A
26;17/02/2020;Chelsea;25;12;5;8;43;34;9;41;12;5;3;4;16;12;4;18;13;7;2;4;27;22;5;23;Man Utd;25;9;8;8;36;29;7;35;13;6;5;2;24;12;12;23;12;3;3;6;12;17;-5;12;1.85;3.5;4.5;0;2;A
26;19/02/2020;Man City;25;16;3;6;65;29;36;51;12;8;2;2;31;12;19;26;13;8;1;4;34;17;17;25;West Ham;25;6;6;13;30;43;-13;24;13;3;3;7;20;25;-5;12;12;3;3;6;10;18;-8;12;1.12;9.5;17;2;0;H
27;22/02/2020;Burnley;26;10;4;12;30;39;-9;34;13;6;1;6;16;18;-2;19;13;4;3;6;14;21;-7;15;Bournemouth;26;7;5;14;26;40;-14;26;13;4;4;5;15;19;-4;16;13;3;1;9;11;21;-10;10;2.1;3.3;3.7;3;0;H
27;22/02/2020;Chelsea;26;12;5;9;43;36;7;41;13;5;3;5;16;14;2;18;13;7;2;4;27;22;5;23;Tottenham;26;11;7;8;43;34;9;40;13;8;2;3;25;12;13;26;13;3;5;5;18;22;-4;14;1.72;4;4.5;2;1;H
27;22/02/2020;Crystal Palace;26;7;9;10;23;32;-9;30;13;4;4;5;10;13;-3;16;13;3;5;5;13;19;-6;14;Newcastle;26;8;7;11;24;40;-16;31;13;5;5;3;12;12;0;20;13;3;2;8;12;28;-16;11;1.95;3.4;4.2;1;0;H
27;22/02/2020;Leicester;26;15;5;6;54;26;28;50;13;8;3;2;26;14;12;27;13;7;2;4;28;12;16;23;Man City;26;17;3;6;67;29;38;54;13;9;2;2;33;12;21;29;13;8;1;4;34;17;17;25;4.5;4.2;1.7;0;1;A
27;22/02/2020;Sheffield;26;10;9;7;28;24;4;39;13;6;2;5;15;12;3;20;13;4;7;2;13;12;1;19;Brighton;26;6;9;11;31;38;-7;27;13;4;6;3;17;14;3;18;13;2;3;8;14;24;-10;9;1.95;3.4;4.2;1;1;D
27;22/02/2020;Southampton;26;9;4;13;32;48;-16;31;13;3;2;8;14;30;-16;11;13;6;2;5;18;18;0;20;Aston Villa;26;7;4;15;34;50;-16;25;13;5;2;6;18;24;-6;17;13;2;2;9;16;26;-10;8;1.61;4.33;5;2;0;H
27;23/02/2020;Arsenal;26;7;13;6;36;34;2;34;13;5;5;3;22;18;4;20;13;2;8;3;14;16;-2;14;Everton;26;10;6;10;34;38;-4;36;13;7;3;3;18;14;4;24;13;3;3;7;16;24;-8;12;2;3.6;3.7;3;2;H
27;23/02/2020;Man Utd;26;10;8;8;38;29;9;38;13;6;5;2;24;12;12;23;13;4;3;6;14;17;-3;15;Watford;26;5;9;12;24;40;-16;24;13;3;5;5;13;17;-4;14;13;2;4;7;11;23;-12;10;1.6;3.9;6;3;0;H
27;23/02/2020;Wolverhampton;26;8;12;6;35;32;3;36;13;4;6;3;18;17;1;18;13;4;6;3;17;15;2;18;Norwich;26;4;6;16;24;48;-24;18;13;3;3;7;18;26;-8;12;13;1;3;9;6;22;-16;6;1.5;4.2;7;3;0;H
27;24/02/2020;Liverpool;26;25;1;0;61;15;46;76;13;13;0;0;35;9;26;39;13;12;1;0;26;6;20;37;West Ham;26;6;6;14;30;45;-15;24;13;3;3;7;20;25;-5;12;13;3;3;7;10;20;-10;12;1.16;8;15;3;2;H
28;28/02/2020;Norwich;27;4;6;17;24;51;-27;18;13;3;3;7;18;26;-8;12;14;1;3;10;6;25;-19;6;Leicester;27;15;5;7;54;27;27;50;14;8;3;3;26;15;11;27;13;7;2;4;28;12;16;23;4.33;4.1;1.72;1;0;H
28;29/02/2020;Bournemouth;27;7;5;15;26;43;-17;26;13;4;4;5;15;19;-4;16;14;3;1;10;11;24;-13;10;Chelsea;27;13;5;9;45;37;8;44;14;6;3;5;18;15;3;21;13;7;2;4;27;22;5;23;4.75;3.8;1.72;2;2;D
28;29/02/2020;Brighton;27;6;10;11;32;39;-7;28;13;4;6;3;17;14;3;18;14;2;4;8;15;25;-10;10;Crystal Palace;27;8;9;10;24;32;-8;33;14;5;4;5;11;13;-2;19;13;3;5;5;13;19;-6;14;2.05;3.25;3.9;0;1;A
28;29/02/2020;Newcastle;27;8;7;12;24;41;-17;31;13;5;5;3;12;12;0;20;14;3;2;9;12;29;-17;11;Burnley;27;11;4;12;33;39;-6;37;14;7;1;6;19;18;1;22;13;4;3;6;14;21;-7;15;2.62;3.1;2.9;0;0;D
28;29/02/2020;Watford;27;5;9;13;24;43;-19;24;13;3;5;5;13;17;-4;14;14;2;4;8;11;26;-15;10;Liverpool;27;26;1;0;64;17;47;79;14;14;0;0;38;11;27;42;13;12;1;0;26;6;20;37;8;4.75;1.4;3;0;H
28;29/02/2020;West Ham;27;6;6;15;32;48;-16;24;13;3;3;7;20;25;-5;12;14;3;3;8;12;23;-11;12;Southampton;27;10;4;13;34;48;-14;34;14;4;2;8;16;30;-14;14;13;6;2;5;18;18;0;20;2.65;3.6;2.5;3;1;H
28;01/03/2020;Everton;27;10;6;11;36;41;-5;36;13;7;3;3;18;14;4;24;14;3;3;8;18;27;-9;12;Man Utd;27;11;8;8;41;29;12;41;14;7;5;2;27;12;15;26;13;4;3;6;14;17;-3;15;2.5;3.25;2.9;1;1;D
28;01/03/2020;Tottenham;27;11;7;9;44;36;8;40;13;8;2;3;25;12;13;26;14;3;5;6;19;24;-5;14;Wolverhampton;27;9;12;6;38;32;6;39;14;5;6;3;21;17;4;21;13;4;6;3;17;15;2;18;2.45;3.2;3;2;3;A
29;07/03/2020;Arsenal;28;8;13;7;39;39;0;37;14;6;5;3;25;20;5;23;14;2;8;4;14;19;-5;14;West Ham;28;7;6;15;35;49;-14;27;14;4;3;7;23;26;-3;15;14;3;3;8;12;23;-11;12;1.57;4.4;5.5;1;0;H
29;07/03/2020;Burnley;28;11;5;12;33;39;-6;38;14;7;1;6;19;18;1;22;14;4;4;6;14;21;-7;16;Tottenham;28;11;7;10;46;39;7;40;14;8;2;4;27;15;12;26;14;3;5;6;19;24;-5;14;2.7;3.3;2.62;1;1;D
29;07/03/2020;Crystal Palace;28;9;9;10;25;32;-7;36;14;5;4;5;11;13;-2;19;14;4;5;5;14;19;-5;17;Watford;28;6;9;13;27;43;-16;27;14;4;5;5;16;17;-1;17;14;2;4;8;11;26;-15;10;2.55;3.2;2.9;1;0;H
29;07/03/2020;Liverpool;28;26;1;1;64;20;44;79;14;14;0;0;38;11;27;42;14;12;1;1;26;9;17;37;Bournemouth;28;7;6;15;28;45;-17;27;14;4;5;5;17;21;-4;17;14;3;1;10;11;24;-13;10;1.22;6.5;13;2;1;H
29;07/03/2020;Sheffield;28;10;11;7;29;25;4;41;14;6;3;5;16;13;3;21;14;4;8;2;13;12;1;20;Norwich;28;5;6;17;25;51;-26;21;14;4;3;7;19;26;-7;15;14;1;3;10;6;25;-19;6;1.65;3.75;5.75;1;0;H
29;07/03/2020;Southampton;28;10;4;14;35;51;-16;34;14;4;2;8;16;30;-14;14;14;6;2;6;19;21;-2;20;Newcastle;28;8;8;12;24;41;-17;32;14;5;6;3;12;12;0;21;14;3;2;9;12;29;-17;11;1.61;4.1;5.25;0;1;A
29;07/03/2020;Wolverhampton;28;10;12;6;41;34;7;42;14;5;6;3;21;17;4;21;14;5;6;3;20;17;3;21;Brighton;28;6;10;12;32;40;-8;28;14;4;6;4;17;15;2;18;14;2;4;8;15;25;-10;10;1.61;3.9;5.75;0;0;D
29;08/03/2020;Chelsea;28;13;6;9;47;39;8;45;14;6;3;5;18;15;3;21;14;7;3;4;29;24;5;24;Everton;28;10;7;11;37;42;-5;37;14;7;4;3;19;15;4;25;14;3;3;8;18;27;-9;12;1.8;3.9;4.2;4;0;H
29;08/03/2020;Man Utd;28;11;9;8;42;30;12;42;14;7;5;2;27;12;15;26;14;4;4;6;15;18;-3;16;Man City;28;19;3;6;71;29;42;60;14;10;2;2;36;12;24;32;14;9;1;4;35;17;18;28;5;4.33;1.6;2;0;H
29;09/03/2020;Leicester;28;15;5;8;54;28;26;50;14;8;3;3;26;15;11;27;14;7;2;5;28;13;15;23;Aston Villa;28;7;5;16;34;52;-18;26;14;5;3;6;18;24;-6;18;14;2;2;10;16;28;-12;8;1.36;5.25;8;4;0;H
30;19/06/2020;Norwich;29;5;6;18;25;52;-27;21;14;4;3;7;19;26;-7;15;15;1;3;11;6;26;-20;6;Southampton;29;10;4;15;35;52;-17;34;15;4;2;9;16;31;-15;14;14;6;2;6;19;21;-2;20;2.8;3.5;2.45;0;3;A
30;19/06/2020;Tottenham;29;11;8;10;47;40;7;41;14;8;2;4;27;15;12;26;15;3;6;6;20;25;-5;15;Man Utd;29;12;9;8;44;30;14;45;15;8;5;2;29;12;17;29;14;4;4;6;15;18;-3;16;3;3.4;2.37;1;1;D
30;20/06/2020;Bournemouth;29;7;6;16;29;47;-18;27;14;4;5;5;17;21;-4;17;15;3;1;11;12;26;-14;10;Crystal Palace;29;10;9;10;26;32;-6;39;15;6;4;5;12;13;-1;22;14;4;5;5;14;19;-5;17;2.45;3.2;3;0;2;A
30;20/06/2020;Brighton;29;6;11;12;32;40;-8;29;14;4;6;4;17;15;2;18;15;2;5;8;15;25;-10;11;Arsenal;29;9;13;7;40;39;1;40;15;7;5;3;26;20;6;26;14;2;8;4;14;19;-5;14;3.1;3.25;2.37;2;1;H
30;20/06/2020;Watford;29;6;9;14;27;44;-17;27;14;4;5;5;16;17;-1;17;15;2;4;9;11;27;-16;10;Leicester;29;16;5;8;58;28;30;53;15;9;3;3;30;15;15;30;14;7;2;5;28;13;15;23;3.6;3.5;2.05;1;1;D
30;20/06/2020;West Ham;29;7;6;16;35;50;-15;27;14;4;3;7;23;26;-3;15;15;3;3;9;12;24;-12;12;Wolverhampton;29;10;13;6;41;34;7;43;15;5;7;3;21;17;4;22;14;5;6;3;20;17;3;21;3.6;3.4;2.1;0;2;A
30;21/06/2020;Aston Villa;29;7;5;17;34;56;-22;26;14;5;3;6;18;24;-6;18;15;2;2;11;16;32;-16;8;Chelsea;29;14;6;9;51;39;12;48;15;7;3;5;22;15;7;24;14;7;3;4;29;24;5;24;6;4.5;1.5;1;2;A
30;21/06/2020;Everton;29;10;7;12;37;46;-9;37;14;7;4;3;19;15;4;25;15;3;3;9;18;31;-13;12;Liverpool;29;27;1;1;66;21;45;82;15;15;0;0;40;12;28;45;14;12;1;1;26;9;17;37;6;4.2;1.55;0;0;D
30;21/06/2020;Newcastle;29;9;8;12;25;41;-16;35;14;5;6;3;12;12;0;21;15;4;2;9;13;29;-16;14;Sheffield;29;11;11;7;30;25;5;44;15;7;3;5;17;13;4;24;14;4;8;2;13;12;1;20;3.3;3.1;2.37;3;0;H
30;22/06/2020;Man City;29;19;3;7;71;31;40;60;14;10;2;2;36;12;24;32;15;9;1;5;35;19;16;28;Burnley;29;11;6;12;34;40;-6;39;15;7;2;6;20;19;1;23;14;4;4;6;14;21;-7;16;1.12;9;15;5;0;H
31;23/06/2020;Leicester;30;16;6;8;59;29;30;54;15;9;3;3;30;15;15;30;15;7;3;5;29;14;15;24;Brighton;30;7;11;12;34;41;-7;32;15;5;6;4;19;16;3;21;15;2;5;8;15;25;-10;11;1.6;4;5.75;0;0;D
31;23/06/2020;Tottenham;30;11;9;10;48;41;7;42;15;8;3;4;28;16;12;27;15;3;6;6;20;25;-5;15;West Ham;30;7;6;17;35;52;-17;27;15;4;3;8;23;28;-5;15;15;3;3;9;12;24;-12;12;1.66;4;5;2;0;H
31;24/06/2020;Liverpool;30;27;2;1;66;21;45;83;15;15;0;0;40;12;28;45;15;12;2;1;26;9;17;38;Crystal Palace;30;11;9;10;28;32;-4;42;15;6;4;5;12;13;-1;22;15;5;5;5;16;19;-3;20;1.22;6.5;13;4;0;H
31;24/06/2020;Man Utd;30;12;10;8;45;31;14;46;15;8;5;2;29;12;17;29;15;4;5;6;16;19;-3;17;Sheffield;30;11;11;8;30;28;2;44;15;7;3;5;17;13;4;24;15;4;8;3;13;15;-2;20;1.4;4.5;8.5;3;0;H
31;24/06/2020;Newcastle;30;10;8;12;28;41;-13;38;15;6;6;3;15;12;3;24;15;4;2;9;13;29;-16;14;Aston Villa;30;7;5;18;35;58;-23;26;15;5;3;7;19;26;-7;18;15;2;2;11;16;32;-16;8;2.3;3.3;3.2;1;1;D
31;24/06/2020;Norwich;30;5;6;19;25;55;-30;21;15;4;3;8;19;29;-10;15;15;1;3;11;6;26;-20;6;Everton;30;10;8;12;37;46;-9;38;15;7;5;3;19;15;4;26;15;3;3;9;18;31;-13;12;3.9;3.6;1.9;0;1;A
31;24/06/2020;Wolverhampton;30;11;13;6;43;34;9;46;15;5;7;3;21;17;4;22;15;6;6;3;22;17;5;24;Bournemouth;30;7;6;17;29;49;-20;27;15;4;5;6;17;23;-6;17;15;3;1;11;12;26;-14;10;1.55;4;6;1;0;H
31;25/06/2020;Burnley;30;11;6;13;34;45;-11;39;15;7;2;6;20;19;1;23;15;4;4;7;14;26;-12;16;Watford;30;6;10;14;28;45;-17;28;15;4;6;5;17;18;-1;18;15;2;4;9;11;27;-16;10;3;3.25;2.45;1;0;H
31;25/06/2020;Chelsea;30;15;6;9;53;40;13;51;15;7;3;5;22;15;7;24;15;8;3;4;31;25;6;27;Man City;30;20;3;7;76;31;45;63;15;11;2;2;41;12;29;35;15;9;1;5;35;19;16;28;4;4;1.8;2;1;H
31;25/06/2020;Southampton;30;11;4;15;38;52;-14;37;15;4;2;9;16;31;-15;14;15;7;2;6;22;21;1;23;Arsenal;30;9;13;8;41;41;0;40;15;7;5;3;26;20;6;26;15;2;8;5;15;21;-6;14;2.6;3.5;2.62;0;2;A
32;27/06/2020;Aston Villa;31;7;6;18;36;59;-23;27;15;5;3;7;19;26;-7;18;16;2;3;11;17;33;-16;9;Wolverhampton;31;12;13;6;44;34;10;49;16;6;7;3;22;17;5;25;15;6;6;3;22;17;5;24;4.6;3.7;1.75;0;1;A
32;28/06/2020;Watford;31;6;10;15;28;46;-18;28;15;4;6;5;17;18;-1;18;16;2;4;10;11;28;-17;10;Southampton;31;11;4;16;38;54;-16;37;16;4;2;10;16;33;-17;14;15;7;2;6;22;21;1;23;2.5;3.3;2.87;1;3;A
32;29/06/2020;Crystal Palace;31;11;9;11;28;36;-8;42;15;6;4;5;12;13;-1;22;16;5;5;6;16;23;-7;20;Burnley;31;12;6;13;35;45;-10;42;16;8;2;6;21;19;2;26;15;4;4;7;14;26;-12;16;2.25;3.2;3.4;0;1;A
32;30/06/2020;Brighton;31;7;12;12;34;41;-7;33;15;5;6;4;19;16;3;21;16;2;6;8;15;25;-10;12;Man Utd;31;13;10;8;48;31;17;49;16;9;5;2;32;12;20;32;15;4;5;6;16;19;-3;17;6;3.8;1.61;0;3;A
32;01/07/2020;Arsenal;31;10;13;8;43;41;2;43;15;7;5;3;26;20;6;26;16;3;8;5;17;21;-4;17;Norwich;31;5;6;20;25;56;-31;21;16;4;3;9;19;30;-11;15;15;1;3;11;6;26;-20;6;1.44;4.75;7;4;0;H
32;01/07/2020;Bournemouth;31;7;6;18;29;50;-21;27;15;4;5;6;17;23;-6;17;16;3;1;12;12;27;-15;10;Newcastle;31;10;9;12;29;42;-13;39;16;6;7;3;16;13;3;25;15;4;2;9;13;29;-16;14;2.4;3.1;3.2;1;4;A
32;01/07/2020;Everton;31;11;8;12;38;46;-8;41;15;7;5;3;19;15;4;26;16;4;3;9;19;31;-12;15;Leicester;31;16;7;8;59;29;30;55;16;9;4;3;30;15;15;31;15;7;3;5;29;14;15;24;2.5;3.3;2.9;2;1;H
32;01/07/2020;West Ham;31;7;6;18;35;54;-19;27;15;4;3;8;23;28;-5;15;16;3;3;10;12;26;-14;12;Chelsea;31;16;6;9;55;41;14;54;16;8;3;5;24;16;8;27;15;8;3;4;31;25;6;27;5.5;4.33;1.57;3;2;H
32;02/07/2020;Man City;31;20;3;8;77;33;44;63;15;11;2;2;41;12;29;35;16;9;1;6;36;21;15;28;Liverpool;31;28;2;1;70;21;49;86;16;16;0;0;44;12;32;48;15;12;2;1;26;9;17;38;2.05;3.9;3.3;4;0;H
32;02/07/2020;Sheffield;31;11;11;9;30;31;-1;44;15;7;3;5;17;13;4;24;16;4;8;4;13;18;-5;20;Tottenham;31;12;9;10;50;41;9;45;16;9;3;4;30;16;14;30;15;3;6;6;20;25;-5;15;4.2;3.4;1.95;3;1;H
33;04/07/2020;Chelsea;32;16;6;10;57;44;13;54;16;8;3;5;24;16;8;27;16;8;3;5;33;28;5;27;Watford;32;6;10;16;29;49;-20;28;16;4;6;6;18;21;-3;18;16;2;4;10;11;28;-17;10;1.4;4.75;8;3;0;H
33;04/07/2020;Leicester;32;16;7;9;60;31;29;55;16;9;4;3;30;15;15;31;16;7;3;6;30;16;14;24;Crystal Palace;32;11;9;12;28;37;-9;42;16;6;4;6;12;14;-2;22;16;5;5;6;16;23;-7;20;1.66;3.6;5.75;3;0;H
33;04/07/2020;Man Utd;32;14;10;8;51;31;20;52;16;9;5;2;32;12;20;32;16;5;5;6;19;19;0;20;Bournemouth;32;7;6;19;30;54;-24;27;16;4;5;7;18;27;-9;17;16;3;1;12;12;27;-15;10;1.16;7.5;17;5;2;H
33;04/07/2020;Norwich;32;5;6;21;25;60;-35;21;16;4;3;9;19;30;-11;15;16;1;3;12;6;30;-24;6;Brighton;32;7;12;13;34;44;-10;33;16;5;6;5;19;19;0;21;16;2;6;8;15;25;-10;12;3.3;3.4;2.2;0;1;A
33;04/07/2020;Wolverhampton;32;13;13;6;45;34;11;52;16;6;7;3;22;17;5;25;16;7;6;3;23;17;6;27;Arsenal;32;11;13;8;47;41;6;46;16;8;5;3;30;20;10;29;16;3;8;5;17;21;-4;17;2.25;3.4;3.25;0;2;A
33;05/07/2020;Burnley;32;13;6;13;36;45;-9;45;16;8;2;6;21;19;2;26;16;5;4;7;15;26;-11;19;Sheffield;32;12;11;9;33;32;1;47;16;8;3;5;20;14;6;27;16;4;8;4;13;18;-5;20;2.9;3;2.7;1;1;D
33;05/07/2020;Liverpool;32;28;2;2;70;25;45;86;16;16;0;0;44;12;32;48;16;12;2;2;26;13;13;38;Aston Villa;32;7;6;19;36;60;-24;27;16;5;3;8;19;27;-8;18;16;2;3;11;17;33;-16;9;1.33;5.5;8.5;2;0;H
33;05/07/2020;Newcastle;32;11;9;12;33;43;-10;42;16;6;7;3;16;13;3;25;16;5;2;9;17;30;-13;17;West Ham;32;8;6;18;38;56;-18;30;16;5;3;8;26;30;-4;18;16;3;3;10;12;26;-14;12;2.6;3.3;2.75;2;2;D
33;05/07/2020;Southampton;32;12;4;16;41;55;-14;40;16;4;2;10;16;33;-17;14;16;8;2;6;25;22;3;26;Man City;32;21;3;8;81;33;48;66;16;12;2;2;45;12;33;38;16;9;1;6;36;21;15;28;8.5;6;1.3;1;0;H
33;06/07/2020;Tottenham;32;12;9;11;51;44;7;45;16;9;3;4;30;16;14;30;16;3;6;7;21;28;-7;15;Everton;32;12;8;12;40;47;-7;44;16;8;5;3;21;16;5;29;16;4;3;9;19;31;-12;15;2.1;3.5;3.4;1;0;H
34;07/07/2020;Arsenal;33;12;13;8;49;41;8;49;16;8;5;3;30;20;10;29;17;4;8;5;19;21;-2;20;Leicester;33;17;7;9;63;31;32;58;17;10;4;3;33;15;18;34;16;7;3;6;30;16;14;24;2.3;3.5;3;1;1;D
34;07/07/2020;Crystal Palace;33;11;9;13;28;40;-12;42;16;6;4;6;12;14;-2;22;17;5;5;7;16;26;-10;20;Chelsea;33;17;6;10;60;44;16;57;17;9;3;5;27;16;11;30;16;8;3;5;33;28;5;27;8.5;4.5;1.4;2;3;A
34;07/07/2020;Watford;33;6;10;17;29;52;-23;28;16;4;6;6;18;21;-3;18;17;2;4;11;11;31;-20;10;Norwich;33;5;6;22;25;61;-36;21;17;4;3;10;19;31;-12;15;16;1;3;12;6;30;-24;6;1.7;3.75;5;2;1;H
34;08/07/2020;Brighton;33;8;12;13;35;44;-9;36;16;5;6;5;19;19;0;21;17;3;6;8;16;25;-9;15;Liverpool;33;29;2;2;72;25;47;89;17;17;0;0;46;12;34;51;16;12;2;2;26;13;13;38;6;4.33;1.53;1;3;A
34;08/07/2020;Man City;33;21;3;9;81;34;47;66;16;12;2;2;45;12;33;38;17;9;1;7;36;22;14;28;Newcastle;33;11;10;12;35;45;-10;43;17;6;8;3;18;15;3;26;16;5;2;9;17;30;-13;17;1.12;9;21;5;0;H
34;08/07/2020;Sheffield;33;12;12;9;34;33;1;48;16;8;3;5;20;14;6;27;17;4;9;4;14;19;-5;21;Wolverhampton;33;13;13;7;45;36;9;52;17;6;7;4;22;19;3;25;16;7;6;3;23;17;6;27;3.8;3.2;2.1;1;0;H
34;08/07/2020;West Ham;33;8;7;18;40;58;-18;31;16;5;3;8;26;30;-4;18;17;3;4;10;14;28;-14;13;Burnley;33;13;7;13;37;46;-9;46;17;8;3;6;22;20;2;27;16;5;4;7;15;26;-11;19;2;3.4;3.9;0;1;A
34;09/07/2020;Aston Villa;33;7;6;20;36;62;-26;27;16;5;3;8;19;27;-8;18;17;2;3;12;17;35;-18;9;Man Utd;33;15;10;8;56;33;23;55;17;10;5;2;37;14;23;35;16;5;5;6;19;19;0;20;9;5.25;1.33;0;3;A
34;09/07/2020;Bournemouth;33;7;6;20;32;59;-27;27;16;4;5;7;18;27;-9;17;17;3;1;13;14;32;-18;10;Tottenham;33;13;9;11;52;44;8;48;17;10;3;4;31;16;15;33;16;3;6;7;21;28;-7;15;5.25;3.8;1.66;0;0;D
34;09/07/2020;Everton;33;12;8;13;40;48;-8;44;16;8;5;3;21;16;5;29;17;4;3;10;19;32;-13;15;Southampton;33;13;4;16;42;55;-13;43;17;5;2;10;17;33;-16;17;16;8;2;6;25;22;3;26;2.05;3.5;3.6;1;1;D
35;11/07/2020;Brighton;34;8;12;14;36;47;-11;36;17;5;6;6;20;22;-2;21;17;3;6;8;16;25;-9;15;Man City;34;22;3;9;86;34;52;69;17;13;2;2;50;12;38;41;17;9;1;7;36;22;14;28;10;5.5;1.28;0;5;A
35;11/07/2020;Liverpool;34;30;2;2;75;26;49;92;17;17;0;0;46;12;34;51;17;13;2;2;29;14;15;41;Burnley;34;14;7;13;38;46;-8;49;17;8;3;6;22;20;2;27;17;6;4;7;16;26;-10;22;1.22;6.5;12;1;1;D
35;11/07/2020;Norwich;34;5;6;23;26;63;-37;21;17;4;3;10;19;31;-12;15;17;1;3;13;7;32;-25;6;West Ham;34;8;7;19;40;59;-19;31;17;5;3;9;26;31;-5;18;17;3;4;10;14;28;-14;13;3.75;3.75;1.95;0;4;A
35;11/07/2020;Sheffield;34;13;12;9;35;33;2;51;17;9;3;5;21;14;7;30;17;4;9;4;14;19;-5;21;Chelsea;34;18;6;10;63;46;17;60;17;9;3;5;27;16;11;30;17;9;3;5;36;30;6;30;6;3.8;1.6;3;0;H
35;11/07/2020;Watford;34;7;10;17;31;53;-22;31;17;5;6;6;20;22;-2;21;17;2;4;11;11;31;-20;10;Newcastle;34;11;10;13;35;50;-15;43;17;6;8;3;18;15;3;26;17;5;2;10;17;35;-18;17;1.8;3.6;4.5;2;1;H
35;12/07/2020;Aston Villa;34;7;6;21;36;65;-29;27;17;5;3;9;19;30;-11;18;17;2;3;12;17;35;-18;9;Crystal Palace;34;11;9;14;30;43;-13;42;17;6;4;7;14;17;-3;22;17;5;5;7;16;26;-10;20;2.25;3.3;3.3;2;0;H
35;12/07/2020;Bournemouth;34;7;7;20;32;59;-27;28;17;4;6;7;18;27;-9;18;17;3;1;13;14;32;-18;10;Leicester;34;17;8;9;64;32;32;59;17;10;4;3;33;15;18;34;17;7;4;6;31;17;14;25;5.25;3.8;1.66;4;1;H
35;12/07/2020;Tottenham;34;13;10;11;52;44;8;49;17;10;3;4;31;16;15;33;17;3;7;7;21;28;-7;16;Arsenal;34;12;14;8;50;42;8;50;17;8;6;3;31;21;10;30;17;4;8;5;19;21;-2;20;2.62;3.4;2.7;2;1;H
35;12/07/2020;Wolverhampton;34;13;13;8;45;37;8;52;17;6;7;4;22;19;3;25;17;7;6;4;23;18;5;27;Everton;34;12;9;13;41;49;-8;45;17;8;6;3;22;17;5;30;17;4;3;10;19;32;-13;15;2.05;3.3;3.8;3;0;H
35;13/07/2020;Man Utd;34;16;10;8;59;33;26;58;17;10;5;2;37;14;23;35;17;6;5;6;22;19;3;23;Southampton;34;13;5;16;43;56;-13;44;17;5;2;10;17;33;-16;17;17;8;3;6;26;23;3;27;1.3;5.5;10;2;2;D
36;14/07/2020;Chelsea;35;18;6;11;63;49;14;60;17;9;3;5;27;16;11;30;18;9;3;6;36;33;3;30;Norwich;35;5;6;24;26;67;-41;21;18;4;3;11;19;35;-16;15;17;1;3;13;7;32;-25;6;1.12;9.5;17;1;0;H
36;15/07/2020;Arsenal;35;12;14;9;51;44;7;50;17;8;6;3;31;21;10;30;18;4;8;6;20;23;-3;20;Liverpool;35;30;3;2;76;27;49;93;18;17;1;0;47;13;34;52;17;13;2;2;29;14;15;41;3.8;3.8;1.9;2;1;H
36;15/07/2020;Burnley;35;14;8;13;39;47;-8;50;17;8;3;6;22;20;2;27;18;6;5;7;17;27;-10;23;Wolverhampton;35;14;13;8;48;37;11;55;18;7;7;4;25;19;6;28;17;7;6;4;23;18;5;27;4.5;3.3;1.9;1;1;D
36;15/07/2020;Man City;35;23;3;9;91;34;57;72;17;13;2;2;50;12;38;41;18;10;1;7;41;22;19;31;Bournemouth;35;8;7;20;36;60;-24;31;18;5;6;7;22;28;-6;21;17;3;1;13;14;32;-18;10;1.14;8.5;17;2;1;H
36;15/07/2020;Newcastle;35;11;10;14;36;52;-16;43;17;6;8;3;18;15;3;26;18;5;2;11;18;37;-19;17;Tottenham;35;14;10;11;54;45;9;52;18;11;3;4;33;17;16;36;17;3;7;7;21;28;-7;16;4.6;3.8;1.75;1;3;A
36;16/07/2020;Crystal Palace;35;11;9;15;30;45;-15;42;17;6;4;7;14;17;-3;22;18;5;5;8;16;28;-12;20;Man Utd;35;16;11;8;61;35;26;59;18;10;6;2;39;16;23;36;17;6;5;6;22;19;3;23;9.5;4.75;1.36;0;2;A
36;16/07/2020;Everton;35;12;9;14;41;52;-11;45;17;8;6;3;22;17;5;30;18;4;3;11;19;35;-16;15;Aston Villa;35;8;6;21;38;65;-27;30;18;6;3;9;21;30;-9;21;17;2;3;12;17;35;-18;9;2;3.5;3.75;1;1;D
36;16/07/2020;Leicester;35;17;8;10;65;36;29;59;17;10;4;3;33;15;18;34;18;7;4;7;32;21;11;25;Sheffield;35;14;12;9;38;33;5;54;18;10;3;5;24;14;10;33;17;4;9;4;14;19;-5;21;2.05;3.25;3.9;2;0;H
36;16/07/2020;Southampton;35;13;6;16;45;58;-13;45;17;5;2;10;17;33;-16;17;18;8;4;6;28;25;3;28;Brighton;35;8;12;15;36;52;-16;36;18;5;6;7;20;27;-7;21;17;3;6;8;16;25;-9;15;2.15;3.3;3.5;1;1;D
36;17/07/2020;West Ham;35;9;7;19;44;59;-15;34;17;5;3;9;26;31;-5;18;18;4;4;10;18;28;-10;16;Watford;35;8;10;17;33;54;-21;34;18;6;6;6;22;23;-1;24;17;2;4;11;11;31;-20;10;2.4;3;3.3;3;1;H
37;18/07/2020;Norwich;36;5;6;25;26;68;-42;21;18;4;3;11;19;35;-16;15;18;1;3;14;7;33;-26;6;Burnley;36;14;9;13;40;48;-8;51;18;8;4;6;23;21;2;28;18;6;5;7;17;27;-10;23;3.2;3.4;2.25;0;2;A
37;19/07/2020;Bournemouth;36;8;7;21;37;62;-25;31;18;5;6;7;22;28;-6;21;18;3;1;14;15;34;-19;10;Southampton;36;13;7;16;46;59;-13;46;18;5;3;10;18;34;-16;18;18;8;4;6;28;25;3;28;2.4;3.6;2.8;0;2;A
37;19/07/2020;Tottenham;36;15;10;11;57;46;11;55;18;11;3;4;33;17;16;36;18;4;7;7;24;29;-5;19;Leicester;36;18;8;10;67;36;31;62;18;11;4;3;35;15;20;37;18;7;4;7;32;21;11;25;2.25;3.3;3.25;3;0;H
37;20/07/2020;Brighton;36;8;13;15;37;53;-16;37;18;5;6;7;20;27;-7;21;18;3;7;8;17;26;-9;16;Newcastle;36;11;10;15;37;55;-18;43;18;6;8;4;19;18;1;26;18;5;2;11;18;37;-19;17;1.9;3.4;4.33;0;0;D
37;20/07/2020;Sheffield;36;14;12;10;38;35;3;54;18;10;3;5;24;14;10;33;18;4;9;5;14;21;-7;21;Everton;36;12;10;14;42;53;-11;46;18;8;7;3;23;18;5;31;18;4;3;11;19;35;-16;15;2.2;3.25;3.5;0;1;A
37;20/07/2020;Wolverhampton;36;14;14;8;49;38;11;56;18;7;7;4;25;19;6;28;18;7;7;4;24;19;5;28;Crystal Palace;36;11;9;16;30;47;-17;42;18;6;4;8;14;19;-5;22;18;5;5;8;16;28;-12;20;1.5;4;7.5;2;0;H
37;21/07/2020;Aston Villa;36;8;7;21;39;66;-27;31;18;6;3;9;21;30;-9;21;18;2;4;12;18;36;-18;10;Arsenal;36;13;14;9;53;45;8;53;18;9;6;3;33;22;11;33;18;4;8;6;20;23;-3;20;3.3;3.6;2.1;1;0;H
37;21/07/2020;Watford;36;8;10;18;34;57;-23;34;18;6;6;6;22;23;-1;24;18;2;4;12;12;34;-22;10;Man City;36;24;3;9;93;35;58;75;18;14;2;2;52;13;39;44;18;10;1;7;41;22;19;31;8.5;5.5;1.33;0;4;A
37;22/07/2020;Liverpool;36;30;3;3;77;29;48;93;18;17;1;0;47;13;34;52;18;13;2;3;30;16;14;41;Chelsea;36;19;6;11;64;49;15;63;18;10;3;5;28;16;12;33;18;9;3;6;36;33;3;30;2;3.75;3.5;5;3;H
37;22/07/2020;Man Utd;36;17;11;8;63;35;28;62;18;10;6;2;39;16;23;36;18;7;5;6;24;19;5;26;West Ham;36;10;7;19;47;60;-13;37;18;6;3;9;29;32;-3;21;18;4;4;10;18;28;-10;16;1.22;6.5;11;1;1;D
38;26/07/2020;Arsenal;37;13;14;10;53;46;7;53;18;9;6;3;33;22;11;33;19;4;8;7;20;24;-4;20;Watford;37;8;10;19;34;61;-27;34;19;6;6;7;22;27;-5;24;18;2;4;12;12;34;-22;10;1.9;3.8;3.8;3;2;H
38;26/07/2020;Burnley;37;15;9;13;42;48;-6;54;18;8;4;6;23;21;2;28;19;7;5;7;19;27;-8;26;Brighton;37;8;14;15;37;53;-16;38;19;5;7;7;20;27;-7;22;18;3;7;8;17;26;-9;16;2.37;3.4;3;1;2;A
38;26/07/2020;Chelsea;37;19;6;12;67;54;13;63;18;10;3;5;28;16;12;33;19;9;3;7;39;38;1;30;Wolverhampton;37;15;14;8;51;38;13;59;19;8;7;4;27;19;8;31;18;7;7;4;24;19;5;28;1.85;3.8;4;2;0;H
38;26/07/2020;Crystal Palace;37;11;9;17;30;49;-19;42;18;6;4;8;14;19;-5;22;19;5;5;9;16;30;-14;20;Tottenham;37;16;10;11;60;46;14;58;19;12;3;4;36;17;19;39;18;4;7;7;24;29;-5;19;6;4.2;1.55;1;1;D
38;26/07/2020;Everton;37;13;10;14;43;53;-10;49;18;8;7;3;23;18;5;31;19;5;3;11;20;35;-15;18;Bournemouth;37;8;7;22;37;64;-27;31;19;5;6;8;22;30;-8;21;18;3;1;14;15;34;-19;10;2.25;3.7;3;1;3;A
38;26/07/2020;Leicester;37;18;8;11;67;39;28;62;18;11;4;3;35;15;20;37;19;7;4;8;32;24;8;25;Man Utd;37;17;12;8;64;36;28;63;19;10;7;2;40;17;23;37;18;7;5;6;24;19;5;26;3.25;3.5;2.2;0;2;A
38;26/07/2020;Man City;37;25;3;9;97;35;62;78;18;14;2;2;52;13;39;44;19;11;1;7;45;22;23;34;Norwich;37;5;6;26;26;70;-44;21;19;4;3;12;19;37;-18;15;18;1;3;14;7;33;-26;6;1.08;11;26;5;0;H
38;26/07/2020;Newcastle;37;11;11;15;37;55;-18;44;18;6;8;4;19;18;1;26;19;5;3;11;18;37;-19;18;Liverpool;37;31;3;3;82;32;50;96;19;18;1;0;52;16;36;55;18;13;2;3;30;16;14;41;7.5;5.25;1.36;1;3;A
38;26/07/2020;Southampton;37;14;7;16;48;59;-11;49;18;5;3;10;18;34;-16;18;19;9;4;6;30;25;5;31;Sheffield;37;14;12;11;38;36;2;54;19;10;3;6;24;15;9;33;18;4;9;5;14;21;-7;21;2.15;3.5;3.3;3;1;H
38;26/07/2020;West Ham;37;10;8;19;48;61;-13;38;18;6;3;9;29;32;-3;21;19;4;5;10;19;29;-10;17;Aston Villa;37;9;7;21;40;66;-26;34;19;7;3;9;22;30;-8;24;18;2;4;12;18;36;-18;10;3;3.6;2.3;1;1;D
11;03/11/2018;Arsenal;10;7;1;2;24;13;11;22;5;4;0;1;10;4;6;12;5;3;1;1;14;9;5;10;Liverpool;10;8;2;0;20;4;16;26;5;4;1;0;12;1;11;13;5;4;1;0;8;3;5;13;3.9;3.9;1.95;1;1;D
11;03/11/2018;Bournemouth;10;6;2;2;19;12;7;20;5;3;2;0;10;5;5;11;5;3;0;2;9;7;2;9;Man Utd;10;5;2;3;17;17;0;17;5;3;1;1;8;8;0;10;5;2;1;2;9;9;0;7;3.6;3.7;2.1;1;2;A
11;03/11/2018;Cardiff;10;1;2;7;9;23;-14;5;5;1;1;3;7;12;-5;4;5;0;1;4;2;11;-9;1;Leicester;10;4;1;5;16;16;0;13;5;2;1;2;8;6;2;7;5;2;0;3;8;10;-2;6;3.8;3.4;2.14;0;1;A
11;03/11/2018;Everton;10;4;3;3;16;14;2;15;5;3;1;1;9;5;4;10;5;1;2;2;7;9;-2;5;Brighton;10;4;2;4;11;13;-2;14;5;3;1;1;8;6;2;10;5;1;1;3;3;7;-4;4;1.61;4;6.5;3;1;H
11;03/11/2018;Newcastle;10;0;3;7;6;14;-8;3;5;0;0;5;3;9;-6;0;5;0;3;2;3;5;-2;3;Watford;10;6;1;3;16;12;4;19;6;4;0;2;10;8;2;12;4;2;1;1;6;4;2;7;2.75;3.25;2.8;1;0;H
11;03/11/2018;West Ham;10;2;2;6;9;15;-6;8;5;1;1;3;4;5;-1;4;5;1;1;3;5;10;-5;4;Burnley;10;2;2;6;10;21;-11;8;5;1;1;3;6;10;-4;4;5;1;1;3;4;11;-7;4;1.75;3.75;5.25;4;2;H
11;03/11/2018;Wolverhampton;10;4;3;3;9;9;0;15;5;2;2;1;6;5;1;8;5;2;1;2;3;4;-1;7;Tottenham;10;7;0;3;16;8;8;21;4;2;0;2;5;4;1;6;6;5;0;1;11;4;7;15;3.1;3.4;2.45;2;3;A
11;04/11/2018;Chelsea;10;7;3;0;24;7;17;24;5;3;2;0;12;6;6;11;5;4;1;0;12;1;11;13;Crystal Palace;10;2;2;6;7;13;-6;8;5;0;2;3;2;7;-5;2;5;2;0;3;5;6;-1;6;1.25;6.75;13;3;1;H
11;04/11/2018;Man City;10;8;2;0;27;3;24;26;5;5;0;0;18;2;16;15;5;3;2;0;9;1;8;11;Southampton;10;1;4;5;6;14;-8;7;5;0;3;2;3;7;-4;3;5;1;1;3;3;7;-4;4;1.11;11;29;6;1;H
11;05/11/2018;Huddersfield;10;0;3;7;4;21;-17;3;5;0;1;4;0;7;-7;1;5;0;2;3;4;14;-10;2;Fulham;10;1;2;7;11;28;-17;5;5;1;1;3;6;13;-7;4;5;0;1;4;5;15;-10;1;2.3;3.5;3.3;1;0;H
12;10/11/2018;Cardiff;11;1;2;8;9;24;-15;5;6;1;1;4;7;13;-6;4;5;0;1;4;2;11;-9;1;Brighton;11;4;2;5;12;16;-4;14;5;3;1;1;8;6;2;10;6;1;1;4;4;10;-6;4;2.6;3.1;3.1;2;1;H
12;10/11/2018;Crystal Palace;11;2;2;7;8;16;-8;8;5;0;2;3;2;7;-5;2;6;2;0;4;6;9;-3;6;Tottenham;11;8;0;3;19;10;9;24;4;2;0;2;5;4;1;6;7;6;0;1;14;6;8;18;4.5;3.75;1.85;0;1;A
12;10/11/2018;Huddersfield;11;1;3;7;5;21;-16;6;6;1;1;4;1;7;-6;4;5;0;2;3;4;14;-10;2;West Ham;11;3;2;6;13;17;-4;11;6;2;1;3;8;7;1;7;5;1;1;3;5;10;-5;4;3.4;3.25;2.35;1;1;D
12;10/11/2018;Leicester;11;5;1;5;17;16;1;16;5;2;1;2;8;6;2;7;6;3;0;3;9;10;-1;9;Burnley;11;2;2;7;12;25;-13;8;5;1;1;3;6;10;-4;4;6;1;1;4;6;15;-9;4;1.5;4.33;8;0;0;D
12;10/11/2018;Newcastle;11;1;3;7;7;14;-7;6;6;1;0;5;4;9;-5;3;5;0;3;2;3;5;-2;3;Bournemouth;11;6;2;3;20;14;6;20;6;3;2;1;11;7;4;11;5;3;0;2;9;7;2;9;2.9;3.4;2.6;2;1;H
12;10/11/2018;Southampton;11;1;4;6;7;20;-13;7;5;0;3;2;3;7;-4;3;6;1;1;4;4;13;-9;4;Watford;11;6;1;4;16;13;3;19;6;4;0;2;10;8;2;12;5;2;1;2;6;5;1;7;2.5;3.3;3.1;1;1;D
12;11/11/2018;Arsenal;11;7;2;2;25;14;11;23;6;4;1;1;11;5;6;13;5;3;1;1;14;9;5;10;Wolverhampton;11;4;3;4;11;12;-1;15;6;2;2;2;8;8;0;8;5;2;1;2;3;4;-1;7;1.66;4.2;5.25;1;1;D
12;11/11/2018;Chelsea;11;8;3;0;27;8;19;27;6;4;2;0;15;7;8;14;5;4;1;0;12;1;11;13;Everton;11;5;3;3;19;15;4;18;6;4;1;1;12;6;6;13;5;1;2;2;7;9;-2;5;1.4;5.25;8.5;0;0;D
12;11/11/2018;Liverpool;11;8;3;0;21;5;16;27;5;4;1;0;12;1;11;13;6;4;2;0;9;4;5;14;Fulham;11;1;2;8;11;29;-18;5;5;1;1;3;6;13;-7;4;6;0;1;5;5;16;-11;1;1.11;11;26;2;0;H
12;11/11/2018;Man City;11;9;2;0;33;4;29;29;6;6;0;0;24;3;21;18;5;3;2;0;9;1;8;11;Man Utd;11;6;2;3;19;18;1;20;5;3;1;1;8;8;0;10;6;3;1;2;11;10;1;10;1.4;5.25;8.5;3;1;H
13;24/11/2018;Brighton;12;4;2;6;13;18;-5;14;5;3;1;1;8;6;2;10;7;1;1;5;5;12;-7;4;Leicester;12;5;2;5;17;16;1;17;6;2;2;2;8;6;2;8;6;3;0;3;9;10;-1;9;2.9;3.4;2.6;1;1;D
13;24/11/2018;Everton;12;5;4;3;19;15;4;19;6;4;1;1;12;6;6;13;6;1;3;2;7;9;-2;6;Cardiff;12;2;2;8;11;25;-14;8;7;2;1;4;9;14;-5;7;5;0;1;4;2;11;-9;1;1.4;5;9;1;0;H
13;24/11/2018;Fulham;12;1;2;9;11;31;-20;5;5;1;1;3;6;13;-7;4;7;0;1;6;5;18;-13;1;Southampton;12;1;5;6;8;21;-13;8;6;0;4;2;4;8;-4;4;6;1;1;4;4;13;-9;4;2.62;3.5;2.8;3;2;H
13;24/11/2018;Man Utd;12;6;2;4;20;21;-1;20;5;3;1;1;8;8;0;10;7;3;1;3;12;13;-1;10;Crystal Palace;12;2;2;8;8;17;-9;8;6;0;2;4;2;8;-6;2;6;2;0;4;6;9;-3;6;1.4;5.25;8;0;0;D
13;24/11/2018;Tottenham;12;9;0;3;20;10;10;27;4;2;0;2;5;4;1;6;8;7;0;1;15;6;9;21;Chelsea;12;8;4;0;27;8;19;28;7;4;3;0;15;7;8;15;5;4;1;0;12;1;11;13;2.8;3.5;2.6;3;1;H
13;24/11/2018;Watford;12;6;2;4;17;14;3;20;6;4;0;2;10;8;2;12;6;2;2;2;7;6;1;8;Liverpool;12;9;3;0;23;5;18;30;6;5;1;0;14;1;13;16;6;4;2;0;9;4;5;14;6.5;4.33;1.55;0;3;A
13;24/11/2018;West Ham;12;3;3;6;14;18;-4;12;6;2;1;3;8;7;1;7;6;1;2;3;6;11;-5;5;Man City;12;10;2;0;36;5;31;32;7;7;0;0;27;4;23;21;5;3;2;0;9;1;8;11;13;6.5;1.25;0;4;A
13;25/11/2018;Bournemouth;12;6;2;4;21;16;5;20;6;3;2;1;11;7;4;11;6;3;0;3;10;9;1;9;Arsenal;12;7;3;2;26;15;11;24;7;4;2;1;12;6;6;14;5;3;1;1;14;9;5;10;3.5;3.75;1.95;1;2;A
13;25/11/2018;Wolverhampton;12;4;4;4;12;13;-1;16;6;2;2;2;8;8;0;8;6;2;2;2;4;5;-1;8;Huddersfield;12;1;4;7;6;22;-16;7;7;1;2;4;2;8;-6;5;5;0;2;3;4;14;-10;2;1.5;4.33;8;0;2;A
13;26/11/2018;Burnley;12;2;3;7;12;25;-13;9;5;1;1;3;6;10;-4;4;7;1;2;4;6;15;-9;5;Newcastle;12;2;3;7;9;15;-6;9;7;2;0;5;6;10;-4;6;5;0;3;2;3;5;-2;3;2.9;3.2;2.75;1;2;A
14;30/11/2018;Cardiff;13;2;2;9;11;26;-15;8;7;2;1;4;9;14;-5;7;6;0;1;5;2;12;-10;1;Wolverhampton;13;4;4;5;12;15;-3;16;7;2;2;3;8;10;-2;8;6;2;2;2;4;5;-1;8;3.8;3.25;2.2;2;1;H
14;01/12/2018;Crystal Palace;13;2;3;8;8;17;-9;9;6;0;2;4;2;8;-6;2;7;2;1;4;6;9;-3;7;Burnley;13;2;3;8;13;27;-14;9;6;1;1;4;7;12;-5;4;7;1;2;4;6;15;-9;5;1.61;3.9;6.5;2;0;H
14;01/12/2018;Huddersfield;13;2;4;7;8;22;-14;10;7;1;2;4;2;8;-6;5;6;1;2;3;6;14;-8;5;Brighton;13;4;3;6;14;19;-5;15;6;3;2;1;9;7;2;11;7;1;1;5;5;12;-7;4;2.5;3;3.4;1;2;A
14;01/12/2018;Leicester;13;5;3;5;18;17;1;18;6;2;2;2;8;6;2;8;7;3;1;3;10;11;-1;10;Watford;13;6;2;5;17;17;0;20;7;4;0;3;10;11;-1;12;6;2;2;2;7;6;1;8;2.25;3.3;3.6;2;0;H
14;01/12/2018;Man City;13;11;2;0;40;5;35;35;7;7;0;0;27;4;23;21;6;4;2;0;13;1;12;14;Bournemouth;13;6;2;5;22;18;4;20;7;3;2;2;12;9;3;11;6;3;0;3;10;9;1;9;1.11;11;26;3;1;H
14;01/12/2018;Newcastle;13;3;3;7;11;16;-5;12;7;2;0;5;6;10;-4;6;6;1;3;2;5;6;-1;6;West Ham;13;3;3;7;14;22;-8;12;7;2;1;4;8;11;-3;7;6;1;2;3;6;11;-5;5;2.5;3.3;3.1;0;3;A
14;01/12/2018;Southampton;13;1;5;7;10;24;-14;8;6;0;4;2;4;8;-4;4;7;1;1;5;6;16;-10;4;Man Utd;13;6;3;4;20;21;-1;21;6;3;2;1;8;8;0;11;7;3;1;3;12;13;-1;10;4.33;3.6;1.95;2;2;D
14;02/12/2018;Arsenal;13;8;3;2;28;16;12;27;7;4;2;1;12;6;6;14;6;4;1;1;16;10;6;13;Tottenham;13;10;0;3;23;11;12;30;5;3;0;2;8;5;3;9;8;7;0;1;15;6;9;21;2.62;3.6;2.75;4;2;H
14;02/12/2018;Chelsea;13;8;4;1;28;11;17;28;7;4;3;0;15;7;8;15;6;4;1;1;13;4;9;13;Fulham;13;2;2;9;14;33;-19;8;6;2;1;3;9;15;-6;7;7;0;1;6;5;18;-13;1;1.18;8;17;2;0;H
14;02/12/2018;Liverpool;13;10;3;0;26;5;21;33;6;5;1;0;14;1;13;16;7;5;2;0;12;4;8;17;Everton;13;6;4;3;20;15;5;22;7;5;1;1;13;6;7;16;6;1;3;2;7;9;-2;6;1.4;5;9;1;0;H
15;04/12/2018;Bournemouth;14;6;2;6;23;21;2;20;7;3;2;2;12;9;3;11;7;3;0;4;11;12;-1;9;Huddersfield;14;2;4;8;9;24;-15;10;8;1;2;5;3;10;-7;5;6;1;2;3;6;14;-8;5;1.66;3.8;6;2;1;H
15;04/12/2018;Brighton;14;5;3;6;16;20;-4;18;6;3;2;1;9;7;2;11;8;2;1;5;7;13;-6;7;Crystal Palace;14;3;3;8;10;17;-7;12;7;1;2;4;4;8;-4;5;7;2;1;4;6;9;-3;7;3;3.1;2.7;3;1;H
15;04/12/2018;Watford;14;6;2;6;17;19;-2;20;7;4;0;3;10;11;-1;12;7;2;2;3;7;8;-1;8;Man City;14;12;2;0;43;6;37;38;8;8;0;0;30;5;25;24;6;4;2;0;13;1;12;14;11;6;1.3;1;2;A
15;04/12/2018;West Ham;14;4;3;7;17;22;-5;15;7;2;1;4;8;11;-3;7;7;2;2;3;9;11;-2;8;Cardiff;14;3;2;9;13;27;-14;11;8;3;1;4;11;15;-4;10;6;0;1;5;2;12;-10;1;1.66;4;5.75;3;1;H
15;05/12/2018;Burnley;14;2;3;9;13;29;-16;9;6;1;1;4;7;12;-5;4;8;1;2;5;6;17;-11;5;Liverpool;14;11;3;0;27;5;22;36;7;6;1;0;15;1;14;19;7;5;2;0;12;4;8;17;14;5.75;1.28;1;3;A
15;05/12/2018;Everton;14;6;4;4;20;16;4;22;7;5;1;1;13;6;7;16;7;1;3;3;7;10;-3;6;Newcastle;14;3;3;8;11;19;-8;12;8;2;0;6;6;13;-7;6;6;1;3;2;5;6;-1;6;1.6;4;6.5;1;1;D
15;05/12/2018;Fulham;14;2;2;10;14;35;-21;8;6;2;1;3;9;15;-6;7;8;0;1;7;5;20;-15;1;Leicester;14;6;3;5;20;17;3;21;7;3;2;2;10;6;4;11;7;3;1;3;10;11;-1;10;3;3.5;2.45;1;1;D
15;05/12/2018;Man Utd;14;6;4;4;22;23;-1;22;6;3;2;1;8;8;0;11;8;3;2;3;14;15;-1;11;Arsenal;14;9;3;2;32;18;14;30;8;5;2;1;16;8;8;17;6;4;1;1;16;10;6;13;2.45;3.5;3;2;2;D
15;05/12/2018;Tottenham;14;10;0;4;25;15;10;30;5;3;0;2;8;5;3;9;9;7;0;2;17;10;7;21;Southampton;14;1;6;7;12;26;-14;9;7;0;5;2;6;10;-4;5;7;1;1;5;6;16;-10;4;1.36;5.25;9.5;3;1;H
15;05/12/2018;Wolverhampton;14;4;4;6;13;17;-4;16;7;2;2;3;8;10;-2;8;7;2;2;3;5;7;-2;8;Chelsea;14;9;4;1;30;11;19;31;8;5;3;0;17;7;10;18;6;4;1;1;13;4;9;13;5;3.75;1.8;2;1;H
16;08/12/2018;Arsenal;15;9;4;2;34;20;14;31;8;5;2;1;16;8;8;17;7;4;2;1;18;12;6;14;Huddersfield;15;2;4;9;10;26;-16;10;8;1;2;5;3;10;-7;5;7;1;2;4;7;16;-9;5;1.28;6;12;1;0;H
16;08/12/2018;Bournemouth;15;7;2;6;25;22;3;23;8;4;2;2;14;10;4;14;7;3;0;4;11;12;-1;9;Liverpool;15;12;3;0;30;6;24;39;7;6;1;0;15;1;14;19;8;6;2;0;15;5;10;20;5.75;4.5;1.6;0;4;A
16;08/12/2018;Burnley;15;2;3;10;14;32;-18;9;7;1;1;5;8;15;-7;4;8;1;2;5;6;17;-11;5;Brighton;15;6;3;6;19;21;-2;21;7;4;2;1;12;8;4;14;8;2;1;5;7;13;-6;7;2.9;3.2;2.75;1;0;H
16;08/12/2018;Cardiff;15;3;2;10;14;30;-16;11;8;3;1;4;11;15;-4;10;7;0;1;6;3;15;-12;1;Southampton;15;1;6;8;13;29;-16;9;7;0;5;2;6;10;-4;5;8;1;1;6;7;19;-12;4;2.9;3.25;2.7;1;0;H
16;08/12/2018;Chelsea;15;9;4;2;31;13;18;31;8;5;3;0;17;7;10;18;7;4;1;2;14;6;8;13;Man City;15;13;2;0;45;7;38;41;8;8;0;0;30;5;25;24;7;5;2;0;15;2;13;17;4;3.8;1.95;2;0;H
16;08/12/2018;Leicester;15;6;4;5;21;18;3;22;7;3;2;2;10;6;4;11;8;3;2;3;11;12;-1;11;Tottenham;15;11;0;4;28;16;12;33;6;4;0;2;11;6;5;12;9;7;0;2;17;10;7;21;3.8;3.75;2;0;2;A
16;08/12/2018;Man Utd;15;6;5;4;24;25;-1;23;7;3;3;1;10;10;0;12;8;3;2;3;14;15;-1;11;Fulham;15;2;3;10;15;36;-21;9;7;2;2;3;10;16;-6;8;8;0;1;7;5;20;-15;1;1.33;5.75;10;4;1;H
16;08/12/2018;West Ham;15;5;3;7;20;23;-3;18;8;3;1;4;11;12;-1;10;7;2;2;3;9;11;-2;8;Crystal Palace;15;3;3;9;11;20;-9;12;7;1;2;4;4;8;-4;5;8;2;1;5;7;12;-5;7;2.3;3.4;3.4;3;2;H
16;09/12/2018;Newcastle;15;3;4;8;12;20;-8;13;8;2;0;6;6;13;-7;6;7;1;4;2;6;7;-1;7;Wolverhampton;15;5;4;6;15;18;-3;19;8;3;2;3;10;11;-1;11;7;2;2;3;5;7;-2;8;2.9;3.2;2.7;1;2;A
16;10/12/2018;Everton;15;6;5;4;21;17;4;23;8;5;2;1;14;7;7;17;7;1;3;3;7;10;-3;6;Watford;15;6;2;7;18;21;-3;20;8;4;0;4;11;13;-2;12;7;2;2;3;7;8;-1;8;1.8;3.75;5;2;2;D
17;15/12/2018;Crystal Palace;16;3;3;10;13;23;-10;12;7;1;2;4;4;8;-4;5;9;2;1;6;9;15;-6;7;Leicester;16;6;4;6;21;20;1;22;8;3;2;3;10;8;2;11;8;3;2;3;11;12;-1;11;2.62;3.2;3;1;0;H
17;15/12/2018;Fulham;16;2;3;11;16;40;-24;9;7;2;2;3;10;16;-6;8;9;0;1;8;6;24;-18;1;West Ham;16;6;3;7;23;25;-2;21;9;4;1;4;14;14;0;13;7;2;2;3;9;11;-2;8;2.9;3.6;2.5;0;2;A
17;15/12/2018;Huddersfield;16;2;4;10;10;27;-17;10;8;1;2;5;3;10;-7;5;8;1;2;5;7;17;-10;5;Newcastle;16;3;4;9;13;22;-9;13;9;2;0;7;7;15;-8;6;7;1;4;2;6;7;-1;7;2.6;3.1;3.1;0;1;A
17;15/12/2018;Man City;16;13;2;1;45;9;36;41;8;8;0;0;30;5;25;24;8;5;2;1;15;4;11;17;Everton;16;6;6;4;23;19;4;24;9;5;3;1;16;9;7;18;7;1;3;3;7;10;-3;6;1.22;7.5;13;3;1;H
17;15/12/2018;Tottenham;16;12;0;4;30;16;14;36;6;4;0;2;11;6;5;12;10;8;0;2;19;10;9;24;Burnley;16;3;3;10;15;32;-17;12;8;2;1;5;9;15;-6;7;8;1;2;5;6;17;-11;5;1.18;8;19;1;0;H
17;15/12/2018;Watford;16;6;3;7;20;23;-3;21;8;4;0;4;11;13;-2;12;8;2;3;3;9;10;-1;9;Cardiff;16;4;2;10;15;30;-15;14;9;4;1;4;12;15;-3;13;7;0;1;6;3;15;-12;1;1.64;3.9;6;3;2;H
17;15/12/2018;Wolverhampton;16;6;4;6;17;19;-2;22;8;3;2;3;10;11;-1;11;8;3;2;3;7;8;-1;11;Bournemouth;16;7;2;7;25;26;-1;23;9;4;2;3;14;14;0;14;7;3;0;4;11;12;-1;9;1.95;3.6;4.33;2;0;H
17;16/12/2018;Brighton;16;6;3;7;19;22;-3;21;7;4;2;1;12;8;4;14;9;2;1;6;7;14;-7;7;Chelsea;16;10;4;2;33;13;20;34;9;6;3;0;19;7;12;21;7;4;1;2;14;6;8;13;7.5;4.5;1.5;1;2;A
17;16/12/2018;Liverpool;16;13;3;0;34;6;28;42;7;6;1;0;15;1;14;19;9;7;2;0;19;5;14;23;Man Utd;16;7;5;4;28;26;2;26;8;4;3;1;14;11;3;15;8;3;2;3;14;15;-1;11;1.57;4.5;6;3;1;H
17;16/12/2018;Southampton;16;1;6;9;13;30;-17;9;7;0;5;2;6;10;-4;5;9;1;1;7;7;20;-13;4;Arsenal;16;10;4;2;35;20;15;34;9;6;2;1;17;8;9;20;7;4;2;1;18;12;6;14;4.1;3.9;1.9;3;2;H
18;21/12/2018;Wolverhampton;17;7;4;6;19;19;0;25;9;4;2;3;12;11;1;14;8;3;2;3;7;8;-1;11;Liverpool;17;14;3;0;37;7;30;45;8;7;1;0;18;2;16;22;9;7;2;0;19;5;14;23;7;4;1.57;0;2;A
18;22/12/2018;Arsenal;17;10;4;3;37;23;14;34;9;6;2;1;17;8;9;20;8;4;2;2;20;15;5;14;Burnley;17;3;3;11;15;33;-18;12;8;2;1;5;9;15;-6;7;9;1;2;6;6;18;-12;5;1.25;6.5;15;3;1;H
18;22/12/2018;Bournemouth;17;7;2;8;25;28;-3;23;9;4;2;3;14;14;0;14;8;3;0;5;11;14;-3;9;Brighton;17;6;3;8;20;24;-4;21;8;4;2;2;13;10;3;14;9;2;1;6;7;14;-7;7;1.9;3.7;4.33;2;0;H
18;22/12/2018;Cardiff;17;4;2;11;17;33;-16;14;9;4;1;4;12;15;-3;13;8;0;1;7;5;18;-13;1;Man Utd;17;7;5;5;29;29;0;26;8;4;3;1;14;11;3;15;9;3;2;4;15;18;-3;11;6.5;4.2;1.57;1;5;A
18;22/12/2018;Chelsea;17;11;4;2;35;14;21;37;9;6;3;0;19;7;12;21;8;5;1;2;16;7;9;16;Leicester;17;6;4;7;21;21;0;22;8;3;2;3;10;8;2;11;9;3;2;4;11;13;-2;11;1.33;5.5;11;0;1;A
18;22/12/2018;Huddersfield;17;2;4;11;10;28;-18;10;9;1;2;6;3;11;-8;5;8;1;2;5;7;17;-10;5;Southampton;17;2;6;9;16;32;-16;12;8;1;5;2;9;12;-3;8;9;1;1;7;7;20;-13;4;3.1;3.1;2.6;1;3;A
18;22/12/2018;Man City;17;14;2;1;48;10;38;44;9;9;0;0;33;6;27;27;8;5;2;1;15;4;11;17;Crystal Palace;17;4;3;10;14;23;-9;15;8;2;2;4;5;8;-3;8;9;2;1;6;9;15;-6;7;1.14;10;21;2;3;A
18;22/12/2018;Newcastle;17;4;4;9;14;22;-8;16;9;2;0;7;7;15;-8;6;8;2;4;2;7;7;0;10;Fulham;17;2;3;12;16;42;-26;9;8;2;2;4;10;18;-8;8;9;0;1;8;6;24;-18;1;2;3.6;4;0;0;D
18;22/12/2018;West Ham;17;7;3;7;25;25;0;24;9;4;1;4;14;14;0;13;8;3;2;3;11;11;0;11;Watford;17;7;3;7;23;25;-2;24;9;5;0;4;14;15;-1;15;8;2;3;3;9;10;-1;9;2.37;3.5;3.1;0;2;A
18;23/12/2018;Everton;17;6;6;5;24;22;2;24;9;5;3;1;16;9;7;18;8;1;3;4;8;13;-5;6;Tottenham;17;13;0;4;31;16;15;39;7;5;0;2;12;6;6;15;10;8;0;2;19;10;9;24;3.25;3.5;2.3;2;6;A
19;26/12/2018;Brighton;18;6;3;9;20;26;-6;21;8;4;2;2;13;10;3;14;10;2;1;7;7;16;-9;7;Arsenal;18;11;4;3;40;24;16;37;10;7;2;1;20;9;11;23;8;4;2;2;20;15;5;14;5.25;3.9;1.72;1;1;D
19;26/12/2018;Burnley;18;3;3;12;16;36;-20;12;8;2;1;5;9;15;-6;7;10;1;2;7;7;21;-14;5;Everton;18;6;6;6;26;28;-2;24;10;5;3;2;18;15;3;18;8;1;3;4;8;13;-5;6;4.33;3.5;1.95;1;5;A
19;26/12/2018;Crystal Palace;18;5;3;10;17;25;-8;18;8;2;2;4;5;8;-3;8;10;3;1;6;12;17;-5;10;Cardiff;18;4;2;12;18;38;-20;14;10;4;1;5;13;20;-7;13;8;0;1;7;5;18;-13;1;1.66;4;5.75;0;0;D
19;26/12/2018;Fulham;18;2;4;12;16;42;-26;10;8;2;2;4;10;18;-8;8;10;0;2;8;6;24;-18;2;Wolverhampton;18;7;4;7;19;21;-2;25;10;4;2;4;12;13;-1;14;8;3;2;3;7;8;-1;11;3.25;3.4;2.37;1;1;D
19;26/12/2018;Leicester;18;7;4;7;22;21;1;25;8;3;2;3;10;8;2;11;10;4;2;4;12;13;-1;14;Man City;18;14;2;2;50;13;37;44;10;9;0;1;35;9;26;27;8;5;2;1;15;4;11;17;9.5;5.25;1.36;2;1;H
19;26/12/2018;Liverpool;18;15;3;0;39;7;32;48;8;7;1;0;18;2;16;22;10;8;2;0;21;5;16;26;Newcastle;18;4;5;9;14;22;-8;17;10;2;1;7;7;15;-8;7;8;2;4;2;7;7;0;10;1.16;8.5;19;4;0;H
19;26/12/2018;Man Utd;18;8;5;5;34;30;4;29;8;4;3;1;14;11;3;15;10;4;2;4;20;19;1;14;Huddersfield;18;2;4;12;11;31;-20;10;10;1;2;7;4;14;-10;5;8;1;2;5;7;17;-10;5;1.25;6.5;15;3;1;H
19;26/12/2018;Tottenham;18;14;0;4;37;18;19;42;7;5;0;2;12;6;6;15;11;9;0;2;25;12;13;27;Bournemouth;18;8;2;8;27;28;-1;26;10;5;2;3;16;14;2;17;8;3;0;5;11;14;-3;9;1.36;5.5;9;5;0;H
19;26/12/2018;Watford;18;8;3;7;25;25;0;27;9;5;0;4;14;15;-1;15;9;3;3;3;11;10;1;12;Chelsea;18;11;4;3;35;15;20;37;10;6;3;1;19;8;11;21;8;5;1;2;16;7;9;16;5.25;3.8;1.75;1;2;A
19;27/12/2018;Southampton;18;3;6;9;19;33;-14;15;8;1;5;2;9;12;-3;8;10;2;1;7;10;21;-11;7;West Ham;18;7;3;8;25;27;-2;24;10;4;1;5;14;16;-2;13;8;3;2;3;11;11;0;11;2.3;3.5;3.3;1;2;A
20;29/12/2018;Brighton;19;6;4;9;21;27;-6;22;9;4;3;2;14;11;3;15;10;2;1;7;7;16;-9;7;Everton;19;7;6;6;31;29;2;27;10;5;3;2;18;15;3;18;9;2;3;4;13;14;-1;9;3.25;3.4;2.14;1;0;H
20;29/12/2018;Fulham;19;2;5;12;17;43;-26;11;9;2;3;4;11;19;-8;9;10;0;2;8;6;24;-18;2;Huddersfield;19;2;4;13;12;34;-22;10;10;1;2;7;4;14;-10;5;9;1;2;6;8;20;-12;5;2;3.4;3.75;1;0;H
20;29/12/2018;Leicester;19;8;4;7;24;22;2;28;9;4;2;3;12;9;3;14;10;4;2;4;12;13;-1;14;Cardiff;19;4;3;12;18;38;-20;15;10;4;1;5;13;20;-7;13;9;0;2;7;5;18;-13;2;1.55;4;6;0;1;A
20;29/12/2018;Liverpool;19;16;3;0;43;7;36;51;9;8;1;0;22;2;20;25;10;8;2;0;21;5;16;26;Arsenal;19;11;5;3;41;25;16;38;10;7;2;1;20;9;11;23;9;4;3;2;21;16;5;15;1.5;4.5;5.75;5;1;H
20;29/12/2018;Tottenham;19;15;0;4;42;18;24;45;8;6;0;2;17;6;11;18;11;9;0;2;25;12;13;27;Wolverhampton;19;7;5;7;20;22;-2;26;10;4;2;4;12;13;-1;14;9;3;3;3;8;9;-1;12;1.33;5;8.5;1;3;A
20;29/12/2018;Watford;19;8;3;8;26;27;-1;27;10;5;0;5;15;17;-2;15;9;3;3;3;11;10;1;12;Newcastle;19;4;5;10;14;26;-12;17;10;2;1;7;7;15;-8;7;9;2;4;3;7;11;-4;10;1.85;3.6;4;1;1;D
20;30/12/2018;Burnley;19;3;3;13;17;41;-24;12;9;2;1;6;10;20;-10;7;10;1;2;7;7;21;-14;5;West Ham;19;8;3;8;27;28;-1;27;10;4;1;5;14;16;-2;13;9;4;2;3;13;12;1;14;3.3;3.2;2.25;2;0;H
20;30/12/2018;Crystal Palace;19;5;4;10;17;25;-8;19;9;2;3;4;5;8;-3;9;10;3;1;6;12;17;-5;10;Chelsea;19;12;4;3;37;16;21;40;10;6;3;1;19;8;11;21;9;6;1;2;18;8;10;19;4.75;4;1.66;0;1;A
20;30/12/2018;Man Utd;19;9;5;5;37;31;6;32;9;5;3;1;17;12;5;18;10;4;2;4;20;19;1;14;Bournemouth;19;8;2;9;27;33;-6;26;10;5;2;3;16;14;2;17;9;3;0;6;11;19;-8;9;1.33;4.75;10;4;1;H
20;30/12/2018;Southampton;19;3;6;10;20;35;-15;15;9;1;5;3;10;14;-4;8;10;2;1;7;10;21;-11;7;Man City;19;14;2;3;51;15;36;44;10;9;0;1;35;9;26;27;9;5;2;2;16;6;10;17;10;5.25;1.3;1;3;A
21;01/01/2019;Arsenal;20;11;5;4;42;30;12;38;10;7;2;1;20;9;11;23;10;4;3;3;22;21;1;15;Fulham;20;3;5;12;18;43;-25;14;10;3;3;4;12;19;-7;12;10;0;2;8;6;24;-18;2;1.33;5.75;9.5;4;1;H
21;01/01/2019;Cardiff;20;5;3;12;19;38;-19;18;10;4;1;5;13;20;-7;13;10;1;2;7;6;18;-12;5;Tottenham;20;15;0;5;43;21;22;45;9;6;0;3;18;9;9;18;11;9;0;2;25;12;13;27;7.5;4.5;1.5;0;3;A
21;01/01/2019;Everton;20;7;6;7;31;30;1;27;10;5;3;2;18;15;3;18;10;2;3;5;13;15;-2;9;Leicester;20;8;4;8;24;23;1;28;10;4;2;4;12;10;2;14;10;4;2;4;12;13;-1;14;2;3.5;4.2;0;1;A
21;02/01/2019;Bournemouth;20;8;2;10;28;37;-9;26;10;5;2;3;16;14;2;17;10;3;0;7;12;23;-11;9;Watford;20;8;4;8;27;28;-1;28;11;5;1;5;16;18;-2;16;9;3;3;3;11;10;1;12;2.6;3.6;2.75;3;3;D
21;02/01/2019;Chelsea;20;13;4;3;38;16;22;43;10;6;3;1;19;8;11;21;10;7;1;2;19;8;11;22;Southampton;20;3;6;11;21;38;-17;15;10;1;5;4;11;17;-6;8;10;2;1;7;10;21;-11;7;1.28;6.5;11;0;0;D
21;02/01/2019;Huddersfield;20;2;4;14;12;35;-23;10;10;1;2;7;4;14;-10;5;10;1;2;7;8;21;-13;5;Burnley;20;4;3;13;19;41;-22;15;10;3;1;6;12;20;-8;10;10;1;2;7;7;21;-14;5;2.14;3.1;4.2;1;2;A
21;02/01/2019;Newcastle;20;4;6;10;15;27;-12;18;10;2;1;7;7;15;-8;7;10;2;5;3;8;12;-4;11;Man Utd;20;10;5;5;41;32;9;35;10;6;3;1;21;13;8;21;10;4;2;4;20;19;1;14;6;4.2;1.61;0;2;A
21;02/01/2019;West Ham;20;8;3;9;27;30;-3;27;10;4;1;5;14;16;-2;13;10;4;2;4;13;14;-1;14;Brighton;20;7;4;9;22;27;-5;25;10;5;3;2;15;11;4;18;10;2;1;7;7;16;-9;7;1.95;3.75;4;2;2;D
21;02/01/2019;Wolverhampton;20;8;5;7;23;23;0;29;10;4;2;4;12;13;-1;14;10;4;3;3;11;10;1;15;Crystal Palace;20;5;4;11;17;26;-9;19;10;2;3;5;5;9;-4;9;10;3;1;6;12;17;-5;10;2;3.4;4.33;0;2;A
21;03/01/2019;Man City;20;15;2;3;54;16;38;47;10;9;0;1;35;9;26;27;10;6;2;2;19;7;12;20;Liverpool;20;17;3;0;48;8;40;54;10;9;1;0;27;3;24;28;10;8;2;0;21;5;16;26;2.04;3.8;3.6;2;1;H
22;12/01/2019;Brighton;21;7;5;9;24;29;-5;26;10;5;3;2;15;11;4;18;11;2;2;7;9;18;-9;8;Liverpool;21;17;3;1;49;10;39;54;10;9;1;0;27;3;24;28;11;8;2;1;22;7;15;26;11;6;1.3;0;1;A
22;12/01/2019;Burnley;21;5;3;13;21;42;-21;18;10;3;1;6;12;20;-8;10;11;2;2;7;9;22;-13;8;Fulham;21;3;5;13;19;47;-28;14;10;3;3;4;12;19;-7;12;11;0;2;9;7;28;-21;2;2.4;3.3;3.25;2;1;H
22;12/01/2019;Cardiff;21;5;3;13;19;41;-22;18;11;4;1;6;13;23;-10;13;10;1;2;7;6;18;-12;5;Huddersfield;21;2;4;15;13;37;-24;10;11;1;2;8;5;16;-11;5;10;1;2;7;8;21;-13;5;2.25;3.25;3.6;0;0;D
22;12/01/2019;Chelsea;21;13;5;3;38;16;22;44;11;6;4;1;19;8;11;22;10;7;1;2;19;8;11;22;Newcastle;21;4;6;11;15;29;-14;18;11;2;1;8;7;17;-10;7;10;2;5;3;8;12;-4;11;1.22;7;15;2;1;H
22;12/01/2019;Crystal Palace;21;6;4;11;19;26;-7;22;10;2;3;5;5;9;-4;9;11;4;1;6;14;17;-3;13;Watford;21;8;5;8;30;31;-1;29;11;5;1;5;16;18;-2;16;10;3;4;3;14;13;1;13;2.25;3.4;3.5;1;2;A
22;12/01/2019;Leicester;21;9;4;8;25;23;2;31;10;4;2;4;12;10;2;14;11;5;2;4;13;13;0;17;Southampton;21;3;7;11;21;38;-17;16;10;1;5;4;11;17;-6;8;11;2;2;7;10;21;-11;8;1.95;3.5;4.33;1;2;A
22;12/01/2019;West Ham;21;8;4;9;29;32;-3;28;11;4;2;5;16;18;-2;14;10;4;2;4;13;14;-1;14;Arsenal;21;12;5;4;46;31;15;41;11;8;2;1;24;10;14;26;10;4;3;3;22;21;1;15;3.5;4;2.05;1;0;H
22;13/01/2019;Everton;21;7;6;8;31;31;0;27;11;5;3;3;18;16;2;18;10;2;3;5;13;15;-2;9;Bournemouth;21;8;3;10;31;40;-9;27;11;5;3;3;19;17;2;18;10;3;0;7;12;23;-11;9;1.75;4;4.8;2;0;H
22;13/01/2019;Tottenham;21;16;0;5;46;21;25;48;9;6;0;3;18;9;9;18;12;10;0;2;28;12;16;30;Man Utd;21;11;5;5;43;32;11;38;10;6;3;1;21;13;8;21;11;5;2;4;22;19;3;17;2.05;3.7;3.75;0;1;A
22;14/01/2019;Man City;21;16;2;3;56;17;39;50;11;10;0;1;37;10;27;30;10;6;2;2;19;7;12;20;Wolverhampton;21;8;5;8;23;25;-2;29;11;4;2;5;12;15;-3;14;10;4;3;3;11;10;1;15;1.18;8;17;3;0;H
23;19/01/2019;Arsenal;22;12;5;5;46;32;14;41;11;8;2;1;24;10;14;26;11;4;3;4;22;22;0;15;Chelsea;22;14;5;3;40;17;23;47;12;7;4;1;21;9;12;25;10;7;1;2;19;8;11;22;3.1;3.6;2.37;2;0;H
23;19/01/2019;Bournemouth;22;8;3;11;31;42;-11;27;11;5;3;3;19;17;2;18;11;3;0;8;12;25;-13;9;West Ham;22;9;4;9;30;32;-2;31;12;5;2;5;17;18;-1;17;10;4;2;4;13;14;-1;14;2.37;3.7;3;2;0;H
23;19/01/2019;Liverpool;22;18;3;1;50;10;40;57;10;9;1;0;27;3;24;28;12;9;2;1;23;7;16;29;Crystal Palace;22;6;4;12;20;28;-8;22;11;2;3;6;6;11;-5;9;11;4;1;6;14;17;-3;13;1.2;7.5;17;4;3;H
23;19/01/2019;Man Utd;22;12;5;5;44;32;12;41;10;6;3;1;21;13;8;21;12;6;2;4;23;19;4;20;Brighton;22;7;5;10;24;30;-6;26;11;5;3;3;15;12;3;18;11;2;2;7;9;18;-9;8;1.3;5.75;12;2;1;H
23;19/01/2019;Newcastle;22;4;6;12;16;31;-15;18;11;2;1;8;7;17;-10;7;11;2;5;4;9;14;-5;11;Cardiff;22;5;4;13;19;41;-22;19;12;4;2;6;13;23;-10;14;10;1;2;7;6;18;-12;5;1.95;3.4;4.5;3;0;H
23;19/01/2019;Southampton;22;4;7;11;23;39;-16;19;10;1;5;4;11;17;-6;8;12;3;2;7;12;22;-10;11;Everton;22;8;6;8;33;31;2;30;12;6;3;3;20;16;4;21;10;2;3;5;13;15;-2;9;2.75;3.4;2.7;2;1;H
23;19/01/2019;Watford;22;9;5;8;32;32;0;32;11;5;1;5;16;18;-2;16;11;4;4;3;16;14;2;16;Burnley;22;6;3;13;23;43;-20;21;11;4;1;6;14;21;-7;13;11;2;2;7;9;22;-13;8;1.65;4;5.75;0;0;D
23;19/01/2019;Wolverhampton;22;8;5;9;23;28;-5;29;11;4;2;5;12;15;-3;14;11;4;3;4;11;13;-2;15;Leicester;22;9;4;9;26;25;1;31;11;4;2;5;13;12;1;14;11;5;2;4;13;13;0;17;2.37;3.2;3.4;4;3;H
23;20/01/2019;Fulham;22;3;5;14;20;49;-29;14;10;3;3;4;12;19;-7;12;12;0;2;10;8;30;-22;2;Tottenham;22;16;0;6;46;22;24;48;10;6;0;4;18;10;8;18;12;10;0;2;28;12;16;30;5.25;3.8;1.75;1;2;A
23;20/01/2019;Huddersfield;22;2;5;15;13;37;-24;11;11;1;2;8;5;16;-11;5;11;1;3;7;8;21;-13;6;Man City;22;17;2;3;59;17;42;53;12;11;0;1;40;10;30;33;10;6;2;2;19;7;12;20;21;8.5;1.16;0;3;A
24;29/01/2019;Arsenal;23;13;5;5;48;32;16;44;12;9;2;1;26;10;16;29;11;4;3;4;22;22;0;15;Cardiff;23;5;4;14;19;44;-25;19;12;4;2;6;13;23;-10;14;11;1;2;8;6;21;-15;5;1.22;7;15;2;1;H
24;29/01/2019;Fulham;23;3;5;15;21;51;-30;14;11;3;3;5;13;21;-8;12;12;0;2;10;8;30;-22;2;Brighton;23;7;5;11;25;32;-7;26;11;5;3;3;15;12;3;18;12;2;2;8;10;20;-10;8;2.37;3.3;3.3;4;2;H
24;29/01/2019;Huddersfield;23;2;5;16;13;40;-27;11;12;1;2;9;5;19;-14;5;11;1;3;7;8;21;-13;6;Everton;23;8;6;9;34;33;1;30;12;6;3;3;20;16;4;21;11;2;3;6;14;17;-3;9;4;3.3;2.1;0;1;A
24;29/01/2019;Man Utd;23;13;5;5;46;33;13;44;11;7;3;1;23;14;9;24;12;6;2;4;23;19;4;20;Burnley;23;6;4;13;23;43;-20;22;11;4;1;6;14;21;-7;13;12;2;3;7;9;22;-13;9;1.28;6;12;2;2;D
24;29/01/2019;Newcastle;23;5;6;12;19;31;-12;21;12;3;1;8;10;17;-7;10;11;2;5;4;9;14;-5;11;Man City;23;18;2;3;62;17;45;56;12;11;0;1;40;10;30;33;11;7;2;2;22;7;15;23;19;8;1.18;2;1;H
24;29/01/2019;Wolverhampton;23;9;5;9;27;31;-4;32;12;5;2;5;16;18;-2;17;11;4;3;4;11;13;-2;15;West Ham;23;9;4;10;30;34;-4;31;12;5;2;5;17;18;-1;17;11;4;2;5;13;16;-3;14;2.1;3.5;3.75;3;0;H
24;30/01/2019;Bournemouth;23;9;3;11;33;42;-9;30;12;6;3;3;21;17;4;21;11;3;0;8;12;25;-13;9;Chelsea;23;14;5;4;40;19;21;47;12;7;4;1;21;9;12;25;11;7;1;3;19;10;9;22;5.25;4.2;1.66;4;0;H
24;30/01/2019;Liverpool;23;19;3;1;54;13;41;60;11;10;1;0;31;6;25;31;12;9;2;1;23;7;16;29;Leicester;23;9;4;10;29;29;0;31;11;4;2;5;13;12;1;14;12;5;2;5;16;17;-1;17;1.22;7;15;1;1;D
24;30/01/2019;Southampton;23;5;7;11;25;40;-15;22;11;2;5;4;13;18;-5;11;12;3;2;7;12;22;-10;11;Crystal Palace;23;6;4;13;23;32;-9;22;11;2;3;6;6;11;-5;9;12;4;1;7;17;21;-4;13;2.4;3.4;3.2;1;1;D
24;30/01/2019;Tottenham;23;17;0;6;48;23;25;51;10;6;0;4;18;10;8;18;13;11;0;2;30;13;17;33;Watford;23;9;6;8;32;32;0;33;12;5;2;5;16;18;-2;17;11;4;4;3;16;14;2;16;1.66;4;5.75;2;1;H
25;02/02/2019;Brighton;24;7;5;12;27;36;-9;26;11;5;3;3;15;12;3;18;13;2;2;9;12;24;-12;8;Watford;24;9;6;9;33;34;-1;33;12;5;2;5;16;18;-2;17;12;4;4;4;17;16;1;16;2.55;3.3;3;0;0;D
25;02/02/2019;Burnley;24;6;5;13;25;45;-20;23;11;4;1;6;14;21;-7;13;13;2;4;7;11;24;-13;10;Southampton;24;5;8;11;26;41;-15;23;12;2;6;4;14;19;-5;12;12;3;2;7;12;22;-10;11;2.55;3.5;2.87;1;1;D
25;02/02/2019;Cardiff;24;5;4;15;20;46;-26;19;12;4;2;6;13;23;-10;14;12;1;2;9;7;23;-16;5;Bournemouth;24;10;3;11;37;42;-5;33;13;7;3;3;25;17;8;24;11;3;0;8;12;25;-13;9;3.25;3.5;2.3;2;0;H
25;02/02/2019;Chelsea;24;14;5;5;40;23;17;47;12;7;4;1;21;9;12;25;12;7;1;4;19;14;5;22;Huddersfield;24;2;5;17;13;41;-28;11;13;1;2;10;5;20;-15;5;11;1;3;7;8;21;-13;6;1.2;7.5;19;5;0;H
25;02/02/2019;Crystal Palace;24;6;5;13;24;33;-9;23;11;2;3;6;6;11;-5;9;13;4;2;7;18;22;-4;14;Fulham;24;4;5;15;25;53;-28;17;12;4;3;5;17;23;-6;15;12;0;2;10;8;30;-22;2;2.05;3.5;4;2;0;H
25;02/02/2019;Everton;24;9;6;9;35;33;2;33;12;6;3;3;20;16;4;21;12;3;3;6;15;17;-2;12;Wolverhampton;24;10;5;9;30;31;-1;35;13;6;2;5;19;18;1;20;11;4;3;4;11;13;-2;15;2.37;3.4;3.25;1;3;A
25;02/02/2019;Tottenham;24;18;0;6;50;24;26;54;11;7;0;4;20;11;9;21;13;11;0;2;30;13;17;33;Newcastle;24;6;6;12;21;32;-11;24;13;4;1;8;12;18;-6;13;11;2;5;4;9;14;-5;11;1.44;4.5;9;1;0;H
25;03/02/2019;Leicester;24;9;5;10;30;30;0;32;11;4;2;5;13;12;1;14;13;5;3;5;17;18;-1;18;Man Utd;24;13;6;5;48;35;13;45;12;7;4;1;25;16;9;25;12;6;2;4;23;19;4;20;3.6;3.5;2.15;0;1;A
25;03/02/2019;Man City;24;18;2;4;63;19;44;56;12;11;0;1;40;10;30;33;12;7;2;3;23;9;14;23;Arsenal;24;14;5;5;50;33;17;47;13;10;2;1;28;11;17;32;11;4;3;4;22;22;0;15;1.33;6;9;3;1;H
25;04/02/2019;West Ham;24;9;4;11;30;37;-7;31;12;5;2;5;17;18;-1;17;12;4;2;6;13;19;-6;14;Liverpool;24;19;4;1;55;14;41;61;12;10;2;0;32;7;25;32;12;9;2;1;23;7;16;29;8;5.25;1.4;1;1;D
26;09/02/2019;Brighton;25;7;6;12;27;36;-9;27;12;5;4;3;15;12;3;19;13;2;2;9;12;24;-12;8;Burnley;25;6;6;13;26;46;-20;24;12;4;2;6;15;22;-7;14;13;2;4;7;11;24;-13;10;2.05;3.3;4.2;1;3;A
26;09/02/2019;Crystal Palace;25;7;5;13;26;33;-7;26;12;3;3;6;8;11;-3;12;13;4;2;7;18;22;-4;14;West Ham;25;9;5;11;31;38;-7;32;13;5;3;5;18;19;-1;18;12;4;2;6;13;19;-6;14;2.1;3.5;3.75;1;1;D
26;09/02/2019;Fulham;25;4;5;16;25;55;-30;17;12;4;3;5;17;23;-6;15;13;0;2;11;8;32;-24;2;Man Utd;25;14;6;5;49;35;14;48;12;7;4;1;25;16;9;25;13;7;2;4;24;19;5;23;5.5;4.4;1.61;0;3;A
26;09/02/2019;Huddersfield;25;2;5;18;13;46;-33;11;13;1;2;10;5;20;-15;5;12;1;3;8;8;26;-18;6;Arsenal;25;14;5;6;51;36;15;47;13;10;2;1;28;11;17;32;12;4;3;5;23;25;-2;15;5.75;4.4;1.6;1;2;A
26;09/02/2019;Liverpool;25;19;5;1;56;15;41;62;12;10;2;0;32;7;25;32;13;9;3;1;24;8;16;30;Bournemouth;25;10;3;12;37;44;-7;33;13;7;3;3;25;17;8;24;12;3;0;9;12;27;-15;9;1.22;7.5;14;3;0;H
26;09/02/2019;Southampton;25;5;9;11;27;42;-15;24;12;2;6;4;14;19;-5;12;13;3;3;7;13;23;-10;12;Cardiff;25;6;4;15;22;46;-24;22;13;5;2;6;15;23;-8;17;12;1;2;9;7;23;-16;5;1.75;3.9;5;1;2;A
26;09/02/2019;Watford;25;9;7;9;33;34;-1;34;12;5;2;5;16;18;-2;17;13;4;5;4;17;16;1;17;Everton;25;9;6;10;36;36;0;33;13;6;3;4;21;19;2;21;12;3;3;6;15;17;-2;12;2.35;3.5;3.2;1;0;H
26;10/02/2019;Man City;25;19;2;4;66;20;46;59;13;12;0;1;43;11;32;36;12;7;2;3;23;9;14;23;Chelsea;25;15;5;5;45;23;22;50;13;8;4;1;26;9;17;28;12;7;1;4;19;14;5;22;1.5;4.75;7;6;0;H
26;10/02/2019;Tottenham;25;19;0;6;51;24;27;57;12;8;0;4;21;11;10;24;13;11;0;2;30;13;17;33;Leicester;25;9;5;11;30;31;-1;32;12;4;2;6;13;13;0;14;13;5;3;5;17;18;-1;18;1.7;3.9;5.5;3;1;H
26;11/02/2019;Wolverhampton;25;11;5;9;33;32;1;38;13;6;2;5;19;18;1;20;12;5;3;4;14;14;0;18;Newcastle;25;6;6;13;21;33;-12;24;13;4;1;8;12;18;-6;13;12;2;5;5;9;15;-6;11;1.7;3.75;5.75;1;1;D
27;22/02/2019;Cardiff;26;7;4;15;24;47;-23;25;13;5;2;6;15;23;-8;17;13;2;2;9;9;24;-15;8;Watford;26;10;7;9;34;34;0;37;13;6;2;5;17;18;-1;20;13;4;5;4;17;16;1;17;3.1;3.4;2.45;1;5;A
27;22/02/2019;West Ham;26;9;6;11;32;39;-7;33;13;5;3;5;18;19;-1;18;13;4;3;6;14;20;-6;15;Fulham;26;4;5;17;25;58;-33;17;13;4;3;6;17;26;-9;15;13;0;2;11;8;32;-24;2;1.95;3.8;4;3;1;H
27;23/02/2019;Bournemouth;26;10;3;13;37;47;-10;33;13;7;3;3;25;17;8;24;13;3;0;10;12;30;-18;9;Wolverhampton;26;11;6;9;34;33;1;39;14;6;3;5;20;19;1;21;12;5;3;4;14;14;0;18;2.87;3.4;2.62;1;1;D
27;23/02/2019;Burnley;26;7;6;13;29;47;-18;27;12;4;2;6;15;22;-7;14;14;3;4;7;14;25;-11;13;Tottenham;26;20;0;6;54;25;29;60;13;9;0;4;24;12;12;27;13;11;0;2;30;13;17;33;5.75;3.8;1.7;2;1;H
27;23/02/2019;Leicester;26;9;5;12;31;34;-3;32;12;4;2;6;13;13;0;14;14;5;3;6;18;21;-3;18;Crystal Palace;26;7;6;13;27;34;-7;27;13;3;4;6;9;12;-3;13;13;4;2;7;18;22;-4;14;2.25;3.4;3.5;1;4;A
27;23/02/2019;Newcastle;26;6;7;13;22;34;-12;25;13;4;1;8;12;18;-6;13;13;2;6;5;10;16;-6;12;Huddersfield;26;2;5;19;14;48;-34;11;14;1;2;11;6;22;-16;5;12;1;3;8;8;26;-18;6;1.83;3.5;5.25;2;0;H
27;24/02/2019;Arsenal;26;15;5;6;53;37;16;50;13;10;2;1;28;11;17;32;13;5;3;5;25;26;-1;18;Southampton;26;5;9;12;28;44;-16;24;13;2;6;5;15;21;-6;12;13;3;3;7;13;23;-10;12;1.5;4.75;7;2;0;H
27;24/02/2019;Man Utd;26;15;6;5;52;35;17;51;12;7;4;1;25;16;9;25;14;8;2;4;27;19;8;26;Liverpool;26;20;5;1;59;15;44;65;13;11;2;0;35;7;28;35;13;9;3;1;24;8;16;30;3.1;3.5;2.37;0;0;D
28;26/02/2019;Cardiff;27;7;4;16;25;52;-27;25;14;5;2;7;16;28;-12;17;13;2;2;9;9;24;-15;8;Everton;27;9;6;12;36;39;-3;33;14;6;3;5;21;21;0;21;13;3;3;7;15;18;-3;12;3.75;3.4;2.15;0;3;A
28;26/02/2019;Huddersfield;27;2;5;20;14;50;-36;11;14;1;2;11;6;22;-16;5;13;1;3;9;8;28;-20;6;Wolverhampton;27;11;7;9;35;34;1;40;14;6;3;5;20;19;1;21;13;5;4;4;15;15;0;19;5;3.5;1.85;1;0;H
28;26/02/2019;Leicester;27;9;5;13;32;38;-6;32;13;4;2;7;14;17;-3;14;14;5;3;6;18;21;-3;18;Brighton;27;7;6;14;28;42;-14;27;13;5;4;4;16;15;1;19;14;2;2;10;12;27;-15;8;1.9;3.5;4.6;2;1;H
28;26/02/2019;Newcastle;27;7;7;13;24;34;-10;28;14;5;1;8;14;18;-4;16;13;2;6;5;10;16;-6;12;Burnley;27;8;6;13;31;48;-17;30;13;5;2;6;17;23;-6;17;14;3;4;7;14;25;-11;13;2.15;3.3;3.9;2;0;H
28;27/02/2019;Arsenal;27;16;5;6;55;37;18;53;14;11;2;1;30;11;19;35;13;5;3;5;25;26;-1;18;Bournemouth;27;10;4;13;38;48;-10;34;14;7;4;3;26;18;8;25;13;3;0;10;12;30;-18;9;1.44;5;7.5;5;1;H
28;27/02/2019;Chelsea;27;16;5;6;48;29;19;53;14;9;4;1;29;9;20;31;13;7;1;5;19;20;-1;22;Tottenham;27;20;0;7;55;27;28;60;13;9;0;4;24;12;12;27;14;11;0;3;31;15;16;33;2.3;3.5;3.25;2;0;H
28;27/02/2019;Crystal Palace;27;8;6;13;31;35;-4;30;13;3;4;6;9;12;-3;13;14;5;2;7;22;23;-1;17;Man Utd;27;15;7;5;52;35;17;52;13;7;5;1;25;16;9;26;14;8;2;4;27;19;8;26;3.25;3.5;2.3;1;3;A
28;27/02/2019;Liverpool;27;20;6;1;59;15;44;66;13;11;2;0;35;7;28;35;14;9;4;1;24;8;16;31;Watford;27;11;7;9;39;35;4;40;13;6;2;5;17;18;-1;20;14;5;5;4;22;17;5;20;1.28;6;12;5;0;H
28;27/02/2019;Man City;27;21;2;4;74;20;54;65;14;13;0;1;49;11;38;39;13;8;2;3;25;9;16;26;West Ham;27;10;6;11;35;40;-5;36;14;6;3;5;21;20;1;21;13;4;3;6;14;20;-6;15;1.16;9;19;1;0;H
28;27/02/2019;Southampton;27;5;9;13;28;46;-18;24;13;2;6;5;15;21;-6;12;14;3;3;8;13;25;-12;12;Fulham;27;4;5;18;26;61;-35;17;13;4;3;6;17;26;-9;15;14;0;2;12;9;35;-26;2;1.9;3.7;4.33;2;0;H
29;02/03/2019;Bournemouth;28;10;4;14;39;53;-14;34;14;7;4;3;26;18;8;25;14;3;0;11;13;35;-22;9;Man City;28;22;2;4;75;20;55;68;15;14;0;1;50;11;39;42;13;8;2;3;25;9;16;26;13;7.5;1.22;0;1;A
29;02/03/2019;Brighton;28;7;6;15;29;44;-15;27;13;5;4;4;16;15;1;19;15;2;2;11;13;29;-16;8;Huddersfield;28;3;5;20;15;50;-35;14;15;2;2;11;7;22;-15;8;13;1;3;9;8;28;-20;6;1.85;3.4;5.25;1;0;H
29;02/03/2019;Burnley;28;8;6;14;31;50;-19;30;13;5;2;6;17;23;-6;17;15;3;4;8;14;27;-13;13;Crystal Palace;28;8;6;14;32;38;-6;30;14;3;4;7;10;15;-5;13;14;5;2;7;22;23;-1;17;2.8;3.3;2.75;1;3;A
29;02/03/2019;Man Utd;28;16;7;5;55;36;19;55;13;7;5;1;25;16;9;26;15;9;2;4;30;20;10;29;Southampton;28;6;9;13;30;46;-16;27;14;3;6;5;17;21;-4;15;14;3;3;8;13;25;-12;12;1.45;4.5;8.5;3;2;H
29;02/03/2019;Tottenham;28;20;0;8;55;29;26;60;13;9;0;4;24;12;12;27;15;11;0;4;31;17;14;33;Arsenal;28;17;5;6;60;38;22;56;15;12;2;1;35;12;23;38;13;5;3;5;25;26;-1;18;2.05;3.7;3.75;1;1;D
29;02/03/2019;West Ham;28;10;6;12;35;41;-6;36;14;6;3;5;21;20;1;21;14;4;3;7;14;21;-7;15;Newcastle;28;8;7;13;26;34;-8;31;15;6;1;8;16;18;-2;19;13;2;6;5;10;16;-6;12;2.15;3.5;3.6;2;0;H
29;02/03/2019;Wolverhampton;28;11;7;10;35;35;0;40;14;6;3;5;20;19;1;21;14;5;4;5;15;16;-1;19;Cardiff;28;7;4;17;25;55;-30;25;15;5;2;8;16;31;-15;17;13;2;2;9;9;24;-15;8;1.5;4.33;8;2;0;H
29;03/03/2019;Everton;28;10;6;12;39;39;0;36;14;6;3;5;21;21;0;21;14;4;3;7;18;18;0;15;Liverpool;28;21;6;1;64;15;49;69;14;12;2;0;40;7;33;38;14;9;4;1;24;8;16;31;6;4.2;1.61;0;0;D
29;03/03/2019;Fulham;28;4;5;19;26;63;-37;17;13;4;3;6;17;26;-9;15;15;0;2;13;9;37;-28;2;Chelsea;28;17;5;6;50;29;21;56;15;10;4;1;31;9;22;34;13;7;1;5;19;20;-1;22;6.5;4.5;1.53;1;2;A
29;03/03/2019;Watford;28;11;7;10;39;40;-1;40;13;6;2;5;17;18;-1;20;15;5;5;5;22;22;0;20;Leicester;28;10;5;13;34;39;-5;35;14;5;2;7;16;18;-2;17;14;5;3;6;18;21;-3;18;2.55;3.3;3;2;1;H
30;09/03/2019;Cardiff;29;7;4;18;25;57;-32;25;15;5;2;8;16;31;-15;17;14;2;2;10;9;26;-17;8;West Ham;29;11;6;12;37;41;-4;39;15;7;3;5;23;20;3;24;14;4;3;7;14;21;-7;15;3.6;3.5;2.15;2;0;H
30;09/03/2019;Crystal Palace;29;9;6;14;35;39;-4;33;14;3;4;7;10;15;-5;13;15;6;2;7;25;24;1;20;Brighton;29;8;6;15;30;44;-14;30;14;6;4;4;17;15;2;22;15;2;2;11;13;29;-16;8;1.83;3.6;5;1;2;A
30;09/03/2019;Huddersfield;29;3;5;21;15;51;-36;14;15;2;2;11;7;22;-15;8;14;1;3;10;8;29;-21;6;Bournemouth;29;10;4;15;39;54;-15;34;15;7;4;4;26;19;7;25;14;3;0;11;13;35;-22;9;3.4;3.3;2.35;0;2;A
30;09/03/2019;Leicester;29;10;5;14;35;41;-6;35;14;5;2;7;16;18;-2;17;15;5;3;7;19;23;-4;18;Fulham;29;4;5;20;27;65;-38;17;14;4;3;7;18;28;-10;15;15;0;2;13;9;37;-28;2;1.57;4.5;6;3;1;H
30;09/03/2019;Man City;29;23;2;4;76;20;56;71;15;14;0;1;50;11;39;42;14;9;2;3;26;9;17;29;Watford;29;12;7;10;41;41;0;43;14;7;2;5;19;19;0;23;15;5;5;5;22;22;0;20;1.16;9;19;3;1;H
30;09/03/2019;Newcastle;29;8;7;14;26;36;-10;31;15;6;1;8;16;18;-2;19;14;2;6;6;10;18;-8;12;Everton;29;10;7;12;39;39;0;37;15;6;4;5;21;21;0;22;14;4;3;7;18;18;0;15;2.8;3.25;2.8;3;2;H
30;09/03/2019;Southampton;29;6;9;14;32;49;-17;27;14;3;6;5;17;21;-4;15;15;3;3;9;15;28;-13;12;Tottenham;29;20;1;8;56;30;26;61;14;9;1;4;25;13;12;28;15;11;0;4;31;17;14;33;4.5;3.8;1.85;2;1;H
30;10/03/2019;Arsenal;29;17;6;6;61;39;22;57;15;12;2;1;35;12;23;38;14;5;4;5;26;27;-1;19;Man Utd;29;17;7;5;58;38;20;58;14;8;5;1;28;18;10;29;15;9;2;4;30;20;10;29;2.4;3.6;3;2;0;H
30;10/03/2019;Chelsea;29;18;5;6;52;30;22;59;15;10;4;1;31;9;22;34;14;8;1;5;21;21;0;25;Wolverhampton;29;12;7;10;37;35;2;43;15;7;3;5;22;19;3;24;14;5;4;5;15;16;-1;19;1.55;4.2;7;1;1;D
30;10/03/2019;Liverpool;29;21;7;1;64;15;49;70;14;12;2;0;40;7;33;38;15;9;5;1;24;8;16;32;Burnley;29;8;6;15;32;53;-21;30;14;5;2;7;18;26;-8;17;15;3;4;8;14;27;-13;13;1.16;8.5;21;4;2;H
31;16/03/2019;Bournemouth;30;11;4;15;41;54;-13;37;15;7;4;4;26;19;7;25;15;4;0;11;15;35;-20;12;Newcastle;30;9;7;14;29;38;-9;34;16;7;1;8;19;20;-1;22;14;2;6;6;10;18;-8;12;2.05;3.6;3.8;2;2;D
31;16/03/2019;Burnley;30;8;6;16;34;57;-23;30;14;5;2;7;18;26;-8;17;16;3;4;9;16;31;-15;13;Leicester;30;11;5;14;38;42;-4;38;15;6;2;7;19;19;0;20;15;5;3;7;19;23;-4;18;3.1;3.4;2.45;1;2;A
31;16/03/2019;West Ham;30;11;6;13;37;43;-6;39;15;7;3;5;23;20;3;24;15;4;3;8;14;23;-9;15;Huddersfield;30;3;5;22;15;53;-38;14;16;2;2;12;7;24;-17;8;14;1;3;10;8;29;-21;6;1.55;4.2;7;4;3;H
31;17/03/2019;Everton;30;10;7;13;41;42;-1;37;15;6;4;5;21;21;0;22;15;4;3;8;20;21;-1;15;Chelsea;30;18;6;6;53;31;22;60;16;10;5;1;32;10;22;35;14;8;1;5;21;21;0;25;4;3.8;1.95;2;0;H
31;17/03/2019;Fulham;30;4;5;21;28;68;-40;17;14;4;3;7;18;28;-10;15;16;0;2;14;10;40;-30;2;Liverpool;30;22;7;1;68;17;51;73;15;13;2;0;44;9;35;41;15;9;5;1;24;8;16;32;12;7;1.25;1;2;A
32;30/03/2019;Brighton;31;9;6;16;32;47;-15;33;15;6;4;5;17;17;0;22;16;3;2;11;15;30;-15;11;Southampton;31;7;10;14;35;51;-16;31;15;4;6;5;19;22;-3;18;16;3;4;9;16;29;-13;13;2.55;3.2;3.1;0;1;A
32;30/03/2019;Burnley;31;8;6;17;35;59;-24;30;15;5;2;8;19;28;-9;17;16;3;4;9;16;31;-15;13;Wolverhampton;31;13;8;10;41;37;4;47;16;8;3;5;25;20;5;27;15;5;5;5;16;17;-1;20;3.2;3.25;2.45;2;0;H
32;30/03/2019;Crystal Palace;31;9;6;16;36;43;-7;33;15;3;4;8;11;17;-6;13;16;6;2;8;25;26;-1;20;Huddersfield;31;3;5;23;18;57;-39;14;16;2;2;12;7;24;-17;8;15;1;3;11;11;33;-22;6;1.45;4.4;9;2;0;H
32;30/03/2019;Fulham;31;4;5;22;29;70;-41;17;15;4;3;8;19;30;-11;15;16;0;2;14;10;40;-30;2;Man City;31;25;2;4;81;21;60;77;16;15;0;1;53;12;41;45;15;10;2;3;28;9;19;32;21;11;1.12;0;2;A
32;30/03/2019;Leicester;31;12;5;14;40;43;-3;41;15;6;2;7;19;19;0;20;16;6;3;7;21;24;-3;21;Bournemouth;31;11;5;15;43;56;-13;38;16;7;5;4;28;21;7;26;15;4;0;11;15;35;-20;12;1.85;3.8;4.5;2;0;H
32;30/03/2019;Man Utd;31;17;7;7;58;42;16;58;15;8;5;2;28;20;8;29;16;9;2;5;30;22;8;29;Watford;31;12;8;11;43;45;-2;44;15;7;3;5;20;20;0;24;16;5;5;6;23;25;-2;20;1.44;4.75;8;2;1;H
32;30/03/2019;West Ham;31;12;6;13;41;46;-5;42;16;8;3;5;27;23;4;27;15;4;3;8;14;23;-9;15;Everton;31;11;7;13;43;42;1;40;16;7;4;5;23;21;2;25;15;4;3;8;20;21;-1;15;2.55;3.5;2.9;0;2;A
32;31/03/2019;Cardiff;31;9;4;18;29;57;-28;31;16;6;2;8;18;31;-13;20;15;3;2;10;11;26;-15;11;Chelsea;31;18;6;7;53;33;20;60;16;10;5;1;32;10;22;35;15;8;1;6;21;23;-2;25;9;4.5;1.44;1;2;A
32;31/03/2019;Liverpool;31;23;7;1;70;18;52;76;15;13;2;0;44;9;35;41;16;10;5;1;26;9;17;35;Tottenham;31;21;1;9;59;32;27;64;15;10;1;4;27;13;14;31;16;11;0;5;32;19;13;33;1.61;4.2;6;2;1;H
32;01/04/2019;Arsenal;31;18;6;7;64;42;22;60;16;13;2;1;37;12;25;41;15;5;4;6;27;30;-3;19;Newcastle;31;9;8;14;31;40;-9;35;16;7;1;8;19;20;-1;22;15;2;7;6;12;20;-8;13;1.36;5.25;9.5;2;0;H
33;02/04/2019;Watford;32;12;8;12;44;47;-3;44;15;7;3;5;20;20;0;24;17;5;5;7;24;27;-3;20;Fulham;32;4;5;23;29;72;-43;17;16;4;3;9;19;32;-13;15;16;0;2;14;10;40;-30;2;1.72;4;5;4;1;H
33;02/04/2019;Wolverhampton;32;13;8;11;41;39;2;47;16;8;3;5;25;20;5;27;16;5;5;6;16;19;-3;20;Man Utd;32;18;7;7;60;43;17;61;16;9;5;2;30;21;9;32;16;9;2;5;30;22;8;29;4;3.6;2;2;1;H
33;03/04/2019;Man City;32;26;2;4;83;21;62;80;16;15;0;1;53;12;41;45;16;11;2;3;30;9;21;35;Cardiff;32;9;4;19;30;59;-29;31;17;6;2;9;19;33;-14;20;15;3;2;10;11;26;-15;11;1.06;17;34;2;0;H
33;05/04/2019;Southampton;32;8;10;14;36;51;-15;34;15;4;6;5;19;22;-3;18;17;4;4;9;17;29;-12;16;Liverpool;32;24;7;1;72;19;53;79;16;14;2;0;46;10;36;44;16;10;5;1;26;9;17;35;9;5;1.4;1;3;A
33;06/04/2019;Bournemouth;32;11;5;16;43;58;-15;38;16;7;5;4;28;21;7;26;16;4;0;12;15;37;-22;12;Burnley;32;9;6;17;37;59;-22;33;16;6;2;8;21;28;-7;20;16;3;4;9;16;31;-15;13;2.1;3.6;3.75;1;3;A
33;06/04/2019;Huddersfield;32;3;5;24;18;59;-41;14;16;2;2;12;7;24;-17;8;16;1;3;12;11;35;-24;6;Leicester;32;13;5;14;42;43;-1;44;16;7;2;7;21;19;2;23;16;6;3;7;21;24;-3;21;5;4;1.72;1;4;A
33;06/04/2019;Newcastle;32;9;8;15;31;42;-11;35;16;7;1;8;19;20;-1;22;16;2;7;7;12;22;-10;13;Crystal Palace;32;10;6;16;38;43;-5;36;16;4;4;8;13;17;-4;16;16;6;2;8;25;26;-1;20;2.6;3.25;3;0;1;A
33;07/04/2019;Everton;32;12;7;13;45;42;3;43;16;7;4;5;23;21;2;25;16;5;3;8;22;21;1;18;Arsenal;32;19;6;7;66;42;24;63;17;14;2;1;39;12;27;44;15;5;4;6;27;30;-3;19;3;3.75;2.35;1;0;H
33;08/04/2019;Chelsea;32;19;6;7;55;34;21;63;16;10;5;1;32;10;22;35;16;9;1;6;23;24;-1;28;West Ham;32;12;6;14;41;48;-7;42;17;8;3;6;27;25;2;27;15;4;3;8;14;23;-9;15;1.33;5.75;9.5;2;0;H
34;12/04/2019;Leicester;33;14;5;14;46;44;2;47;16;7;2;7;21;19;2;23;17;7;3;7;25;25;0;24;Newcastle;33;9;8;16;31;43;-12;35;17;7;1;9;19;21;-2;22;16;2;7;7;12;22;-10;13;1.66;4;5.75;0;1;A
34;13/04/2019;Brighton;33;9;6;18;32;49;-17;33;16;6;4;6;17;18;-1;22;17;3;2;12;15;31;-16;11;Bournemouth;33;11;5;17;44;61;-17;38;17;7;5;5;29;24;5;26;16;4;0;12;15;37;-22;12;2.3;3.4;3.4;0;5;A
34;13/04/2019;Burnley;33;10;6;17;40;60;-20;36;16;6;2;8;21;28;-7;20;17;4;4;9;19;32;-13;16;Cardiff;33;9;4;20;30;61;-31;31;17;6;2;9;19;33;-14;20;16;3;2;11;11;28;-17;11;1.9;3.6;4.5;2;0;H
34;13/04/2019;Fulham;33;4;5;24;30;76;-46;17;16;4;3;9;19;32;-13;15;17;0;2;15;11;44;-33;2;Everton;33;13;7;13;46;42;4;46;17;8;4;5;24;21;3;28;16;5;3;8;22;21;1;18;5;4;1.75;2;0;H
34;13/04/2019;Man Utd;33;18;7;8;61;45;16;61;16;9;5;2;30;21;9;32;17;9;2;6;31;24;7;29;West Ham;33;12;6;15;41;50;-9;42;17;8;3;6;27;25;2;27;16;4;3;9;14;25;-11;15;1.4;5.25;8.5;2;1;H
34;13/04/2019;Southampton;33;8;10;15;37;54;-17;34;16;4;6;6;20;25;-5;18;17;4;4;9;17;29;-12;16;Wolverhampton;33;14;8;11;43;40;3;50;17;9;3;5;27;21;6;30;16;5;5;6;16;19;-3;20;2.6;3.25;3;3;1;H
34;13/04/2019;Tottenham;33;22;1;10;61;34;27;67;16;11;1;4;28;13;15;34;17;11;0;6;33;21;12;33;Huddersfield;33;3;5;25;19;63;-44;14;17;2;2;13;8;28;-20;8;16;1;3;12;11;35;-24;6;1.22;7;15;4;0;H
34;14/04/2019;Crystal Palace;33;11;6;16;39;43;-4;39;16;4;4;8;13;17;-4;16;17;7;2;8;26;26;0;23;Man City;33;27;2;4;85;21;64;83;17;16;0;1;55;12;43;48;16;11;2;3;30;9;21;35;11;6;1.3;1;3;A
34;14/04/2019;Liverpool;33;25;7;1;75;20;55;82;16;14;2;0;46;10;36;44;17;11;5;1;29;10;19;38;Chelsea;33;20;6;7;57;34;23;66;17;11;5;1;34;10;24;38;16;9;1;6;23;24;-1;28;1.66;4.2;5.25;2;0;H
34;15/04/2019;Watford;33;13;8;12;48;48;0;47;16;8;3;5;24;21;3;27;17;5;5;7;24;27;-3;20;Arsenal;33;19;6;8;66;43;23;63;17;14;2;1;39;12;27;44;16;5;4;7;27;31;-4;19;3.2;3.75;2.25;0;1;A
35;20/04/2019;Bournemouth;34;12;5;17;49;61;-12;41;17;7;5;5;29;24;5;26;17;5;0;12;20;37;-17;15;Fulham;34;5;5;24;32;76;-44;20;17;5;3;9;21;32;-11;18;17;0;2;15;11;44;-33;2;1.65;4.4;5.25;0;1;A
35;20/04/2019;Huddersfield;34;3;5;26;19;67;-48;14;17;2;2;13;8;28;-20;8;17;1;3;13;11;39;-28;6;Watford;34;13;8;13;48;49;-1;47;17;8;3;6;24;22;2;27;17;5;5;7;24;27;-3;20;4.4;3.9;1.85;1;2;A
35;20/04/2019;Man City;34;28;2;4;88;22;66;86;17;16;0;1;55;12;43;48;17;12;2;3;33;10;23;38;Tottenham;34;23;1;10;65;34;31;70;17;12;1;4;32;13;19;37;17;11;0;6;33;21;12;33;1.3;6;11;1;0;H
35;20/04/2019;Newcastle;34;10;8;16;32;43;-11;38;17;7;1;9;19;21;-2;22;17;3;7;7;13;22;-9;16;Southampton;34;9;10;15;40;55;-15;37;17;5;6;6;23;26;-3;21;17;4;4;9;17;29;-12;16;2.55;3.2;3.1;3;1;H
35;20/04/2019;West Ham;34;12;6;16;42;52;-10;42;17;8;3;6;27;25;2;27;17;4;3;10;15;27;-12;15;Leicester;34;14;5;15;46;45;1;47;17;7;2;8;21;20;1;23;17;7;3;7;25;25;0;24;3.3;3.5;2.3;2;2;D
35;20/04/2019;Wolverhampton;34;14;8;12;44;43;1;50;17;9;3;5;27;21;6;30;17;5;5;7;17;22;-5;20;Brighton;34;9;6;19;32;54;-22;33;17;6;4;7;17;23;-6;22;17;3;2;12;15;31;-16;11;1.75;3.5;6;0;0;D
35;21/04/2019;Arsenal;34;20;6;8;67;43;24;66;17;14;2;1;39;12;27;44;17;6;4;7;28;31;-3;22;Crystal Palace;34;11;6;17;40;46;-6;39;17;4;4;9;14;20;-6;16;17;7;2;8;26;26;0;23;1.53;4.6;6.5;2;3;A
35;21/04/2019;Cardiff;34;9;4;21;30;63;-33;31;17;6;2;9;19;33;-14;20;17;3;2;12;11;30;-19;11;Liverpool;34;26;7;1;77;20;57;85;17;15;2;0;48;10;38;47;17;11;5;1;29;10;19;38;17;7.5;1.2;0;2;A
35;21/04/2019;Everton;34;13;7;14;46;44;2;46;17;8;4;5;24;21;3;28;17;5;3;9;22;23;-1;18;Man Utd;34;19;7;8;63;46;17;64;17;10;5;2;32;22;10;35;17;9;2;6;31;24;7;29;3.25;3.5;2.3;4;0;H
35;22/04/2019;Chelsea;34;20;6;8;57;36;21;66;17;11;5;1;34;10;24;38;17;9;1;7;23;26;-3;28;Burnley;34;11;6;17;42;60;-18;39;17;7;2;8;23;28;-5;23;17;4;4;9;19;32;-13;16;1.25;6.25;15;2;2;D
36;26/04/2019;Liverpool;35;27;7;1;79;20;59;88;17;15;2;0;48;10;38;47;18;12;5;1;31;10;21;41;Huddersfield;35;3;5;27;20;69;-49;14;18;2;2;14;9;30;-21;8;17;1;3;13;11;39;-28;6;1.07;15;41;5;0;H
36;27/04/2019;Brighton;35;9;7;19;32;54;-22;34;17;6;4;7;17;23;-6;22;18;3;3;12;15;31;-16;12;Newcastle;35;11;8;16;35;44;-9;41;18;8;1;9;22;22;0;25;17;3;7;7;13;22;-9;16;2.3;3.2;3.6;1;1;D
36;27/04/2019;Crystal Palace;35;12;6;17;43;48;-5;42;17;4;4;9;14;20;-6;16;18;8;2;8;29;28;1;26;Everton;35;14;7;14;50;44;6;49;18;9;4;5;28;21;7;31;17;5;3;9;22;23;-1;18;2.62;3.5;2.8;0;0;D
36;27/04/2019;Fulham;35;6;5;24;33;76;-43;23;17;5;3;9;21;32;-11;18;18;1;2;15;12;44;-32;5;Cardiff;35;9;4;22;30;65;-35;31;18;6;2;10;19;35;-16;20;17;3;2;12;11;30;-19;11;2.4;3.6;3;1;0;H
36;27/04/2019;Southampton;35;9;10;16;41;58;-17;37;17;5;6;6;23;26;-3;21;18;4;4;10;18;32;-14;16;Bournemouth;35;12;5;18;49;62;-13;41;18;7;5;6;29;25;4;26;17;5;0;12;20;37;-17;15;1.9;3.9;4.1;3;3;D
36;27/04/2019;Tottenham;35;23;1;11;65;35;30;70;17;12;1;4;32;13;19;37;18;11;0;7;33;22;11;33;West Ham;35;12;7;16;44;54;-10;43;18;8;4;6;29;27;2;28;17;4;3;10;15;27;-12;15;1.4;5.5;7.5;0;1;A
36;27/04/2019;Watford;35;14;8;13;50;50;0;50;17;8;3;6;24;22;2;27;18;6;5;7;26;28;-2;23;Wolverhampton;35;14;9;12;44;43;1;51;18;9;4;5;27;21;6;31;17;5;5;7;17;22;-5;20;2.62;3.3;2.9;1;2;A
36;28/04/2019;Burnley;35;11;7;17;44;62;-18;40;17;7;2;8;23;28;-5;23;18;4;5;9;21;34;-13;17;Man City;35;29;2;4;89;22;67;89;18;17;0;1;56;12;44;51;17;12;2;3;33;10;23;38;23;9;1.14;0;1;A
36;28/04/2019;Leicester;35;14;6;15;48;47;1;48;17;7;2;8;21;20;1;23;18;7;4;7;27;27;0;25;Arsenal;35;20;6;9;69;46;23;66;18;14;2;2;41;15;26;44;17;6;4;7;28;31;-3;22;2.75;3.6;2.6;3;0;H
36;28/04/2019;Man Utd;35;19;7;9;63;50;13;64;17;10;5;2;32;22;10;35;18;9;2;7;31;28;3;29;Chelsea;35;20;7;8;59;38;21;67;18;11;6;1;36;12;24;39;17;9;1;7;23;26;-3;28;2.7;3.5;2.7;1;1;D
37;03/05/2019;Everton;36;14;8;14;50;44;6;50;18;9;4;5;28;21;7;31;18;5;4;9;22;23;-1;19;Burnley;36;11;7;18;44;63;-19;40;18;7;2;9;23;29;-6;23;18;4;5;9;21;34;-13;17;1.66;4;5.75;2;0;H
37;04/05/2019;Bournemouth;36;12;6;18;52;65;-13;42;18;7;5;6;29;25;4;26;18;5;1;12;23;40;-17;16;Tottenham;36;23;1;12;65;36;29;70;18;12;1;5;32;14;18;37;18;11;0;7;33;22;11;33;4;4;1.9;1;0;H
37;04/05/2019;Cardiff;36;9;4;23;30;66;-36;31;18;6;2;10;19;35;-16;20;18;3;2;13;11;31;-20;11;Crystal Palace;36;12;7;17;43;48;-5;43;18;4;5;9;14;20;-6;17;18;8;2;8;29;28;1;26;2.6;3.75;2.7;2;3;A
37;04/05/2019;Newcastle;36;11;9;16;36;45;-9;42;18;8;1;9;22;22;0;25;18;3;8;7;14;23;-9;17;Liverpool;36;28;7;1;84;20;64;91;18;16;2;0;53;10;43;50;18;12;5;1;31;10;21;41;9.5;5.25;1.36;2;3;A
37;04/05/2019;West Ham;36;13;7;16;45;54;-9;46;18;8;4;6;29;27;2;28;18;5;3;10;16;27;-11;18;Southampton;36;9;11;16;44;61;-17;38;18;5;7;6;26;29;-3;22;18;4;4;10;18;32;-14;16;2.3;3.75;3.1;3;0;H
37;04/05/2019;Wolverhampton;36;15;9;12;46;44;2;54;18;9;4;5;27;21;6;31;18;6;5;7;19;23;-4;23;Fulham;36;7;5;24;34;76;-42;26;18;6;3;9;22;32;-10;21;18;1;2;15;12;44;-32;5;1.53;4.2;7.5;1;0;H
37;05/05/2019;Arsenal;36;20;6;10;69;49;20;66;18;14;2;2;41;15;26;44;18;6;4;8;28;34;-6;22;Brighton;36;9;8;19;33;55;-22;35;18;6;5;7;18;24;-6;23;18;3;3;12;15;31;-16;12;1.4;5;9;1;1;D
37;05/05/2019;Chelsea;36;20;8;8;60;39;21;68;18;11;6;1;36;12;24;39;18;9;2;7;24;27;-3;29;Watford;36;14;8;14;51;52;-1;50;18;8;3;7;25;24;1;27;18;6;5;7;26;28;-2;23;1.4;5.25;8;3;0;H
37;05/05/2019;Huddersfield;36;3;5;28;20;74;-54;14;18;2;2;14;9;30;-21;8;18;1;3;14;11;44;-33;6;Man Utd;36;19;8;9;64;51;13;65;18;10;6;2;33;23;10;36;18;9;2;7;31;28;3;29;11;6;1.3;1;1;D
37;06/05/2019;Man City;36;30;2;4;90;22;68;92;18;17;0;1;56;12;44;51;18;13;2;3;34;10;24;41;Leicester;36;15;6;15;51;47;4;51;18;8;2;8;24;20;4;26;18;7;4;7;27;27;0;25;1.12;8.5;17;1;0;H
38;12/05/2019;Brighton;37;9;9;19;34;56;-22;36;18;6;5;7;18;24;-6;23;19;3;4;12;16;32;-16;13;Man City;37;31;2;4;91;22;69;95;19;18;0;1;57;12;45;54;18;13;2;3;34;10;24;41;19;8.5;1.16;1;4;A
38;12/05/2019;Burnley;37;11;7;19;44;65;-21;40;18;7;2;9;23;29;-6;23;19;4;5;10;21;36;-15;17;Arsenal;37;20;7;10;70;50;20;67;19;14;3;2;42;16;26;45;18;6;4;8;28;34;-6;22;3.25;3.8;2.2;1;3;A
38;12/05/2019;Crystal Palace;37;13;7;17;46;50;-4;46;18;4;5;9;14;20;-6;17;19;9;2;8;32;30;2;29;Bournemouth;37;13;6;18;53;65;-12;45;19;8;5;6;30;25;5;29;18;5;1;12;23;40;-17;16;1.9;4.2;3.8;5;3;H
38;12/05/2019;Fulham;37;7;5;25;34;77;-43;26;18;6;3;9;22;32;-10;21;19;1;2;16;12;45;-33;5;Newcastle;37;11;9;17;38;48;-10;42;19;8;1;10;24;25;-1;25;18;3;8;7;14;23;-9;17;2.5;3.6;2.9;0;4;A
38;12/05/2019;Leicester;37;15;6;16;51;48;3;51;18;8;2;8;24;20;4;26;19;7;4;8;27;28;-1;25;Chelsea;37;21;8;8;63;39;24;71;19;12;6;1;39;12;27;42;18;9;2;7;24;27;-3;29;2.4;3.75;2.9;0;0;D
38;12/05/2019;Liverpool;37;29;7;1;87;22;65;94;18;16;2;0;53;10;43;50;19;13;5;1;34;12;22;44;Wolverhampton;37;16;9;12;47;44;3;57;19;10;4;5;28;21;7;34;18;6;5;7;19;23;-4;23;1.3;6;11;2;0;H
38;12/05/2019;Man Utd;37;19;9;9;65;52;13;66;18;10;6;2;33;23;10;36;19;9;3;7;32;29;3;30;Cardiff;37;9;4;24;32;69;-37;31;19;6;2;11;21;38;-17;20;18;3;2;13;11;31;-20;11;1.28;6.5;11;0;2;A
38;12/05/2019;Southampton;37;9;11;17;44;64;-20;38;18;5;7;6;26;29;-3;22;19;4;4;11;18;35;-17;16;Huddersfield;37;3;6;28;21;75;-54;15;19;2;3;14;10;31;-21;9;18;1;3;14;11;44;-33;6;1.44;4.75;8.5;1;1;D
38;12/05/2019;Tottenham;37;23;1;13;65;37;28;70;18;12;1;5;32;14;18;37;19;11;0;8;33;23;10;33;Everton;37;15;8;14;52;44;8;53;19;10;4;5;30;21;9;34;18;5;4;9;22;23;-1;19;2.2;3.5;3.5;2;2;D
38;12/05/2019;Watford;37;14;8;15;51;55;-4;50;18;8;3;7;25;24;1;27;19;6;5;8;26;31;-5;23;West Ham;37;14;7;16;48;54;-6;49;19;9;4;6;32;27;5;31;18;5;3;10;16;27;-11;18;2.25;3.75;3.2;1;4;A
11;04/11/2017;Huddersfield;10;3;3;4;7;13;-6;12;5;2;2;1;4;6;-2;8;5;1;1;3;3;7;-4;4;West Bromwich;10;2;4;4;9;13;-4;10;5;1;3;1;6;6;0;6;5;1;1;3;3;7;-4;4;2.79;3;3;1;0;H
11;04/11/2017;Newcastle;10;4;2;4;10;9;1;14;5;3;1;1;7;4;3;10;5;1;1;3;3;5;-2;4;Bournemouth;10;2;1;7;6;14;-8;7;5;1;1;3;3;6;-3;4;5;1;0;4;3;8;-5;3;2;3.5;4.2;0;1;A
11;04/11/2017;Southampton;10;3;4;3;9;10;-1;13;6;2;2;2;6;7;-1;8;4;1;2;1;3;3;0;5;Burnley;10;4;4;2;9;9;0;16;5;2;2;1;3;2;1;8;5;2;2;1;6;7;-1;8;1.66;3.75;6.5;0;1;A
11;04/11/2017;Stoke;10;3;2;5;11;20;-9;11;5;2;1;2;6;9;-3;7;5;1;1;3;5;11;-6;4;Leicester;10;3;3;4;14;14;0;12;5;2;1;2;8;6;2;7;5;1;2;2;6;8;-2;5;2.7;3.29;2.87;2;2;D
11;04/11/2017;Swansea;10;2;2;6;7;12;-5;8;5;1;0;4;4;9;-5;3;5;1;2;2;3;3;0;5;Brighton;10;3;3;4;10;11;-1;12;5;2;2;1;6;5;1;8;5;1;1;3;4;6;-2;4;2.39;3.2;3.39;0;1;A
11;04/11/2017;West Ham;10;2;3;5;10;19;-9;9;4;2;0;2;5;6;-1;6;6;0;3;3;5;13;-8;3;Liverpool;10;4;4;2;17;16;1;16;5;3;2;0;9;1;8;11;5;1;2;2;8;15;-7;5;5.25;4.33;1.66;1;4;A
11;05/11/2017;Chelsea;10;6;1;3;18;10;8;19;5;2;1;2;8;6;2;7;5;4;0;1;10;4;6;12;Man Utd;10;7;2;1;23;4;19;23;5;5;0;0;15;0;15;15;5;2;2;1;8;4;4;8;2.5;3.2;3.2;1;0;H
11;05/11/2017;Everton;10;2;2;6;7;20;-13;8;5;2;0;3;5;10;-5;6;5;0;2;3;2;10;-8;2;Watford;10;4;3;3;15;18;-3;15;5;1;2;2;5;11;-6;5;5;3;1;1;10;7;3;10;2.2;3.39;3.6;3;2;H
11;05/11/2017;Man City;10;9;1;0;35;6;29;28;5;4;1;0;21;3;18;13;5;5;0;0;14;3;11;15;Arsenal;10;6;1;3;19;13;6;19;5;5;0;0;13;4;9;15;5;1;1;3;6;9;-3;4;1.39;5.5;7.5;3;1;H
11;05/11/2017;Tottenham;10;6;2;2;19;7;12;20;5;2;2;1;7;4;3;8;5;4;0;1;12;3;9;12;Crystal Palace;10;1;1;8;4;21;-17;4;5;1;1;3;4;9;-5;4;5;0;0;5;0;12;-12;0;1.28;6;12;1;0;H
12;18/11/2017;Arsenal;11;6;1;4;20;16;4;19;5;5;0;0;13;4;9;15;6;1;1;4;7;12;-5;4;Tottenham;11;7;2;2;20;7;13;23;6;3;2;1;8;4;4;11;5;4;0;1;12;3;9;12;2.5;3.6;2.89;2;0;H
12;18/11/2017;Bournemouth;11;3;1;7;7;14;-7;10;5;1;1;3;3;6;-3;4;6;2;0;4;4;8;-4;6;Huddersfield;11;4;3;4;8;13;-5;15;6;3;2;1;5;6;-1;11;5;1;1;3;3;7;-4;4;1.83;3.5;5.25;4;0;H
12;18/11/2017;Burnley;11;5;4;2;10;9;1;19;5;2;2;1;3;2;1;8;6;3;2;1;7;7;0;11;Swansea;11;2;2;7;7;13;-6;8;6;1;0;5;4;10;-6;3;5;1;2;2;3;3;0;5;2.14;3.2;4;2;0;H
12;18/11/2017;Crystal Palace;11;1;1;9;4;22;-18;4;5;1;1;3;4;9;-5;4;6;0;0;6;0;13;-13;0;Everton;11;3;2;6;10;22;-12;11;6;3;0;3;8;12;-4;9;5;0;2;3;2;10;-8;2;2.39;3.25;3.29;2;2;D
12;18/11/2017;Leicester;11;3;4;4;16;16;0;13;5;2;1;2;8;6;2;7;6;1;3;2;8;10;-2;6;Man City;11;10;1;0;38;7;31;31;6;5;1;0;24;4;20;16;5;5;0;0;14;3;11;15;9.5;5.75;1.33;0;2;A
12;18/11/2017;Liverpool;11;5;4;2;21;17;4;19;5;3;2;0;9;1;8;11;6;2;2;2;12;16;-4;8;Southampton;11;3;4;4;9;11;-2;13;7;2;2;3;6;8;-2;8;4;1;2;1;3;3;0;5;1.39;5;9;3;0;H
12;18/11/2017;Man Utd;11;7;2;2;23;5;18;23;5;5;0;0;15;0;15;15;6;2;2;2;8;5;3;8;Newcastle;11;4;2;5;10;10;0;14;6;3;1;2;7;5;2;10;5;1;1;3;3;5;-2;4;1.28;5.75;13;4;1;H
12;18/11/2017;West Bromwich;11;2;4;5;9;14;-5;10;5;1;3;1;6;6;0;6;6;1;1;4;3;8;-5;4;Chelsea;11;7;1;3;19;10;9;22;6;3;1;2;9;6;3;10;5;4;0;1;10;4;6;12;6.5;4;1.61;0;4;A
12;19/11/2017;Watford;11;4;3;4;17;21;-4;15;5;1;2;2;5;11;-6;5;6;3;1;2;12;10;2;10;West Ham;11;2;3;6;11;23;-12;9;5;2;0;3;6;10;-4;6;6;0;3;3;5;13;-8;3;2.1;3.5;3.75;2;0;H
12;20/11/2017;Brighton;11;4;3;4;11;11;0;15;5;2;2;1;6;5;1;8;6;2;1;3;5;6;-1;7;Stoke;11;3;3;5;13;22;-9;12;6;2;2;2;8;11;-3;8;5;1;1;3;5;11;-6;4;2.39;3.2;3.39;2;2;D
13;24/11/2017;West Ham;12;2;3;7;11;25;-14;9;5;2;0;3;6;10;-4;6;7;0;3;4;5;15;-10;3;Leicester;12;3;4;5;16;18;-2;13;6;2;1;3;8;8;0;7;6;1;3;2;8;10;-2;6;2.7;3.39;2.75;1;1;D
13;25/11/2017;Crystal Palace;12;1;2;9;6;24;-18;5;6;1;2;3;6;11;-5;5;6;0;0;6;0;13;-13;0;Stoke;12;3;4;5;15;24;-9;13;6;2;2;2;8;11;-3;8;6;1;2;3;7;13;-6;5;2.04;3.5;4;2;1;H
13;25/11/2017;Liverpool;12;6;4;2;24;17;7;22;6;4;2;0;12;1;11;14;6;2;2;2;12;16;-4;8;Chelsea;12;8;1;3;23;10;13;25;6;3;1;2;9;6;3;10;6;5;0;1;14;4;10;15;2.14;3.6;3.5;1;1;D
13;25/11/2017;Man Utd;12;8;2;2;27;6;21;26;6;6;0;0;19;1;18;18;6;2;2;2;8;5;3;8;Brighton;12;4;4;4;13;13;0;16;6;2;3;1;8;7;1;9;6;2;1;3;5;6;-1;7;1.19;7;19;1;0;H
13;25/11/2017;Newcastle;12;4;2;6;11;14;-3;14;6;3;1;2;7;5;2;10;6;1;1;4;4;9;-5;4;Watford;12;5;3;4;19;21;-2;18;6;2;2;2;7;11;-4;8;6;3;1;2;12;10;2;10;2.2;3.5;3.5;0;3;A
13;25/11/2017;Swansea;12;2;2;8;7;15;-8;8;6;1;0;5;4;10;-6;3;6;1;2;3;3;5;-2;5;Bournemouth;12;4;1;7;11;14;-3;13;6;2;1;3;7;6;1;7;6;2;0;4;4;8;-4;6;2.79;3.25;2.79;0;0;D
13;25/11/2017;Tottenham;12;7;2;3;20;9;11;23;6;3;2;1;8;4;4;11;6;4;0;2;12;5;7;12;West Bromwich;12;2;4;6;9;18;-9;10;6;1;3;2;6;10;-4;6;6;1;1;4;3;8;-5;4;1.25;6;16;1;1;D
13;26/11/2017;Burnley;12;6;4;2;12;9;3;22;6;3;2;1;5;2;3;11;6;3;2;1;7;7;0;11;Arsenal;12;7;1;4;22;16;6;22;6;6;0;0;15;4;11;18;6;1;1;4;7;12;-5;4;6.5;4.5;1.53;0;1;A
13;26/11/2017;Huddersfield;12;4;3;5;8;17;-9;15;6;3;2;1;5;6;-1;11;6;1;1;4;3;11;-8;4;Man City;12;11;1;0;40;7;33;34;6;5;1;0;24;4;20;16;6;6;0;0;16;3;13;18;17;8;1.18;1;2;A
13;26/11/2017;Southampton;12;3;4;5;9;14;-5;13;7;2;2;3;6;8;-2;8;5;1;2;2;3;6;-3;5;Everton;12;3;3;6;12;24;-12;12;6;3;0;3;8;12;-4;9;6;0;3;3;4;12;-8;3;1.9;3.39;4.75;4;1;H
14;28/11/2017;Brighton;13;4;4;5;13;14;-1;16;6;2;3;1;8;7;1;9;7;2;1;4;5;7;-2;7;Crystal Palace;13;2;2;9;8;25;-17;8;7;2;2;3;8;12;-4;8;6;0;0;6;0;13;-13;0;2.7;3.1;3;0;0;D
14;28/11/2017;Leicester;13;3;5;5;17;19;-2;14;6;2;1;3;8;8;0;7;7;1;4;2;9;11;-2;7;Tottenham;13;7;3;3;21;10;11;24;7;3;3;1;9;5;4;12;6;4;0;2;12;5;7;12;5;3.89;1.75;2;1;H
14;28/11/2017;Watford;13;6;3;4;22;21;1;21;6;2;2;2;7;11;-4;8;7;4;1;2;15;10;5;13;Man Utd;13;9;2;2;28;6;22;29;7;7;0;0;20;1;19;21;6;2;2;2;8;5;3;8;5.25;3.89;1.72;2;4;A
14;28/11/2017;West Bromwich;13;2;5;6;10;19;-9;11;6;1;3;2;6;10;-4;6;7;1;2;4;4;9;-5;5;Newcastle;13;4;2;7;11;17;-6;14;7;3;1;3;7;8;-1;10;6;1;1;4;4;9;-5;4;2.37;3.1;3.5;2;2;D
14;29/11/2017;Arsenal;13;8;1;4;23;16;7;25;6;6;0;0;15;4;11;18;7;2;1;4;8;12;-4;7;Huddersfield;13;4;3;6;9;19;-10;15;7;3;2;2;6;8;-2;11;6;1;1;4;3;11;-8;4;1.19;7.5;17;5;0;H
14;29/11/2017;Bournemouth;13;4;2;7;11;14;-3;14;6;2;1;3;7;6;1;7;7;2;1;4;4;8;-4;7;Burnley;13;6;4;3;12;10;2;22;7;3;2;2;5;3;2;11;6;3;2;1;7;7;0;11;2;3.39;4.33;1;2;A
14;29/11/2017;Chelsea;13;8;2;3;24;11;13;26;6;3;1;2;9;6;3;10;7;5;1;1;15;5;10;16;Swansea;13;2;3;8;7;15;-8;9;7;1;1;5;4;10;-6;4;6;1;2;3;3;5;-2;5;1.18;8;17;1;0;H
14;29/11/2017;Everton;13;3;3;7;13;28;-15;12;6;3;0;3;8;12;-4;9;7;0;3;4;5;16;-11;3;West Ham;13;2;4;7;12;26;-14;10;6;2;1;3;7;11;-4;7;7;0;3;4;5;15;-10;3;2.37;3.29;3.29;4;0;H
14;29/11/2017;Man City;13;12;1;0;42;8;34;37;6;5;1;0;24;4;20;16;7;7;0;0;18;4;14;21;Southampton;13;4;4;5;13;15;-2;16;8;3;2;3;10;9;1;11;5;1;2;2;3;6;-3;5;1.19;8;15;2;1;H
14;29/11/2017;Stoke;13;3;4;6;16;26;-10;13;6;2;2;2;8;11;-3;8;7;1;2;4;8;15;-7;5;Liverpool;13;6;5;2;25;18;7;23;7;4;3;0;13;2;11;15;6;2;2;2;12;16;-4;8;6.5;4.5;1.55;0;3;A
15;02/12/2017;Arsenal;14;9;1;4;28;16;12;28;7;7;0;0;20;4;16;21;7;2;1;4;8;12;-4;7;Man Utd;14;10;2;2;32;8;24;32;7;7;0;0;20;1;19;21;7;3;2;2;12;7;5;11;2.5;3.39;3;1;3;A
15;02/12/2017;Brighton;14;4;5;5;13;14;-1;17;7;2;4;1;8;7;1;10;7;2;1;4;5;7;-2;7;Liverpool;14;7;5;2;28;18;10;26;7;4;3;0;13;2;11;15;7;3;2;2;15;16;-1;11;7.5;4.5;1.5;1;5;A
15;02/12/2017;Chelsea;14;9;2;3;25;11;14;29;7;4;1;2;10;6;4;13;7;5;1;1;15;5;10;16;Newcastle;14;4;3;7;13;19;-6;15;7;3;1;3;7;8;-1;10;7;1;2;4;6;11;-5;5;1.25;6.5;15;3;1;H
15;02/12/2017;Everton;14;4;3;7;17;28;-11;15;7;4;0;3;12;12;0;12;7;0;3;4;5;16;-11;3;Huddersfield;14;4;3;7;9;24;-15;15;7;3;2;2;6;8;-2;11;7;1;1;5;3;16;-13;4;1.72;3.79;5.5;2;0;H
15;02/12/2017;Leicester;14;4;5;5;19;20;-1;17;7;3;1;3;10;9;1;10;7;1;4;2;9;11;-2;7;Burnley;14;7;4;3;14;11;3;25;7;3;2;2;5;3;2;11;7;4;2;1;9;8;1;14;1.83;3.6;5;1;0;H
15;02/12/2017;Stoke;14;3;4;7;16;29;-13;13;7;2;2;3;8;14;-6;8;7;1;2;4;8;15;-7;5;Swansea;14;2;3;9;7;16;-9;9;7;1;1;5;4;10;-6;4;7;1;2;4;3;6;-3;5;1.95;3.39;4.5;2;1;H
15;02/12/2017;Watford;14;6;3;5;24;25;-1;21;7;2;2;3;9;15;-6;8;7;4;1;2;15;10;5;13;Tottenham;14;7;3;4;22;12;10;24;7;3;3;1;9;5;4;12;7;4;0;3;13;7;6;12;5;4;1.72;1;1;D
15;02/12/2017;West Bromwich;14;2;6;6;12;21;-9;12;7;1;4;2;8;12;-4;7;7;1;2;4;4;9;-5;5;Crystal Palace;14;2;3;9;8;25;-17;9;7;2;2;3;8;12;-4;8;7;0;1;6;0;13;-13;1;2.5;3.2;3.2;0;0;D
15;03/12/2017;Bournemouth;14;4;2;8;12;16;-4;14;7;2;1;4;8;8;0;7;7;2;1;4;4;8;-4;7;Southampton;14;4;4;6;14;17;-3;16;8;3;2;3;10;9;1;11;6;1;2;3;4;8;-4;5;2.89;3.25;2.39;1;1;D
15;03/12/2017;Man City;14;13;1;0;44;9;35;40;7;6;1;0;26;5;21;19;7;7;0;0;18;4;14;21;West Ham;14;2;4;8;12;30;-18;10;6;2;1;3;7;11;-4;7;8;0;3;5;5;19;-14;3;1.08;11;21;2;1;H
16;09/12/2017;Burnley;15;7;4;4;14;12;2;25;7;3;2;2;5;3;2;11;8;4;2;2;9;9;0;14;Watford;15;6;4;5;25;26;-1;22;8;2;3;3;10;16;-6;9;7;4;1;2;15;10;5;13;2.6;3.25;3;1;0;H
16;09/12/2017;Crystal Palace;15;2;4;9;8;25;-17;10;7;2;2;3;8;12;-4;8;8;0;2;6;0;13;-13;2;Bournemouth;15;4;3;8;13;17;-4;15;8;2;2;4;9;9;0;8;7;2;1;4;4;8;-4;7;2.04;3.5;4;2;2;D
16;09/12/2017;Huddersfield;15;4;3;8;9;26;-17;15;7;3;2;2;6;8;-2;11;8;1;1;6;3;18;-15;4;Brighton;15;4;5;6;14;19;-5;17;8;2;4;2;9;12;-3;10;7;2;1;4;5;7;-2;7;2.7;3.1;3;2;0;H
16;09/12/2017;Newcastle;15;4;3;8;14;22;-8;15;7;3;1;3;7;8;-1;10;8;1;2;5;7;14;-7;5;Leicester;15;5;5;5;20;20;0;20;8;4;1;3;11;9;2;13;7;1;4;2;9;11;-2;7;2.62;3.29;2.89;2;3;A
16;09/12/2017;Swansea;15;2;3;10;8;18;-10;9;7;1;1;5;4;10;-6;4;8;1;2;5;4;8;-4;5;West Bromwich;15;2;7;6;12;21;-9;13;8;1;5;2;8;12;-4;8;7;1;2;4;4;9;-5;5;2.7;3.1;3;1;0;H
16;09/12/2017;Tottenham;15;7;4;4;23;13;10;25;7;3;3;1;9;5;4;12;8;4;1;3;14;8;6;13;Stoke;15;4;4;7;18;30;-12;16;8;3;2;3;10;15;-5;11;7;1;2;4;8;15;-7;5;1.28;6.5;11;5;1;H
16;09/12/2017;West Ham;15;2;4;9;13;32;-19;10;6;2;1;3;7;11;-4;7;9;0;3;6;6;21;-15;3;Chelsea;15;10;2;3;28;12;16;32;8;5;1;2;13;7;6;16;7;5;1;1;15;5;10;16;7.5;4.5;1.5;1;0;H
16;10/12/2017;Liverpool;15;8;5;2;33;19;14;29;7;4;3;0;13;2;11;15;8;4;2;2;20;17;3;14;Everton;15;5;3;7;19;28;-9;18;8;5;0;3;14;12;2;15;7;0;3;4;5;16;-11;3;1.3;6;11;1;1;D
16;10/12/2017;Man Utd;15;11;2;2;35;9;26;35;7;7;0;0;20;1;19;21;8;4;2;2;15;8;7;14;Man City;15;14;1;0;46;10;36;43;8;7;1;0;28;6;22;22;7;7;0;0;18;4;14;21;3.39;3.5;2.25;1;2;A
16;10/12/2017;Southampton;15;4;5;6;15;18;-3;17;8;3;2;3;10;9;1;11;7;1;3;3;5;9;-4;6;Arsenal;15;9;1;5;29;19;10;28;8;7;0;1;21;7;14;21;7;2;1;4;8;12;-4;7;4;3.75;1.95;1;1;D
17;12/12/2017;Burnley;16;8;4;4;15;12;3;28;8;4;2;2;6;3;3;14;8;4;2;2;9;9;0;14;Stoke;16;4;4;8;19;35;-16;16;8;3;2;3;10;15;-5;11;8;1;2;5;9;20;-11;5;2.29;3.2;3.6;1;0;H
17;12/12/2017;Crystal Palace;16;2;5;9;10;27;-17;11;8;2;3;3;10;14;-4;9;8;0;2;6;0;13;-13;2;Watford;16;6;4;6;25;27;-2;22;8;2;3;3;10;16;-6;9;8;4;1;3;15;11;4;13;2.29;3.5;3.25;2;1;H
17;12/12/2017;Huddersfield;16;5;3;8;11;26;-15;18;8;4;2;2;8;8;0;14;8;1;1;6;3;18;-15;4;Chelsea;16;10;2;4;28;13;15;32;8;5;1;2;13;7;6;16;8;5;1;2;15;6;9;16;9;4.5;1.44;1;3;A
17;13/12/2017;Liverpool;16;8;6;2;34;20;14;30;8;4;4;0;14;3;11;16;8;4;2;2;20;17;3;14;West Bromwich;16;2;7;7;12;22;-10;13;8;1;5;2;8;12;-4;8;8;1;2;5;4;10;-6;5;1.22;7;15;0;0;D
17;13/12/2017;Man Utd;16;11;2;3;36;11;25;35;8;7;0;1;21;3;18;21;8;4;2;2;15;8;7;14;Bournemouth;16;4;4;8;15;19;-4;16;8;2;2;4;9;9;0;8;8;2;2;4;6;10;-4;8;1.28;6;12;1;0;H
17;13/12/2017;Newcastle;16;4;3;9;16;25;-9;15;8;3;1;4;9;11;-2;10;8;1;2;5;7;14;-7;5;Everton;16;5;4;7;20;29;-9;19;8;5;0;3;14;12;2;15;8;0;4;4;6;17;-11;4;2.39;3.29;3.25;0;1;A
17;13/12/2017;Southampton;16;4;6;6;16;19;-3;18;9;3;3;3;11;10;1;12;7;1;3;3;5;9;-4;6;Leicester;16;6;5;5;23;22;1;23;8;4;1;3;11;9;2;13;8;2;4;2;12;13;-1;10;2.1;3.39;3.89;1;4;A
17;13/12/2017;Swansea;16;3;3;10;9;18;-9;12;8;2;1;5;5;10;-5;7;8;1;2;5;4;8;-4;5;Man City;16;15;1;0;48;11;37;46;8;7;1;0;28;6;22;22;8;8;0;0;20;5;15;24;15;6.5;1.25;0;4;A
17;13/12/2017;Tottenham;16;8;4;4;28;14;14;28;8;4;3;1;14;6;8;15;8;4;1;3;14;8;6;13;Brighton;16;4;5;7;14;21;-7;17;8;2;4;2;9;12;-3;10;8;2;1;5;5;9;-4;7;1.25;6.5;15;2;0;H
17;13/12/2017;West Ham;16;3;4;9;14;32;-18;13;7;3;1;3;8;11;-3;10;9;0;3;6;6;21;-15;3;Arsenal;16;9;2;5;30;20;10;29;8;7;0;1;21;7;14;21;8;2;2;4;9;13;-4;8;5.25;4.2;1.66;0;0;D
18;16/12/2017;Arsenal;17;9;3;5;30;20;10;30;8;7;0;1;21;7;14;21;9;2;3;4;9;13;-4;9;Newcastle;17;4;3;10;16;26;-10;15;9;3;1;5;9;12;-3;10;8;1;2;5;7;14;-7;5;1.25;6.5;14;1;0;H
18;16/12/2017;Brighton;17;4;5;8;14;23;-9;17;8;2;4;2;9;12;-3;10;9;2;1;6;5;11;-6;7;Burnley;17;9;4;4;16;12;4;31;9;5;2;2;7;3;4;17;8;4;2;2;9;9;0;14;2.62;3;3.2;0;0;D
18;16/12/2017;Chelsea;17;11;2;4;31;14;17;35;8;5;1;2;13;7;6;16;9;6;1;2;18;7;11;19;Southampton;17;4;6;7;17;23;-6;18;10;3;3;4;12;14;-2;12;7;1;3;3;5;9;-4;6;1.39;5;9;1;0;H
18;16/12/2017;Leicester;17;7;5;5;27;23;4;26;8;4;1;3;11;9;2;13;9;3;4;2;16;14;2;13;Crystal Palace;17;3;5;9;12;28;-16;14;9;3;3;3;12;15;-3;12;8;0;2;6;0;13;-13;2;1.89;3.6;4.5;0;3;A
18;16/12/2017;Man City;17;16;1;0;52;11;41;49;8;7;1;0;28;6;22;22;9;9;0;0;24;5;19;27;Tottenham;17;9;4;4;30;14;16;31;9;5;3;1;16;6;10;18;8;4;1;3;14;8;6;13;1.55;4.59;6;4;1;H
18;16/12/2017;Stoke;17;4;4;9;19;36;-17;16;8;3;2;3;10;15;-5;11;9;1;2;6;9;21;-12;5;West Ham;17;3;5;9;14;32;-18;14;8;3;2;3;8;11;-3;11;9;0;3;6;6;21;-15;3;2.29;3.29;3.5;0;3;A
18;16/12/2017;Watford;17;6;4;7;26;29;-3;22;8;2;3;3;10;16;-6;9;9;4;1;4;16;13;3;13;Huddersfield;17;5;3;9;12;29;-17;18;9;4;2;3;9;11;-2;14;8;1;1;6;3;18;-15;4;1.8;3.75;5;1;4;A
18;17/12/2017;Bournemouth;17;4;4;9;15;20;-5;16;8;2;2;4;9;9;0;8;9;2;2;5;6;11;-5;8;Liverpool;17;8;7;2;34;20;14;31;9;4;5;0;14;3;11;17;8;4;2;2;20;17;3;14;6.5;4.5;1.53;0;4;A
18;17/12/2017;West Bromwich;17;2;8;7;12;22;-10;14;8;1;5;2;8;12;-4;8;9;1;3;5;4;10;-6;6;Man Utd;17;12;2;3;37;11;26;38;9;8;0;1;22;3;19;24;8;4;2;2;15;8;7;14;6.5;4;1.6;1;2;A
18;18/12/2017;Everton;17;6;4;7;21;29;-8;22;8;5;0;3;14;12;2;15;9;1;4;4;7;17;-10;7;Swansea;17;3;3;11;9;22;-13;12;9;2;1;6;5;14;-9;7;8;1;2;5;4;8;-4;5;1.72;3.75;5.5;3;1;H
19;22/12/2017;Arsenal;18;10;3;5;31;20;11;33;9;8;0;1;22;7;15;24;9;2;3;4;9;13;-4;9;Liverpool;18;9;7;2;38;20;18;34;9;4;5;0;14;3;11;17;9;5;2;2;24;17;7;17;2.54;3.6;2.79;3;3;D
19;23/12/2017;Brighton;18;4;6;8;14;23;-9;18;9;2;5;2;9;12;-3;11;9;2;1;6;5;11;-6;7;Watford;18;6;4;8;27;33;-6;22;9;2;3;4;11;20;-9;9;9;4;1;4;16;13;3;13;2.62;3.2;3;1;0;H
19;23/12/2017;Burnley;18;9;5;4;16;12;4;32;9;5;2;2;7;3;4;17;9;4;3;2;9;9;0;15;Tottenham;18;9;4;5;31;18;13;31;9;5;3;1;16;6;10;18;9;4;1;4;15;12;3;13;7;4.2;1.55;0;3;A
19;23/12/2017;Everton;18;7;4;7;24;30;-6;25;9;6;0;3;17;13;4;18;9;1;4;4;7;17;-10;7;Chelsea;18;12;2;4;32;14;18;38;9;6;1;2;14;7;7;19;9;6;1;2;18;7;11;19;6;3.89;1.66;0;0;D
19;23/12/2017;Leicester;18;7;5;6;27;26;1;26;9;4;1;4;11;12;-1;13;9;3;4;2;16;14;2;13;Man Utd;18;13;2;3;39;12;27;41;9;8;0;1;22;3;19;24;9;5;2;2;17;9;8;17;4.5;3.6;1.9;2;2;D
19;23/12/2017;Man City;18;17;1;0;56;12;44;52;9;8;1;0;32;7;25;25;9;9;0;0;24;5;19;27;Bournemouth;18;4;4;10;15;24;-9;16;9;2;2;5;9;13;-4;8;9;2;2;5;6;11;-5;8;1.12;11;23;4;0;H
19;23/12/2017;Southampton;18;4;6;8;17;24;-7;18;10;3;3;4;12;14;-2;12;8;1;3;4;5;10;-5;6;Huddersfield;18;6;3;9;16;30;-14;21;9;4;2;3;9;11;-2;14;9;2;1;6;7;19;-12;7;1.61;3.89;6.5;1;1;D
19;23/12/2017;Stoke;18;4;4;10;19;39;-20;16;9;3;2;4;10;18;-8;11;9;1;2;6;9;21;-12;5;West Bromwich;18;2;8;8;13;24;-11;14;9;1;5;3;9;14;-5;8;9;1;3;5;4;10;-6;6;2.29;3.25;3.5;3;1;H
19;23/12/2017;Swansea;18;3;3;12;10;25;-15;12;9;2;1;6;5;14;-9;7;9;1;2;6;5;11;-6;5;Crystal Palace;18;4;5;9;15;28;-13;17;9;3;3;3;12;15;-3;12;9;1;2;6;3;13;-10;5;3.29;3.2;2.45;1;1;D
19;23/12/2017;West Ham;18;4;5;9;17;32;-15;17;8;3;2;3;8;11;-3;11;10;1;3;6;9;21;-12;6;Newcastle;18;4;3;11;16;27;-11;15;9;3;1;5;9;12;-3;10;9;1;2;6;7;15;-8;5;2.1;3.39;3.89;2;3;A
20;26/12/2017;Bournemouth;19;4;4;11;15;28;-13;16;9;2;2;5;9;13;-4;8;10;2;2;6;6;15;-9;8;West Ham;19;4;5;10;19;35;-16;17;9;3;2;4;10;14;-4;11;10;1;3;6;9;21;-12;6;2.79;3.29;2.75;3;3;D
20;26/12/2017;Chelsea;19;12;3;4;32;14;18;39;9;6;1;2;14;7;7;19;10;6;2;2;18;7;11;20;Brighton;19;5;6;8;15;23;-8;21;10;3;5;2;10;12;-2;14;9;2;1;6;5;11;-6;7;1.19;7.5;17;2;0;H
20;26/12/2017;Huddersfield;19;6;4;9;17;31;-14;22;9;4;2;3;9;11;-2;14;10;2;2;6;8;20;-12;8;Stoke;19;5;4;10;22;40;-18;19;10;4;2;4;13;19;-6;14;9;1;2;6;9;21;-12;5;2.5;3.2;3.2;1;1;D
20;26/12/2017;Liverpool;19;9;8;2;41;23;18;35;9;4;5;0;14;3;11;17;10;5;3;2;27;20;7;18;Swansea;19;3;4;12;11;26;-15;13;10;2;2;6;6;15;-9;8;9;1;2;6;5;11;-6;5;1.16;9;19;5;0;H
20;26/12/2017;Man Utd;19;13;3;3;41;14;27;42;9;8;0;1;22;3;19;24;10;5;3;2;19;11;8;18;Burnley;19;9;5;5;16;15;1;32;10;5;2;3;7;6;1;17;9;4;3;2;9;9;0;15;1.25;6.5;15;2;2;D
20;26/12/2017;Tottenham;19;10;4;5;34;18;16;34;9;5;3;1;16;6;10;18;10;5;1;4;18;12;6;16;Southampton;19;4;7;8;18;25;-7;19;11;3;4;4;13;15;-2;13;8;1;3;4;5;10;-5;6;1.36;5.25;10;5;2;H
20;26/12/2017;Watford;19;6;4;9;27;34;-7;22;9;2;3;4;11;20;-9;9;10;4;1;5;16;14;2;13;Leicester;19;7;6;6;29;28;1;27;10;4;2;4;13;14;-1;14;9;3;4;2;16;14;2;13;2.54;3.5;2.87;2;1;H
20;26/12/2017;West Bromwich;19;2;8;9;14;27;-13;14;9;1;5;3;9;14;-5;8;10;1;3;6;5;13;-8;6;Everton;19;7;5;7;24;30;-6;26;10;6;1;3;17;13;4;19;9;1;4;4;7;17;-10;7;2.54;3.2;3.1;0;0;D
20;27/12/2017;Newcastle;19;5;3;11;19;29;-10;18;9;3;1;5;9;12;-3;10;10;2;2;6;10;17;-7;8;Man City;19;18;1;0;60;12;48;55;10;9;1;0;36;7;29;28;9;9;0;0;24;5;19;27;13;6.75;1.25;0;1;A
20;28/12/2017;Crystal Palace;19;4;6;9;16;29;-13;18;9;3;3;3;12;15;-3;12;10;1;3;6;4;14;-10;6;Arsenal;19;10;4;5;34;23;11;34;10;8;1;1;25;10;15;25;9;2;3;4;9;13;-4;9;4.5;4;1.8;2;3;A
21;30/12/2017;Bournemouth;20;4;5;11;18;31;-13;17;10;2;3;5;12;16;-4;9;10;2;2;6;6;15;-9;8;Everton;20;7;6;7;24;30;-6;27;10;6;1;3;17;13;4;19;10;1;5;4;7;17;-10;8;2.37;3.29;3.29;2;1;H
21;30/12/2017;Chelsea;20;13;3;4;34;14;20;42;10;7;1;2;16;7;9;22;10;6;2;2;18;7;11;20;Stoke;20;5;5;10;23;41;-18;20;10;4;2;4;13;19;-6;14;10;1;3;6;10;22;-12;6;1.16;8.5;19;5;0;H
21;30/12/2017;Huddersfield;20;6;5;9;18;32;-14;23;10;4;3;3;10;12;-2;15;10;2;2;6;8;20;-12;8;Burnley;20;9;6;5;18;17;1;33;10;5;2;3;7;6;1;17;10;4;4;2;11;11;0;16;2.37;3.1;3.5;0;0;D
21;30/12/2017;Liverpool;20;10;8;2;46;23;23;38;10;5;5;0;19;3;16;20;10;5;3;2;27;20;7;18;Leicester;20;7;6;7;30;30;0;27;10;4;2;4;13;14;-1;14;10;3;4;3;17;16;1;13;1.3;6;11;2;1;H
21;30/12/2017;Man Utd;20;13;4;3;43;16;27;43;10;8;1;1;24;5;19;25;10;5;3;2;19;11;8;18;Southampton;20;4;7;9;20;30;-10;19;11;3;4;4;13;15;-2;13;9;1;3;5;7;15;-8;6;1.36;5.5;9;0;0;D
21;30/12/2017;Newcastle;20;5;3;12;19;30;-11;18;10;3;1;6;9;13;-4;10;10;2;2;6;10;17;-7;8;Brighton;20;5;6;9;15;25;-10;21;10;3;5;2;10;12;-2;14;10;2;1;7;5;13;-8;7;2.14;3.2;4;0;0;D
21;30/12/2017;Watford;20;7;4;9;29;35;-6;25;10;3;3;4;13;21;-8;12;10;4;1;5;16;14;2;13;Swansea;20;3;4;13;11;31;-20;13;10;2;2;6;6;15;-9;8;10;1;2;7;5;16;-11;5;1.66;3.79;6;1;2;A
21;31/12/2017;Crystal Palace;20;4;6;10;18;32;-14;18;10;3;3;4;14;18;-4;12;10;1;3;6;4;14;-10;6;Man City;20;19;1;0;61;12;49;58;10;9;1;0;36;7;29;28;10;10;0;0;25;5;20;30;11;6.5;1.28;0;0;D
21;31/12/2017;West Bromwich;20;2;9;9;14;27;-13;15;10;1;6;3;9;14;-5;9;10;1;3;6;5;13;-8;6;Arsenal;20;11;4;5;37;25;12;37;10;8;1;1;25;10;15;25;10;3;3;4;12;15;-3;12;5;4;1.72;1;1;D
22;01/01/2018;Brighton;21;5;7;9;15;25;-10;22;10;3;5;2;10;12;-2;14;11;2;2;7;5;13;-8;8;Bournemouth;21;5;5;11;20;32;-12;20;11;3;3;5;14;17;-3;12;10;2;2;6;6;15;-9;8;2.37;3.2;3.39;2;2;D
22;01/01/2018;Burnley;21;9;7;5;18;17;1;34;10;5;2;3;7;6;1;17;11;4;5;2;11;11;0;17;Liverpool;21;11;8;2;48;24;24;41;11;6;5;0;21;4;17;23;10;5;3;2;27;20;7;18;7.5;4.5;1.5;1;2;A
22;01/01/2018;Everton;21;7;6;8;25;32;-7;27;10;6;1;3;17;13;4;19;11;1;5;5;8;19;-11;8;Man Utd;21;13;5;3;43;16;27;44;11;8;2;1;24;5;19;26;10;5;3;2;19;11;8;18;5.5;3.5;1.8;0;2;A
22;01/01/2018;Leicester;21;7;6;8;31;32;-1;27;10;4;2;4;13;14;-1;14;11;3;4;4;18;18;0;13;Huddersfield;21;6;6;9;18;32;-14;24;11;4;4;3;10;12;-2;16;10;2;2;6;8;20;-12;8;1.66;3.79;6;3;0;H
22;01/01/2018;Stoke;21;5;5;11;23;46;-23;20;10;4;2;4;13;19;-6;14;11;1;3;7;10;27;-17;6;Newcastle;21;5;4;12;19;30;-11;19;11;3;2;6;9;13;-4;11;10;2;2;6;10;17;-7;8;2.29;3.29;3.5;0;1;A
22;02/01/2018;Man City;21;19;2;0;61;12;49;59;10;9;1;0;36;7;29;28;11;10;1;0;25;5;20;31;Watford;21;7;4;10;30;37;-7;25;11;3;3;5;14;23;-9;12;10;4;1;5;16;14;2;13;1.12;8.5;19;3;1;H
22;02/01/2018;Southampton;21;4;8;9;20;30;-10;20;11;3;4;4;13;15;-2;13;10;1;4;5;7;15;-8;7;Crystal Palace;21;4;7;10;18;32;-14;19;11;3;4;4;14;18;-4;13;10;1;3;6;4;14;-10;6;1.9;3.39;4;1;2;A
22;02/01/2018;Swansea;21;4;4;13;13;32;-19;16;10;2;2;6;6;15;-9;8;11;2;2;7;7;17;-10;8;Tottenham;21;11;5;5;40;21;19;38;11;6;4;1;22;9;13;22;10;5;1;4;18;12;6;16;12;4.75;1.3;0;2;A
22;02/01/2018;West Ham;21;4;7;10;23;39;-16;19;9;3;2;4;10;14;-4;11;12;1;5;6;13;25;-12;8;West Bromwich;21;2;10;9;15;28;-13;16;11;1;7;3;10;15;-5;10;10;1;3;6;5;13;-8;6;1.9;3.39;4.09;2;1;H
22;03/01/2018;Arsenal;21;11;5;5;38;26;12;38;10;8;1;1;25;10;15;25;11;3;4;4;13;16;-3;13;Chelsea;21;14;3;4;39;14;25;45;11;8;1;2;21;7;14;25;10;6;2;2;18;7;11;20;2.6;3.39;2.6;2;2;D
23;13/01/2018;Chelsea;22;14;4;4;41;16;25;46;11;8;1;2;21;7;14;25;11;6;3;2;20;9;11;21;Leicester;22;8;6;8;34;32;2;30;11;5;2;4;16;14;2;17;11;3;4;4;18;18;0;13;1.3;5.75;12;0;0;D
23;13/01/2018;Crystal Palace;22;5;7;10;20;33;-13;22;11;3;4;4;14;18;-4;13;11;2;3;6;6;15;-9;9;Burnley;22;9;7;6;19;19;0;34;11;5;2;4;8;8;0;17;11;4;5;2;11;11;0;17;2;3.29;4.5;1;0;H
23;13/01/2018;Huddersfield;22;6;6;10;18;35;-17;24;11;4;4;3;10;12;-2;16;11;2;2;7;8;23;-15;8;West Ham;22;5;7;10;25;40;-15;22;10;4;2;4;12;15;-3;14;12;1;5;6;13;25;-12;8;2.62;3.1;3.1;1;4;A
23;13/01/2018;Newcastle;22;6;4;12;20;30;-10;22;11;3;2;6;9;13;-4;11;11;3;2;6;11;17;-6;11;Swansea;22;4;4;14;13;34;-21;16;11;2;2;7;6;17;-11;8;11;2;2;7;7;17;-10;8;1.95;3.39;4.5;1;1;D
23;13/01/2018;Tottenham;22;12;5;5;42;21;21;41;11;6;4;1;22;9;13;22;11;6;1;4;20;12;8;19;Everton;22;7;6;9;25;34;-9;27;11;6;1;4;17;15;2;19;11;1;5;5;8;19;-11;8;1.28;6;13;4;0;H
23;13/01/2018;Watford;22;7;4;11;31;40;-9;25;11;3;3;5;14;23;-9;12;11;4;1;6;17;17;0;13;Southampton;22;4;8;10;21;32;-11;20;12;3;4;5;14;17;-3;13;10;1;4;5;7;15;-8;7;2.5;3.39;3;2;2;D
23;13/01/2018;West Bromwich;22;2;10;10;16;30;-14;16;11;1;7;3;10;15;-5;10;11;1;3;7;6;15;-9;6;Brighton;22;5;8;9;17;27;-10;23;11;3;6;2;12;14;-2;15;11;2;2;7;5;13;-8;8;2.14;3;4.33;2;0;H
23;14/01/2018;Bournemouth;22;5;6;11;22;34;-12;21;11;3;3;5;14;17;-3;12;11;2;3;6;8;17;-9;9;Arsenal;22;11;6;5;40;28;12;39;11;8;2;1;27;12;15;26;11;3;4;4;13;16;-3;13;4.75;4.2;1.75;2;1;H
23;14/01/2018;Liverpool;22;12;8;2;50;25;25;44;11;6;5;0;21;4;17;23;11;6;3;2;29;21;8;21;Man City;22;20;2;0;64;13;51;62;11;10;1;0;39;8;31;31;11;10;1;0;25;5;20;31;3.1;3.75;2.29;4;3;H
23;15/01/2018;Man Utd;22;14;5;3;45;16;29;47;11;8;2;1;24;5;19;26;11;6;3;2;21;11;10;21;Stoke;22;5;5;12;23;47;-24;20;11;4;2;5;13;20;-7;14;11;1;3;7;10;27;-17;6;1.22;7;15;3;0;H
24;20/01/2018;Arsenal;23;11;6;6;41;30;11;39;11;8;2;1;27;12;15;26;12;3;4;5;14;18;-4;13;Crystal Palace;23;6;7;10;21;33;-12;25;12;4;4;4;15;18;-3;16;11;2;3;6;6;15;-9;9;1.5;4.75;7;4;1;H
24;20/01/2018;Brighton;23;5;8;10;17;29;-12;23;11;3;6;2;12;14;-2;15;12;2;2;8;5;15;-10;8;Chelsea;23;14;5;4;41;16;25;47;12;8;2;2;21;7;14;26;11;6;3;2;20;9;11;21;6.5;3.89;1.61;0;4;A
24;20/01/2018;Burnley;23;9;7;7;19;20;-1;34;11;5;2;4;8;8;0;17;12;4;5;3;11;12;-1;17;Man Utd;23;15;5;3;48;16;32;50;12;9;2;1;27;5;22;29;11;6;3;2;21;11;10;21;7.5;3.89;1.57;0;1;A
24;20/01/2018;Everton;23;7;6;10;25;38;-13;27;11;6;1;4;17;15;2;19;12;1;5;6;8;23;-15;8;West Bromwich;23;3;10;10;18;30;-12;19;12;2;7;3;12;15;-3;13;11;1;3;7;6;15;-9;6;2.14;3.2;4;1;1;D
24;20/01/2018;Leicester;23;8;7;8;34;32;2;31;11;5;2;4;16;14;2;17;12;3;5;4;18;18;0;14;Watford;23;7;5;11;33;42;-9;26;12;3;4;5;16;25;-9;13;11;4;1;6;17;17;0;13;1.85;3.89;4.33;2;0;H
24;20/01/2018;Man City;23;20;2;1;67;17;50;62;11;10;1;0;39;8;31;31;12;10;1;1;28;9;19;31;Newcastle;23;6;5;12;21;31;-10;23;12;3;3;6;10;14;-4;12;11;3;2;6;11;17;-6;11;1.12;10;26;3;1;H
24;20/01/2018;Stoke;23;5;5;13;23;50;-27;20;11;4;2;5;13;20;-7;14;12;1;3;8;10;30;-20;6;Huddersfield;23;6;6;11;19;39;-20;24;12;4;4;4;11;16;-5;16;11;2;2;7;8;23;-15;8;2.04;3.39;4.09;2;0;H
24;20/01/2018;West Ham;23;6;7;10;29;41;-12;25;10;4;2;4;12;15;-3;14;13;2;5;6;17;26;-9;11;Bournemouth;23;6;6;11;24;35;-11;24;12;4;3;5;16;18;-2;15;11;2;3;6;8;17;-9;9;2;3.6;4;1;1;D
24;21/01/2018;Southampton;23;4;9;10;23;34;-11;21;12;3;4;5;14;17;-3;13;11;1;5;5;9;17;-8;8;Tottenham;23;13;5;5;46;21;25;44;12;7;4;1;26;9;17;25;11;6;1;4;20;12;8;19;5.75;4.09;1.64;1;1;D
24;22/01/2018;Swansea;23;4;5;14;14;35;-21;17;11;2;2;7;6;17;-11;8;12;2;3;7;8;18;-10;9;Liverpool;23;13;8;2;54;28;26;47;12;7;5;0;25;7;18;26;11;6;3;2;29;21;8;21;12;5.75;1.3;1;0;H
25;30/01/2018;Huddersfield;24;6;6;12;19;41;-22;24;12;4;4;4;11;16;-5;16;12;2;2;8;8;25;-17;8;Liverpool;24;13;8;3;54;29;25;47;12;7;5;0;25;7;18;26;12;6;3;3;29;22;7;21;12;5.75;1.3;0;3;A
25;30/01/2018;Swansea;24;5;5;14;15;35;-20;20;12;3;2;7;7;17;-10;11;12;2;3;7;8;18;-10;9;Arsenal;24;12;6;6;45;31;14;42;12;9;2;1;31;13;18;29;12;3;4;5;14;18;-4;13;7;4.59;1.5;3;1;H
25;30/01/2018;West Ham;24;6;8;10;30;42;-12;26;11;4;3;4;13;16;-3;15;13;2;5;6;17;26;-9;11;Crystal Palace;24;6;7;11;22;37;-15;25;12;4;4;4;15;18;-3;16;12;2;3;7;7;19;-12;9;3.1;3.25;2.54;1;1;D
25;31/01/2018;Chelsea;24;15;5;4;45;16;29;50;12;8;2;2;21;7;14;26;12;7;3;2;24;9;15;24;Bournemouth;24;6;7;11;25;36;-11;25;12;4;3;5;16;18;-2;15;12;2;4;6;9;18;-9;10;1.28;6.5;11;0;3;A
25;31/01/2018;Everton;24;7;7;10;26;39;-13;28;12;6;2;4;18;16;2;20;12;1;5;6;8;23;-15;8;Leicester;24;9;7;8;36;32;4;34;12;6;2;4;18;14;4;20;12;3;5;4;18;18;0;14;3;3.2;2.62;2;1;H
25;31/01/2018;Man City;24;21;2;1;70;18;52;65;12;11;1;0;42;9;33;34;12;10;1;1;28;9;19;31;West Bromwich;24;3;11;10;19;31;-12;20;12;2;7;3;12;15;-3;13;12;1;4;7;7;16;-9;7;1.14;10;21;3;0;H
25;31/01/2018;Newcastle;24;6;5;13;22;34;-12;23;12;3;3;6;10;14;-4;12;12;3;2;7;12;20;-8;11;Burnley;24;9;7;8;19;21;-2;34;12;5;2;5;8;9;-1;17;12;4;5;3;11;12;-1;17;2.2;3.2;3.89;1;1;D
25;31/01/2018;Southampton;24;4;10;10;24;35;-11;22;13;3;5;5;15;18;-3;14;11;1;5;5;9;17;-8;8;Brighton;24;5;8;11;17;33;-16;23;12;3;6;3;12;18;-6;15;12;2;2;8;5;15;-10;8;1.75;3.5;6;1;1;D
25;31/01/2018;Stoke;24;6;5;13;25;50;-25;23;12;5;2;5;15;20;-5;17;12;1;3;8;10;30;-20;6;Watford;24;7;5;12;33;44;-11;26;12;3;4;5;16;25;-9;13;12;4;1;7;17;19;-2;13;2.25;3.5;3.39;0;0;D
25;31/01/2018;Tottenham;24;13;6;5;47;22;25;45;12;7;4;1;26;9;17;25;12;6;2;4;21;13;8;20;Man Utd;24;16;5;3;49;16;33;53;12;9;2;1;27;5;22;29;12;7;3;2;22;11;11;24;2.35;3.29;3.39;2;0;H
26;03/02/2018;Arsenal;25;12;6;7;46;34;12;42;12;9;2;1;31;13;18;29;13;3;4;6;15;21;-6;13;Everton;25;8;7;10;28;40;-12;31;13;7;2;4;20;17;3;23;12;1;5;6;8;23;-15;8;1.3;5.75;12;5;1;H
26;03/02/2018;Bournemouth;25;7;7;11;28;36;-8;28;12;4;3;5;16;18;-2;15;13;3;4;6;12;18;-6;13;Stoke;25;6;6;13;25;50;-25;24;13;5;3;5;15;20;-5;18;12;1;3;8;10;30;-20;6;1.9;3.7;4.33;2;1;H
26;03/02/2018;Brighton;25;5;9;11;18;34;-16;24;12;3;6;3;12;18;-6;15;13;2;3;8;6;16;-10;9;West Ham;25;6;9;10;31;43;-12;27;12;4;4;4;14;17;-3;16;13;2;5;6;17;26;-9;11;2.35;3;3.7;3;1;H
26;03/02/2018;Burnley;25;9;8;8;20;22;-2;35;12;5;2;5;8;9;-1;17;13;4;6;3;12;13;-1;18;Man City;25;22;2;1;73;18;55;68;13;12;1;0;45;9;36;37;12;10;1;1;28;9;19;31;13;6;1.28;1;1;D
26;03/02/2018;Leicester;25;9;7;9;37;34;3;34;12;6;2;4;18;14;4;20;13;3;5;5;19;20;-1;14;Swansea;25;6;5;14;18;36;-18;23;13;4;2;7;10;18;-8;14;12;2;3;7;8;18;-10;9;1.8;3.6;5.25;1;1;D
26;03/02/2018;Man Utd;25;16;5;4;49;18;31;53;12;9;2;1;27;5;22;29;13;7;3;3;22;13;9;24;Huddersfield;25;6;6;13;19;44;-25;24;13;4;4;5;11;19;-8;16;12;2;2;8;8;25;-17;8;1.16;8.5;19;2;0;H
26;03/02/2018;West Bromwich;25;3;11;11;19;34;-15;20;12;2;7;3;12;15;-3;13;13;1;4;8;7;19;-12;7;Southampton;25;4;11;10;25;36;-11;23;14;3;6;5;16;19;-3;15;11;1;5;5;9;17;-8;8;2.54;3.2;3.1;2;3;A
26;04/02/2018;Crystal Palace;25;6;8;11;23;38;-15;26;12;4;4;4;15;18;-3;16;13;2;4;7;8;20;-12;10;Newcastle;25;6;6;13;23;35;-12;24;13;3;4;6;11;15;-4;13;12;3;2;7;12;20;-8;11;2.04;3.39;4.2;1;1;D
26;04/02/2018;Liverpool;25;14;8;3;57;29;28;50;12;7;5;0;25;7;18;26;13;7;3;3;32;22;10;24;Tottenham;25;14;6;5;49;22;27;48;13;8;4;1;28;9;19;28;12;6;2;4;21;13;8;20;2.1;3.75;3.6;2;2;D
26;05/02/2018;Watford;25;7;6;12;33;44;-11;27;12;3;4;5;16;25;-9;13;13;4;2;7;17;19;-2;14;Chelsea;25;15;5;5;45;19;26;50;13;8;2;3;21;10;11;26;12;7;3;2;24;9;15;24;6.25;4;1.61;4;1;H
27;10/02/2018;Everton;26;8;7;11;29;45;-16;31;13;7;2;4;20;17;3;23;13;1;5;7;9;28;-19;8;Crystal Palace;26;6;9;11;24;39;-15;27;13;4;5;4;16;19;-3;17;13;2;4;7;8;20;-12;10;2.25;3.25;3.2;3;1;H
27;10/02/2018;Man City;26;22;3;1;74;19;55;69;13;12;1;0;45;9;36;37;13;10;2;1;29;10;19;32;Leicester;26;9;8;9;38;35;3;35;13;6;3;4;19;15;4;21;13;3;5;5;19;20;-1;14;1.19;6.5;13;5;1;H
27;10/02/2018;Stoke;26;6;6;14;26;52;-26;24;13;5;3;5;15;20;-5;18;13;1;3;9;11;32;-21;6;Brighton;26;6;9;11;21;35;-14;27;13;4;6;3;15;19;-4;18;13;2;3;8;6;16;-10;9;2.2;3.2;3.39;1;1;D
27;10/02/2018;Swansea;26;6;6;14;19;37;-18;24;13;4;2;7;10;18;-8;14;13;2;4;7;9;19;-10;10;Burnley;26;9;9;8;21;23;-2;36;13;5;3;5;9;10;-1;18;13;4;6;3;12;13;-1;18;2.37;3;3.25;1;0;H
27;10/02/2018;Tottenham;26;14;7;5;51;24;27;49;13;8;4;1;28;9;19;28;13;6;3;4;23;15;8;21;Arsenal;26;13;6;7;51;35;16;45;13;10;2;1;36;14;22;32;13;3;4;6;15;21;-6;13;2;3.6;3.5;1;0;H
27;10/02/2018;West Ham;26;6;9;11;32;46;-14;27;12;4;4;4;14;17;-3;16;14;2;5;7;18;29;-11;11;Watford;26;8;6;12;37;45;-8;30;13;4;4;5;20;26;-6;16;13;4;2;7;17;19;-2;14;2.5;3.29;2.79;2;0;H
27;11/02/2018;Huddersfield;26;6;6;14;19;46;-27;24;13;4;4;5;11;19;-8;16;13;2;2;9;8;27;-19;8;Bournemouth;26;8;7;11;30;37;-7;31;13;5;3;5;18;19;-1;18;13;3;4;6;12;18;-6;13;3.25;3.2;2.25;4;1;H
27;11/02/2018;Newcastle;26;6;7;13;24;36;-12;25;13;3;4;6;11;15;-4;13;13;3;3;7;13;21;-8;12;Man Utd;26;17;5;4;51;18;33;56;13;10;2;1;29;5;24;32;13;7;3;3;22;13;9;24;5.5;3.75;1.61;1;0;H
27;11/02/2018;Southampton;26;5;11;10;28;38;-10;26;14;3;6;5;16;19;-3;15;12;2;5;5;12;19;-7;11;Liverpool;26;14;9;3;59;31;28;51;13;7;6;0;27;9;18;27;13;7;3;3;32;22;10;24;4.2;3.79;1.8;0;2;A
27;12/02/2018;Chelsea;26;15;5;6;46;23;23;50;13;8;2;3;21;10;11;26;13;7;3;3;25;13;12;24;West Bromwich;26;3;11;12;21;37;-16;20;13;2;7;4;14;18;-4;13;13;1;4;8;7;19;-12;7;1.36;4.75;8;3;0;H
28;24/02/2018;Bournemouth;27;8;7;12;31;41;-10;31;13;5;3;5;18;19;-1;18;14;3;4;7;13;22;-9;13;Newcastle;27;7;7;13;25;36;-11;28;14;4;4;6;12;15;-3;16;13;3;3;7;13;21;-8;12;2.1;3.5;3.79;2;2;D
28;24/02/2018;Brighton;27;6;10;11;22;36;-14;28;13;4;6;3;15;19;-4;18;14;2;4;8;7;17;-10;10;Swansea;27;7;6;14;20;37;-17;27;14;5;2;7;11;18;-7;17;13;2;4;7;9;19;-10;10;2.14;3.25;4;4;1;H
28;24/02/2018;Burnley;27;9;9;9;21;24;-3;36;13;5;3;5;9;10;-1;18;14;4;6;4;12;14;-2;18;Southampton;27;5;11;11;28;40;-12;26;15;3;6;6;16;21;-5;15;12;2;5;5;12;19;-7;11;2.89;3.1;2.79;1;1;D
28;24/02/2018;Leicester;27;9;8;10;39;40;-1;35;13;6;3;4;19;15;4;21;14;3;5;6;20;25;-5;14;Stoke;27;6;7;14;27;53;-26;25;14;5;4;5;16;21;-5;19;13;1;3;9;11;32;-21;6;1.72;3.89;5.25;1;1;D
28;24/02/2018;Liverpool;27;15;9;3;61;31;30;54;13;7;6;0;27;9;18;27;14;8;3;3;34;22;12;27;West Ham;27;7;9;11;34;46;-12;30;13;5;4;4;16;17;-1;19;14;2;5;7;18;29;-11;11;1.22;7.5;13;4;1;H
28;24/02/2018;Watford;27;8;6;13;37;47;-10;30;13;4;4;5;20;26;-6;16;14;4;2;8;17;21;-4;14;Everton;27;9;7;11;32;46;-14;34;14;8;2;4;23;18;5;26;13;1;5;7;9;28;-19;8;2.25;3.39;3.5;1;0;H
28;24/02/2018;West Bromwich;27;3;11;13;21;40;-19;20;13;2;7;4;14;18;-4;13;14;1;4;9;7;22;-15;7;Huddersfield;27;7;6;14;23;47;-24;27;14;5;4;5;15;20;-5;19;13;2;2;9;8;27;-19;8;1.95;3.29;4.75;1;2;A
28;25/02/2018;Crystal Palace;27;6;9;12;25;42;-17;27;13;4;5;4;16;19;-3;17;14;2;4;8;9;23;-14;10;Tottenham;27;15;7;5;52;24;28;52;14;9;4;1;29;9;20;31;13;6;3;4;23;15;8;21;7.5;4.5;1.5;0;1;A
28;25/02/2018;Man Utd;27;17;5;5;51;19;32;56;13;10;2;1;29;5;24;32;14;7;3;4;22;14;8;24;Chelsea;27;16;5;6;49;23;26;53;14;9;2;3;24;10;14;29;13;7;3;3;25;13;12;24;2.29;3.25;3.5;2;1;H
29;03/03/2018;Burnley;28;9;10;9;22;25;-3;37;14;5;4;5;10;11;-1;19;14;4;6;4;12;14;-2;18;Everton;28;9;7;12;32;47;-15;34;14;8;2;4;23;18;5;26;14;1;5;8;9;29;-20;8;2.5;3.1;3.29;2;1;H
29;03/03/2018;Leicester;28;9;9;10;40;41;-1;36;14;6;4;4;20;16;4;22;14;3;5;6;20;25;-5;14;Bournemouth;28;8;8;12;33;43;-10;32;14;5;4;5;20;21;-1;19;14;3;4;7;13;22;-9;13;1.85;3.75;4.5;1;1;D
29;03/03/2018;Liverpool;28;16;9;3;65;32;33;57;14;8;6;0;31;10;21;30;14;8;3;3;34;22;12;27;Newcastle;28;7;8;13;27;38;-11;29;14;4;4;6;12;15;-3;16;14;3;4;7;15;23;-8;13;1.22;7;15;2;0;H
29;03/03/2018;Southampton;28;5;12;11;29;41;-12;27;15;3;6;6;16;21;-5;15;13;2;6;5;13;20;-7;12;Stoke;28;6;8;14;28;54;-26;26;14;5;4;5;16;21;-5;19;14;1;4;9;12;33;-21;7;1.75;3.75;5.25;0;0;D
29;03/03/2018;Swansea;28;7;6;15;21;41;-20;27;14;5;2;7;11;18;-7;17;14;2;4;8;10;23;-13;10;West Ham;28;7;9;12;35;50;-15;30;13;5;4;4;16;17;-1;19;15;2;5;8;19;33;-14;11;2.6;3.25;3;4;1;H
29;03/03/2018;Tottenham;28;16;7;5;53;24;29;55;14;9;4;1;29;9;20;31;14;7;3;4;24;15;9;24;Huddersfield;28;8;6;14;25;48;-23;30;14;5;4;5;15;20;-5;19;14;3;2;9;10;28;-18;11;1.19;7.5;17;2;0;H
29;03/03/2018;Watford;28;9;6;13;38;47;-9;33;14;5;4;5;21;26;-5;19;14;4;2;8;17;21;-4;14;West Bromwich;28;3;11;14;22;42;-20;20;14;2;7;5;15;20;-5;13;14;1;4;9;7;22;-15;7;2.14;3.29;3.89;1;0;H
29;04/03/2018;Brighton;28;7;10;11;26;37;-11;31;14;5;6;3;19;20;-1;21;14;2;4;8;7;17;-10;10;Arsenal;28;13;6;9;51;39;12;45;14;10;2;2;36;17;19;32;14;3;4;7;15;22;-7;13;4.2;3.79;1.9;2;1;H
29;04/03/2018;Man City;28;24;3;1;82;20;62;75;14;13;1;0;50;10;40;40;14;11;2;1;32;10;22;35;Chelsea;28;16;5;7;50;25;25;53;14;9;2;3;24;10;14;29;14;7;3;4;26;15;11;24;1.61;4.2;6;1;0;H
29;05/03/2018;Crystal Palace;28;6;9;13;25;43;-18;27;14;4;5;5;16;20;-4;17;14;2;4;8;9;23;-14;10;Man Utd;28;18;5;5;53;20;33;59;14;11;2;1;31;6;25;35;14;7;3;4;22;14;8;24;7;4;1.57;2;3;A
30;10/03/2018;Chelsea;29;16;5;8;50;26;24;53;14;9;2;3;24;10;14;29;15;7;3;5;26;16;10;24;Crystal Palace;29;6;9;14;27;46;-19;27;15;4;5;6;18;23;-5;17;14;2;4;8;9;23;-14;10;1.3;5.75;12;2;1;H
30;10/03/2018;Everton;29;9;7;13;33;49;-16;34;14;8;2;4;23;18;5;26;15;1;5;9;10;31;-21;8;Brighton;29;8;10;11;28;38;-10;34;15;6;6;3;21;21;0;24;14;2;4;8;7;17;-10;10;2.2;3.2;3.89;2;0;H
30;10/03/2018;Huddersfield;29;8;6;15;25;50;-25;30;14;5;4;5;15;20;-5;19;15;3;2;10;10;30;-20;11;Swansea;29;8;6;15;25;42;-17;30;15;6;2;7;15;19;-4;20;14;2;4;8;10;23;-13;10;2.54;3.1;3.2;0;0;D
30;10/03/2018;Man Utd;29;19;5;5;56;22;34;62;14;11;2;1;31;6;25;35;15;8;3;4;25;16;9;27;Liverpool;29;17;9;3;67;32;35;60;15;9;6;0;33;10;23;33;14;8;3;3;34;22;12;27;2.75;3.39;2.75;2;1;H
30;10/03/2018;Newcastle;29;7;8;14;27;40;-13;29;14;4;4;6;12;15;-3;16;15;3;4;8;15;25;-10;13;Southampton;29;5;13;11;29;41;-12;28;16;3;7;6;16;21;-5;16;13;2;6;5;13;20;-7;12;2.79;3.2;2.79;3;0;H
30;10/03/2018;West Bromwich;29;3;11;15;22;43;-21;20;14;2;7;5;15;20;-5;13;15;1;4;10;7;23;-16;7;Leicester;29;9;10;10;41;42;-1;37;15;6;5;4;21;17;4;23;14;3;5;6;20;25;-5;14;3;3.25;2.6;1;4;A
30;10/03/2018;West Ham;29;7;9;13;36;54;-18;30;13;5;4;4;16;17;-1;19;16;2;5;9;20;37;-17;11;Burnley;29;10;10;9;24;26;-2;40;15;6;4;5;12;12;0;22;14;4;6;4;12;14;-2;18;2.29;3.2;3.6;0;3;A
30;11/03/2018;Arsenal;29;13;6;10;52;41;11;45;14;10;2;2;36;17;19;32;15;3;4;8;16;24;-8;13;Watford;29;10;6;13;39;47;-8;36;15;6;4;5;22;26;-4;22;14;4;2;8;17;21;-4;14;1.44;5;7.5;3;0;H
30;11/03/2018;Bournemouth;29;8;9;12;34;44;-10;33;14;5;4;5;20;21;-1;19;15;3;5;7;14;23;-9;14;Tottenham;29;17;7;5;55;24;31;58;15;10;4;1;31;9;22;34;14;7;3;4;24;15;9;24;6.5;4.5;1.55;1;4;A
30;12/03/2018;Stoke;29;6;9;14;28;54;-26;27;14;5;4;5;16;21;-5;19;15;1;5;9;12;33;-21;8;Man City;29;25;3;1;83;20;63;78;15;14;1;0;51;10;41;43;14;11;2;1;32;10;22;35;15;6.5;1.25;0;2;A
31;17/03/2018;Bournemouth;30;8;9;13;35;48;-13;33;15;5;4;6;21;25;-4;19;15;3;5;7;14;23;-9;14;West Bromwich;30;3;11;16;23;47;-24;20;15;2;7;6;16;24;-8;13;15;1;4;10;7;23;-16;7;1.83;3.6;5;2;1;H
31;17/03/2018;Huddersfield;30;8;7;15;25;50;-25;31;15;5;5;5;15;20;-5;20;15;3;2;10;10;30;-20;11;Crystal Palace;30;6;9;15;28;48;-20;27;15;4;5;6;18;23;-5;17;15;2;4;9;10;25;-15;10;3;3.1;2.7;0;2;A
31;17/03/2018;Liverpool;30;17;9;4;68;34;34;60;15;9;6;0;33;10;23;33;15;8;3;4;35;24;11;27;Watford;30;10;6;14;39;50;-11;36;15;6;4;5;22;26;-4;22;15;4;2;9;17;24;-7;14;1.19;8;15;5;0;H
31;17/03/2018;Stoke;30;6;9;15;28;56;-28;27;15;5;4;6;16;23;-7;19;15;1;5;9;12;33;-21;8;Everton;30;10;7;13;35;49;-14;37;15;9;2;4;25;18;7;29;15;1;5;9;10;31;-21;8;2.5;3.29;3.1;1;2;A
32;31/03/2018;Brighton;31;8;10;13;29;43;-14;34;15;6;6;3;21;21;0;24;16;2;4;10;8;22;-14;10;Leicester;31;11;10;10;48;44;4;43;16;7;5;4;24;18;6;26;15;4;5;6;24;26;-2;17;2.7;3.2;2.62;0;2;A
32;31/03/2018;Crystal Palace;31;7;9;15;30;48;-18;30;15;4;5;6;18;23;-5;17;16;3;4;9;12;25;-13;13;Liverpool;31;18;9;4;73;34;39;63;16;10;6;0;38;10;28;36;15;8;3;4;35;24;11;27;7;4.33;1.44;1;2;A
32;31/03/2018;Everton;31;11;7;13;37;50;-13;40;15;9;2;4;25;18;7;29;16;2;5;9;12;32;-20;11;Man City;31;27;3;1;88;21;67;84;16;15;1;0;54;11;43;46;15;12;2;1;34;10;24;38;9;5;1.33;1;3;A
32;31/03/2018;Man Utd;31;20;6;5;58;23;35;66;15;12;2;1;33;7;26;38;16;8;4;4;25;16;9;28;Swansea;31;8;7;16;25;43;-18;31;16;6;2;8;15;20;-5;20;15;2;5;8;10;23;-13;11;1.25;6;10;2;0;H
32;31/03/2018;Newcastle;31;8;8;15;30;41;-11;32;15;5;4;6;15;15;0;19;16;3;4;9;15;26;-11;13;Huddersfield;31;8;7;16;25;52;-27;31;16;5;5;6;15;22;-7;20;15;3;2;10;10;30;-20;11;1.75;3.39;5;1;0;H
32;31/03/2018;Watford;31;10;6;15;39;55;-16;36;15;6;4;5;22;26;-4;22;16;4;2;10;17;29;-12;14;Bournemouth;31;9;9;13;37;49;-12;36;16;6;4;6;23;26;-3;22;15;3;5;7;14;23;-9;14;2.29;3.29;3.1;2;2;D
32;31/03/2018;West Bromwich;31;3;11;17;24;49;-25;20;15;2;7;6;16;24;-8;13;16;1;4;11;8;25;-17;7;Burnley;31;11;10;10;28;28;0;43;16;6;4;6;13;14;-1;22;15;5;6;4;15;14;1;21;2.5;3;3.1;1;2;A
32;31/03/2018;West Ham;31;7;10;14;36;57;-21;31;15;5;5;5;16;20;-4;20;16;2;5;9;20;37;-17;11;Southampton;31;6;13;12;30;44;-14;31;16;3;7;6;16;21;-5;16;15;3;6;6;14;23;-9;15;2.7;3.25;2.6;3;0;H
32;01/04/2018;Arsenal;31;14;6;11;56;44;12;48;15;11;2;2;39;17;22;35;16;3;4;9;17;27;-10;13;Stoke;31;6;9;16;29;58;-29;27;16;5;4;7;17;25;-8;19;15;1;5;9;12;33;-21;8;1.28;5.5;10;3;0;H
32;01/04/2018;Chelsea;31;18;5;8;54;28;26;59;15;10;2;3;26;11;15;32;16;8;3;5;28;17;11;27;Tottenham;31;19;7;5;60;25;35;64;16;11;4;1;32;9;23;37;15;8;3;4;28;16;12;27;2.29;3.29;3.1;1;3;A
33;07/04/2018;Bournemouth;32;9;10;13;39;51;-12;37;16;6;4;6;23;26;-3;22;16;3;6;7;16;25;-9;15;Crystal Palace;32;7;9;16;31;50;-19;30;16;4;5;7;19;25;-6;17;16;3;4;9;12;25;-13;13;2.5;3.39;3;2;2;D
33;07/04/2018;Brighton;32;8;10;14;29;45;-16;34;16;6;6;4;21;23;-2;24;16;2;4;10;8;22;-14;10;Huddersfield;32;8;7;17;25;53;-28;31;16;5;5;6;15;22;-7;20;16;3;2;11;10;31;-21;11;1.85;3.5;5;1;1;D
33;07/04/2018;Everton;32;11;7;14;38;53;-15;40;16;9;2;5;26;21;5;29;16;2;5;9;12;32;-20;11;Liverpool;32;19;9;4;75;35;40;66;16;10;6;0;38;10;28;36;16;9;3;4;37;25;12;30;4.2;3.75;1.9;0;0;D
33;07/04/2018;Leicester;32;12;10;10;50;44;6;46;16;7;5;4;24;18;6;26;16;5;5;6;26;26;0;20;Newcastle;32;9;8;15;31;41;-10;35;16;6;4;6;16;15;1;22;16;3;4;9;15;26;-11;13;1.95;3.6;4.2;1;2;A
33;07/04/2018;Man City;32;28;3;1;91;22;69;87;16;15;1;0;54;11;43;46;16;13;2;1;37;11;26;41;Man Utd;32;21;6;5;60;23;37;69;16;13;2;1;35;7;28;41;16;8;4;4;25;16;9;28;1.89;3.79;4.2;2;3;A
33;07/04/2018;Stoke;32;6;9;17;29;61;-32;27;16;5;4;7;17;25;-8;19;16;1;5;10;12;36;-24;8;Tottenham;32;20;7;5;63;26;37;67;16;11;4;1;32;9;23;37;16;9;3;4;31;17;14;30;11;5.5;1.33;1;2;A
33;07/04/2018;Watford;32;10;7;15;41;57;-16;37;16;6;5;5;24;28;-4;23;16;4;2;10;17;29;-12;14;Burnley;32;12;10;10;30;29;1;46;16;6;4;6;13;14;-1;22;16;6;6;4;17;15;2;24;2.39;3.2;3.39;1;2;A
33;07/04/2018;West Bromwich;32;3;11;18;25;51;-26;20;16;2;7;7;17;26;-9;13;16;1;4;11;8;25;-17;7;Swansea;32;8;7;17;25;45;-20;31;16;6;2;8;15;20;-5;20;16;2;5;9;10;25;-15;11;2.37;3.2;3.39;1;1;D
33;08/04/2018;Arsenal;32;15;6;11;59;44;15;51;16;12;2;2;42;17;25;38;16;3;4;9;17;27;-10;13;Southampton;32;6;13;13;30;47;-17;31;16;3;7;6;16;21;-5;16;16;3;6;7;14;26;-12;15;1.57;4.5;6;3;2;H
33;08/04/2018;Chelsea;32;18;5;9;55;31;24;59;16;10;2;4;27;14;13;32;16;8;3;5;28;17;11;27;West Ham;32;8;10;14;39;57;-18;34;16;6;5;5;19;20;-1;23;16;2;5;9;20;37;-17;11;1.28;6;12;1;1;D
34;14/04/2018;Burnley;33;13;10;10;32;30;2;49;16;6;4;6;13;14;-1;22;17;7;6;4;19;16;3;27;Leicester;33;12;10;11;51;46;5;46;17;7;5;5;25;20;5;26;16;5;5;6;26;26;0;20;2.62;3.2;3;2;1;H
34;14/04/2018;Crystal Palace;33;7;10;16;33;52;-19;31;16;4;5;7;19;25;-6;17;17;3;5;9;14;27;-13;14;Brighton;33;8;11;14;30;46;-16;35;17;6;7;4;22;24;-2;25;16;2;4;10;8;22;-14;10;1.9;3.5;4.75;3;2;H
34;14/04/2018;Huddersfield;33;8;8;17;26;54;-28;32;16;5;5;6;15;22;-7;20;17;3;3;11;11;32;-21;12;Watford;33;10;7;16;42;59;-17;37;17;6;5;6;25;30;-5;23;16;4;2;10;17;29;-12;14;2.62;3.25;3;1;0;H
34;14/04/2018;Liverpool;33;19;10;4;75;35;40;67;16;10;6;0;38;10;28;36;17;9;4;4;37;25;12;31;Bournemouth;33;9;11;13;41;53;-12;38;17;6;5;6;25;28;-3;23;16;3;6;7;16;25;-9;15;1.25;7;12;3;0;H
34;14/04/2018;Southampton;33;6;13;14;32;50;-18;31;16;3;7;6;16;21;-5;16;17;3;6;8;16;29;-13;15;Chelsea;33;18;6;9;56;32;24;60;17;10;3;4;28;15;13;33;16;8;3;5;28;17;11;27;4.5;3.75;1.85;2;3;A
34;14/04/2018;Swansea;33;8;8;17;26;46;-20;32;16;6;2;8;15;20;-5;20;17;2;6;9;11;26;-15;12;Everton;33;11;8;14;38;53;-15;41;17;9;3;5;26;21;5;30;16;2;5;9;12;32;-20;11;2.54;3.25;3.1;1;1;D
34;14/04/2018;Tottenham;33;21;7;5;65;27;38;70;16;11;4;1;32;9;23;37;17;10;3;4;33;18;15;33;Man City;33;28;3;2;93;25;68;87;17;15;1;1;56;14;42;46;16;13;2;1;37;11;26;41;2.62;3.6;2.7;1;3;A
34;15/04/2018;Man Utd;33;22;6;5;63;25;38;72;16;13;2;1;35;7;28;41;17;9;4;4;28;18;10;31;West Bromwich;33;3;12;18;26;52;-26;21;17;2;8;7;18;27;-9;14;16;1;4;11;8;25;-17;7;1.18;8;19;0;1;A
34;15/04/2018;Newcastle;33;10;8;15;33;42;-9;38;16;6;4;6;16;15;1;22;17;4;4;9;17;27;-10;16;Arsenal;33;16;6;11;62;46;16;54;17;13;2;2;45;19;26;41;16;3;4;9;17;27;-10;13;3.29;3.6;2.25;2;1;H
34;16/04/2018;West Ham;33;8;11;14;40;58;-18;35;16;6;5;5;19;20;-1;23;17;2;6;9;21;38;-17;12;Stoke;33;6;9;18;30;63;-33;27;17;5;4;8;18;27;-9;19;16;1;5;10;12;36;-24;8;2;3.6;4;1;1;D
35;17/04/2018;Brighton;34;8;11;15;32;49;-17;35;17;6;7;4;22;24;-2;25;17;2;4;11;10;25;-15;10;Tottenham;34;21;7;6;66;30;36;70;17;11;4;2;33;12;21;37;17;10;3;4;33;18;15;33;6.5;4.33;1.55;1;1;D
35;18/04/2018;Bournemouth;34;9;11;14;41;56;-15;38;17;6;5;6;25;28;-3;23;17;3;6;8;16;28;-12;15;Man Utd;34;22;6;6;63;26;37;72;17;13;2;2;35;8;27;41;17;9;4;4;28;18;10;31;5;3.89;1.75;0;2;A
35;19/04/2018;Leicester;34;12;10;12;52;48;4;46;17;7;5;5;25;20;5;26;17;5;5;7;27;28;-1;20;Southampton;34;6;13;15;34;53;-19;31;17;3;7;7;18;24;-6;16;17;3;6;8;16;29;-13;15;2.25;3.29;3.2;0;0;D
35;21/04/2018;Watford;34;10;7;17;42;60;-18;37;17;6;5;6;25;30;-5;23;17;4;2;11;17;30;-13;14;Crystal Palace;34;8;10;16;36;54;-18;34;17;5;5;7;22;27;-5;20;17;3;5;9;14;27;-13;14;2.89;3.39;2.54;0;0;D
35;21/04/2018;West Bromwich;34;4;12;18;27;52;-25;24;17;2;8;7;18;27;-9;14;17;2;4;11;9;25;-16;10;Liverpool;34;20;10;4;78;35;43;70;17;11;6;0;41;10;31;39;17;9;4;4;37;25;12;31;7.5;4.5;1.5;2;2;D
35;22/04/2018;Arsenal;34;16;6;12;63;48;15;54;17;13;2;2;45;19;26;41;17;3;4;10;18;29;-11;13;West Ham;34;8;12;14;41;59;-18;36;17;6;6;5;20;21;-1;24;17;2;6;9;21;38;-17;12;1.55;4.59;6;4;1;H
35;22/04/2018;Man City;34;29;3;2;96;26;70;90;17;15;1;1;56;14;42;46;17;14;2;1;40;12;28;44;Swansea;34;8;9;17;27;47;-20;33;17;6;3;8;16;21;-5;21;17;2;6;9;11;26;-15;12;1.14;9;23;5;0;H
35;22/04/2018;Stoke;34;6;10;18;31;64;-33;28;17;5;4;8;18;27;-9;19;17;1;6;10;13;37;-24;9;Burnley;34;14;10;10;34;31;3;52;17;7;4;6;15;15;0;25;17;7;6;4;19;16;3;27;2.29;3.29;3.5;1;1;D
35;23/04/2018;Everton;34;11;9;14;39;54;-15;42;17;9;3;5;26;21;5;30;17;2;6;9;13;33;-20;12;Newcastle;34;11;8;15;35;43;-8;41;17;7;4;6;18;16;2;25;17;4;4;9;17;27;-10;16;2.29;3.39;3.39;1;0;H
36;28/04/2018;Burnley;35;14;11;10;35;32;3;53;17;7;4;6;15;15;0;25;18;7;7;4;20;17;3;28;Brighton;35;8;12;15;33;50;-17;36;18;6;8;4;23;25;-2;26;17;2;4;11;10;25;-15;10;2.25;3.2;3.7;0;0;D
36;28/04/2018;Crystal Palace;35;8;11;16;36;54;-18;35;17;5;5;7;22;27;-5;20;18;3;6;9;14;27;-13;15;Leicester;35;12;11;12;52;48;4;47;18;7;6;5;25;20;5;27;17;5;5;7;27;28;-1;20;2.04;3.6;3.79;5;0;H
36;28/04/2018;Huddersfield;35;9;9;17;28;55;-27;36;17;6;5;6;16;22;-6;23;18;3;4;11;12;33;-21;13;Everton;35;12;9;14;40;54;-14;45;18;10;3;5;27;21;6;33;17;2;6;9;13;33;-20;12;2.62;3.1;3.1;0;2;A
36;28/04/2018;Liverpool;35;20;11;4;80;37;43;71;17;11;6;0;41;10;31;39;18;9;5;4;39;27;12;32;Stoke;35;6;11;18;32;65;-33;29;18;5;5;8;19;28;-9;20;17;1;6;10;13;37;-24;9;1.33;5.75;10;0;0;D
36;28/04/2018;Newcastle;35;11;8;16;35;44;-9;41;17;7;4;6;18;16;2;25;18;4;4;10;17;28;-11;16;West Bromwich;35;4;13;18;29;54;-25;25;18;2;9;7;20;29;-9;15;17;2;4;11;9;25;-16;10;1.85;3.6;4.75;0;1;A
36;28/04/2018;Southampton;35;6;14;15;34;53;-19;32;17;3;7;7;18;24;-6;16;18;3;7;8;16;29;-13;16;Bournemouth;35;9;11;15;41;58;-17;38;18;6;5;7;25;30;-5;23;17;3;6;8;16;28;-12;15;1.72;4;5;2;1;H
36;28/04/2018;Swansea;35;8;9;18;27;52;-25;33;17;6;3;8;16;21;-5;21;18;2;6;10;11;31;-20;12;Chelsea;35;19;7;9;60;35;25;64;18;10;4;4;29;16;13;34;17;9;3;5;31;19;12;30;7;4.33;1.53;0;1;A
36;29/04/2018;Man Utd;35;23;6;6;65;26;39;75;17;13;2;2;35;8;27;41;18;10;4;4;30;18;12;34;Arsenal;35;17;6;12;67;49;18;57;18;14;2;2;49;20;29;44;17;3;4;10;18;29;-11;13;1.44;4.75;8;2;1;H
36;29/04/2018;West Ham;35;8;12;15;42;63;-21;36;17;6;6;5;20;21;-1;24;18;2;6;10;22;42;-20;12;Man City;35;30;3;2;101;26;75;93;18;16;1;1;61;14;47;49;17;14;2;1;40;12;28;44;10;5.75;1.33;1;4;A
36;30/04/2018;Tottenham;35;21;8;6;67;31;36;71;17;11;4;2;33;12;21;37;18;10;4;4;34;19;15;34;Watford;35;10;8;17;42;60;-18;38;18;6;6;6;25;30;-5;24;17;4;2;11;17;30;-13;14;1.16;8.5;21;2;0;H
37;04/05/2018;Brighton;36;8;13;15;33;50;-17;37;18;6;8;4;23;25;-2;26;18;2;5;11;10;25;-15;11;Man Utd;36;24;6;6;67;27;40;78;18;14;2;2;37;9;28;44;18;10;4;4;30;18;12;34;4.75;3.6;1.85;1;0;H
37;05/05/2018;Bournemouth;36;9;11;16;42;60;-18;38;18;6;5;7;25;30;-5;23;18;3;6;9;17;30;-13;15;Swansea;36;8;9;19;27;53;-26;33;18;6;3;9;16;22;-6;21;18;2;6;10;11;31;-20;12;2.1;3.6;3.7;1;0;H
37;05/05/2018;Everton;36;13;9;14;42;54;-12;48;18;10;3;5;27;21;6;33;18;3;6;9;15;33;-18;15;Southampton;36;7;14;15;36;54;-18;35;18;4;7;7;20;25;-5;19;18;3;7;8;16;29;-13;16;2.89;3.29;2.62;1;1;D
37;05/05/2018;Leicester;36;12;11;13;52;53;-1;47;18;7;6;5;25;20;5;27;18;5;5;8;27;33;-6;20;West Ham;36;8;12;16;43;67;-24;36;18;6;6;6;21;25;-4;24;18;2;6;10;22;42;-20;12;2.25;3.5;3.39;0;2;A
37;05/05/2018;Stoke;36;6;12;18;32;65;-33;30;18;5;5;8;19;28;-9;20;18;1;7;10;13;37;-24;10;Crystal Palace;36;9;11;16;41;54;-13;38;18;6;5;7;27;27;0;23;18;3;6;9;14;27;-13;15;2.7;3.39;2.79;1;2;A
37;05/05/2018;Watford;36;10;8;18;42;62;-20;38;18;6;6;6;25;30;-5;24;18;4;2;12;17;32;-15;14;Newcastle;36;11;8;17;35;45;-10;41;18;7;4;7;18;17;1;25;18;4;4;10;17;28;-11;16;2.37;3.39;3.2;2;1;H
37;05/05/2018;West Bromwich;36;5;13;18;30;54;-24;28;18;2;9;7;20;29;-9;15;18;3;4;11;10;25;-15;13;Tottenham;36;22;8;6;69;31;38;74;18;12;4;2;35;12;23;40;18;10;4;4;34;19;15;34;8;4.75;1.44;1;0;H
37;06/05/2018;Arsenal;36;17;6;13;68;51;17;57;18;14;2;2;49;20;29;44;18;3;4;11;19;31;-12;13;Burnley;36;14;12;10;35;32;3;54;18;7;5;6;15;15;0;26;18;7;7;4;20;17;3;28;1.57;4.2;6.5;5;0;H
37;06/05/2018;Chelsea;36;20;7;9;61;35;26;67;18;10;4;4;29;16;13;34;18;10;3;5;32;19;13;33;Liverpool;36;20;12;4;80;37;43;72;18;11;7;0;41;10;31;40;18;9;5;4;39;27;12;32;2.25;3.6;3.29;1;0;H
37;06/05/2018;Man City;36;31;3;2;105;27;78;96;18;16;1;1;61;14;47;49;18;15;2;1;44;13;31;47;Huddersfield;36;9;9;18;28;57;-29;36;18;6;5;7;16;24;-8;23;18;3;4;11;12;33;-21;13;1.08;13;34;0;0;D
38;13/05/2018;Burnley;37;14;12;11;35;37;-2;54;18;7;5;6;15;15;0;26;19;7;7;5;20;22;-2;28;Bournemouth;37;10;11;16;43;60;-17;41;19;7;5;7;26;30;-4;26;18;3;6;9;17;30;-13;15;2.14;3.5;3.6;1;2;A
38;13/05/2018;Crystal Palace;37;10;11;16;43;55;-12;41;18;6;5;7;27;27;0;23;19;4;6;9;16;28;-12;18;West Bromwich;37;6;13;18;31;54;-23;31;19;3;9;7;21;29;-8;18;18;3;4;11;10;25;-15;13;1.8;3.79;4.75;2;0;H
38;13/05/2018;Huddersfield;37;9;10;18;28;57;-29;37;18;6;5;7;16;24;-8;23;19;3;5;11;12;33;-21;14;Arsenal;37;18;6;13;73;51;22;60;19;15;2;2;54;20;34;47;18;3;4;11;19;31;-12;13;6;4.33;1.6;0;1;A
38;13/05/2018;Liverpool;37;20;12;5;80;38;42;72;18;11;7;0;41;10;31;40;19;9;5;5;39;28;11;32;Brighton;37;9;13;15;34;50;-16;40;19;7;8;4;24;25;-1;29;18;2;5;11;10;25;-15;11;1.19;8;15;4;0;H
38;13/05/2018;Man Utd;37;24;6;7;67;28;39;78;18;14;2;2;37;9;28;44;19;10;4;5;30;19;11;34;Watford;37;11;8;18;44;63;-19;41;19;7;6;6;27;31;-4;27;18;4;2;12;17;32;-15;14;1.39;5.25;8.5;1;0;H
38;13/05/2018;Newcastle;37;11;8;18;36;47;-11;41;18;7;4;7;18;17;1;25;19;4;4;11;18;30;-12;16;Chelsea;37;21;7;9;62;35;27;70;19;11;4;4;30;16;14;37;18;10;3;5;32;19;13;33;6.5;4.2;1.6;3;0;H
38;13/05/2018;Southampton;37;7;15;15;37;55;-18;36;18;4;7;7;20;25;-5;19;19;3;8;8;17;30;-13;17;Man City;37;31;4;2;105;27;78;97;19;16;2;1;61;14;47;50;18;15;2;1;44;13;31;47;9;5;1.39;0;1;A
38;13/05/2018;Swansea;37;8;9;20;27;54;-27;33;18;6;3;9;16;22;-6;21;19;2;6;11;11;32;-21;12;Stoke;37;6;12;19;33;67;-34;30;19;5;5;9;20;30;-10;20;18;1;7;10;13;37;-24;10;1.9;3.79;4.2;1;2;A
38;13/05/2018;Tottenham;37;22;8;7;69;32;37;74;18;12;4;2;35;12;23;40;19;10;4;5;34;20;14;34;Leicester;37;12;11;14;52;55;-3;47;19;7;6;6;25;22;3;27;18;5;5;8;27;33;-6;20;1.33;6;9;5;4;H
38;13/05/2018;West Ham;37;9;12;16;45;67;-22;39;18;6;6;6;21;25;-4;24;19;3;6;10;24;42;-18;15;Everton;37;13;10;14;43;55;-12;49;19;10;4;5;28;22;6;34;18;3;6;9;15;33;-18;15;2.45;3.5;3;3;1;H
11;05/11/2016;Bournemouth;10;3;3;4;12;14;-2;12;5;3;1;1;9;4;5;10;5;0;2;3;3;10;-7;2;Sunderland;10;0;2;8;7;20;-13;2;5;0;1;4;5;13;-8;1;5;0;1;4;2;7;-5;1;1.65;4.2;5.5;1;2;A
11;05/11/2016;Burnley;10;3;2;5;8;13;-5;11;6;3;1;2;7;4;3;10;4;0;1;3;1;9;-8;1;Crystal Palace;10;3;2;5;14;16;-2;11;5;1;1;3;7;8;-1;4;5;2;1;2;7;8;-1;7;3.3;3.3;2.38;3;2;H
11;05/11/2016;Chelsea;10;7;1;2;21;9;12;22;5;4;0;1;13;3;10;12;5;3;1;1;8;6;2;10;Everton;10;5;3;2;15;8;7;18;5;3;2;0;8;3;5;11;5;2;1;2;7;5;2;7;1.53;4.33;7;5;0;H
11;05/11/2016;Man City;10;7;2;1;24;9;15;23;5;3;2;0;11;4;7;11;5;4;0;1;13;5;8;12;Middlesbrough;10;2;4;4;9;11;-2;10;5;1;1;3;5;6;-1;4;5;1;3;1;4;5;-1;6;1.22;7;15;1;1;D
11;05/11/2016;West Ham;10;3;1;6;10;19;-9;10;5;2;1;2;5;8;-3;7;5;1;0;4;5;11;-6;3;Stoke;10;3;3;4;12;17;-5;12;5;2;1;2;7;10;-3;7;5;1;2;2;5;7;-2;5;2;3.6;4;1;1;D
11;06/11/2016;Arsenal;10;7;2;1;23;10;13;23;5;3;1;1;11;7;4;10;5;4;1;0;12;3;9;13;Tottenham;10;5;5;0;14;5;9;20;5;3;2;0;6;2;4;11;5;2;3;0;8;3;5;9;1.95;3.6;4.2;1;1;D
11;06/11/2016;Hull;10;2;1;7;8;23;-15;7;5;1;0;4;3;10;-7;3;5;1;1;3;5;13;-8;4;Southampton;10;3;4;3;11;10;1;13;5;2;2;1;6;5;1;8;5;1;2;2;5;5;0;5;5.75;3.8;1.7;2;1;H
11;06/11/2016;Leicester;10;3;3;4;12;16;-4;12;5;3;2;0;8;2;6;11;5;0;1;4;4;14;-10;1;West Bromwich;10;2;4;4;10;14;-4;10;5;1;2;2;6;9;-3;5;5;1;2;2;4;5;-1;5;1.8;3.6;5.25;1;2;A
11;06/11/2016;Liverpool;10;7;2;1;24;13;11;23;4;3;1;0;11;3;8;10;6;4;1;1;13;10;3;13;Watford;10;4;3;3;14;13;1;15;5;2;1;2;8;8;0;7;5;2;2;1;6;5;1;8;1.29;6;12;6;1;H
11;06/11/2016;Swansea;10;1;2;7;9;18;-9;5;5;0;2;3;4;9;-5;2;5;1;0;4;5;9;-4;3;Man Utd;10;4;3;3;13;12;1;15;5;2;2;1;8;4;4;8;5;2;1;2;5;8;-3;7;5;4;1.73;1;3;A
12;19/11/2016;Crystal Palace;11;3;2;6;16;19;-3;11;5;1;1;3;7;8;-1;4;6;2;1;3;9;11;-2;7;Man City;11;7;3;1;25;10;15;24;6;3;3;0;12;5;7;12;5;4;0;1;13;5;8;12;6.5;4.5;1.53;1;2;A
12;19/11/2016;Everton;11;5;3;3;15;13;2;18;5;3;2;0;8;3;5;11;6;2;1;3;7;10;-3;7;Swansea;11;1;2;8;10;21;-11;5;6;0;2;4;5;12;-7;2;5;1;0;4;5;9;-4;3;1.6;4.33;6;1;1;D
12;19/11/2016;Man Utd;11;5;3;3;16;13;3;18;5;2;2;1;8;4;4;8;6;3;1;2;8;9;-1;10;Arsenal;11;7;3;1;24;11;13;24;6;3;2;1;12;8;4;11;5;4;1;0;12;3;9;13;2.6;3.4;2.9;1;1;D
12;19/11/2016;Southampton;11;3;4;4;12;12;0;13;5;2;2;1;6;5;1;8;6;1;2;3;6;7;-1;5;Liverpool;11;8;2;1;30;14;16;26;5;4;1;0;17;4;13;13;6;4;1;1;13;10;3;13;3.4;3.6;2.2;0;0;D
12;19/11/2016;Stoke;11;3;4;4;13;18;-5;13;5;2;1;2;7;10;-3;7;6;1;3;2;6;8;-2;6;Bournemouth;11;3;3;5;13;16;-3;12;6;3;1;2;10;6;4;10;5;0;2;3;3;10;-7;2;2.3;3.4;3.4;0;1;A
12;19/11/2016;Sunderland;11;1;2;8;9;21;-12;5;5;0;1;4;5;13;-8;1;6;1;1;4;4;8;-4;4;Hull;11;3;1;7;10;24;-14;10;6;2;0;4;5;11;-6;6;5;1;1;3;5;13;-8;4;2.15;3.4;3.8;3;0;H
12;19/11/2016;Tottenham;11;5;6;0;15;6;9;21;5;3;2;0;6;2;4;11;6;2;4;0;9;4;5;10;West Ham;11;3;2;6;11;20;-9;11;6;2;2;2;6;9;-3;8;5;1;0;4;5;11;-6;3;1.5;4.5;7.5;3;2;H
12;19/11/2016;Watford;11;4;3;4;15;19;-4;15;5;2;1;2;8;8;0;7;6;2;2;2;7;11;-4;8;Leicester;11;3;3;5;13;18;-5;12;6;3;2;1;9;4;5;11;5;0;1;4;4;14;-10;1;2.8;3.3;2.75;2;1;H
12;20/11/2016;Middlesbrough;11;2;5;4;10;12;-2;11;5;1;1;3;5;6;-1;4;6;1;4;1;5;6;-1;7;Chelsea;11;8;1;2;26;9;17;25;6;5;0;1;18;3;15;15;5;3;1;1;8;6;2;10;7;4;1.57;0;1;A
12;21/11/2016;West Bromwich;11;3;4;4;12;15;-3;13;5;1;2;2;6;9;-3;5;6;2;2;2;6;6;0;8;Burnley;11;4;2;5;11;15;-4;14;7;4;1;2;10;6;4;13;4;0;1;3;1;9;-8;1;1.95;3.4;4.5;4;0;H
13;26/11/2016;Burnley;12;4;2;6;11;19;-8;14;7;4;1;2;10;6;4;13;5;0;1;4;1;13;-12;1;Man City;12;8;3;1;27;11;16;27;6;3;3;0;12;5;7;12;6;5;0;1;15;6;9;15;9;6;1.33;1;2;A
13;26/11/2016;Chelsea;12;9;1;2;27;9;18;28;6;5;0;1;18;3;15;15;6;4;1;1;9;6;3;13;Tottenham;12;6;6;0;18;8;10;24;6;4;2;0;9;4;5;14;6;2;4;0;9;4;5;10;1.75;3.8;5.25;2;1;H
13;26/11/2016;Hull;12;3;1;8;10;27;-17;10;6;2;0;4;5;11;-6;6;6;1;1;4;5;16;-11;4;West Bromwich;12;4;4;4;16;15;1;16;6;2;2;2;10;9;1;8;6;2;2;2;6;6;0;8;3.1;3.2;2.6;1;1;D
13;26/11/2016;Leicester;12;3;3;6;14;20;-6;12;6;3;2;1;9;4;5;11;6;0;1;5;5;16;-11;1;Middlesbrough;12;2;5;5;10;13;-3;11;6;1;1;4;5;7;-2;4;6;1;4;1;5;6;-1;7;1.91;3.6;4.5;2;2;D
13;26/11/2016;Liverpool;12;8;3;1;30;14;16;27;5;4;1;0;17;4;13;13;7;4;2;1;13;10;3;14;Sunderland;12;2;2;8;12;21;-9;8;6;1;1;4;8;13;-5;4;6;1;1;4;4;8;-4;4;1.17;8.5;19;2;0;H
13;26/11/2016;Swansea;12;1;3;8;11;22;-11;6;6;0;2;4;5;12;-7;2;6;1;1;4;6;10;-4;4;Crystal Palace;12;3;2;7;17;21;-4;11;6;1;1;4;8;10;-2;4;6;2;1;3;9;11;-2;7;2.63;3.4;2.88;5;4;H
13;27/11/2016;Arsenal;12;7;4;1;25;12;13;25;6;3;2;1;12;8;4;11;6;4;2;0;13;4;9;14;Bournemouth;12;4;3;5;14;16;-2;15;6;3;1;2;10;6;4;10;6;1;2;3;4;10;-6;5;1.4;5;9;3;1;H
13;27/11/2016;Man Utd;12;5;4;3;17;14;3;19;6;2;3;1;9;5;4;9;6;3;1;2;8;9;-1;10;West Ham;12;3;2;7;13;23;-10;11;6;2;2;2;6;9;-3;8;6;1;0;5;7;14;-7;3;1.45;4.75;8;1;1;D
13;27/11/2016;Southampton;12;3;5;4;12;12;0;14;6;2;3;1;6;5;1;9;6;1;2;3;6;7;-1;5;Everton;12;5;4;3;16;14;2;19;6;3;3;0;9;4;5;12;6;2;1;3;7;10;-3;7;2.2;3.4;3.6;1;0;H
13;27/11/2016;Watford;12;5;3;4;17;20;-3;18;6;3;1;2;10;9;1;10;6;2;2;2;7;11;-4;8;Stoke;12;3;4;5;13;19;-6;13;6;2;1;3;7;11;-4;7;6;1;3;2;6;8;-2;6;2.4;3.3;3.3;0;1;A
14;03/12/2016;Crystal Palace;13;3;2;8;21;26;-5;11;6;1;1;4;8;10;-2;4;7;2;1;4;13;16;-3;7;Southampton;13;4;5;4;13;12;1;17;7;3;3;1;7;5;2;12;6;1;2;3;6;7;-1;5;3.5;3.3;2.3;3;0;H
14;03/12/2016;Man City;13;9;3;1;29;12;17;30;6;3;3;0;12;5;7;12;7;6;0;1;17;7;10;18;Chelsea;13;10;1;2;29;10;19;31;7;6;0;1;20;4;16;18;6;4;1;1;9;6;3;13;2.15;3.6;3.6;1;3;A
14;03/12/2016;Stoke;13;4;4;5;14;19;-5;16;6;2;1;3;7;11;-4;7;7;2;3;2;7;8;-1;9;Burnley;13;4;2;7;12;21;-9;14;8;4;1;3;11;8;3;13;5;0;1;4;1;13;-12;1;1.62;4;6.5;2;0;H
14;03/12/2016;Sunderland;13;2;2;9;12;23;-11;8;6;1;1;4;8;13;-5;4;7;1;1;5;4;10;-6;4;Leicester;13;3;4;6;16;22;-6;13;7;3;3;1;11;6;5;12;6;0;1;5;5;16;-11;1;3.4;3.4;2.3;2;1;H
14;03/12/2016;Tottenham;13;6;6;1;19;10;9;24;6;4;2;0;9;4;5;14;7;2;4;1;10;6;4;10;Swansea;13;2;3;8;16;26;-10;9;7;1;2;4;10;16;-6;5;6;1;1;4;6;10;-4;4;1.36;5.5;9;5;0;H
14;03/12/2016;West Bromwich;13;4;5;4;17;16;1;17;6;2;2;2;10;9;1;8;7;2;3;2;7;7;0;9;Watford;13;5;3;5;17;21;-4;18;7;3;1;3;10;10;0;10;6;2;2;2;7;11;-4;8;2.2;3.3;3.75;3;1;H
14;03/12/2016;West Ham;13;3;3;7;14;24;-10;12;6;2;2;2;6;9;-3;8;7;1;1;5;8;15;-7;4;Arsenal;13;8;4;1;28;13;15;28;7;4;2;1;15;9;6;14;6;4;2;0;13;4;9;14;4.75;4.2;1.75;1;5;A
14;04/12/2016;Bournemouth;13;4;3;6;15;19;-4;15;6;3;1;2;10;6;4;10;7;1;2;4;5;13;-8;5;Liverpool;13;9;3;1;32;14;18;30;6;5;1;0;19;4;15;16;7;4;2;1;13;10;3;14;5;4;1.75;4;3;H
14;04/12/2016;Everton;13;5;4;4;16;15;1;19;6;3;3;0;9;4;5;12;7;2;1;4;7;11;-4;7;Man Utd;13;5;5;3;18;15;3;20;7;2;4;1;10;6;4;10;6;3;1;2;8;9;-1;10;3.6;3.5;2.15;1;1;D
14;05/12/2016;Middlesbrough;13;2;6;5;12;15;-3;12;6;1;1;4;5;7;-2;4;7;1;5;1;7;8;-1;8;Hull;13;3;2;8;11;28;-17;11;7;2;1;4;6;12;-6;7;6;1;1;4;5;16;-11;4;1.83;3.5;5.25;1;0;H
15;10/12/2016;Arsenal;14;9;4;1;33;14;19;31;7;4;2;1;15;9;6;14;7;5;2;0;18;5;13;17;Stoke;14;5;4;5;16;19;-3;19;7;3;1;3;9;11;-2;10;7;2;3;2;7;8;-1;9;1.35;5.5;9.5;3;1;H
15;10/12/2016;Burnley;14;4;2;8;12;23;-11;14;8;4;1;3;11;8;3;13;6;0;1;5;1;15;-14;1;Bournemouth;14;5;3;6;19;22;-3;18;7;4;1;2;14;9;5;13;7;1;2;4;5;13;-8;5;3.5;3.5;2.2;3;2;H
15;10/12/2016;Hull;14;3;2;9;11;29;-18;11;7;2;1;4;6;12;-6;7;7;1;1;5;5;17;-12;4;Crystal Palace;14;4;2;8;24;26;-2;14;7;2;1;4;11;10;1;7;7;2;1;4;13;16;-3;7;3.5;3.3;2.3;3;3;D
15;10/12/2016;Leicester;14;3;4;7;17;24;-7;13;7;3;3;1;11;6;5;12;7;0;1;6;6;18;-12;1;Man City;14;9;3;2;30;15;15;30;7;3;3;1;13;8;5;12;7;6;0;1;17;7;10;18;5.25;4;1.7;4;2;H
15;10/12/2016;Swansea;14;2;3;9;16;31;-15;9;7;1;2;4;10;16;-6;5;7;1;1;5;6;15;-9;4;Sunderland;14;3;2;9;14;24;-10;11;7;2;1;4;10;14;-4;7;7;1;1;5;4;10;-6;4;2.15;3.5;3.6;3;0;H
15;10/12/2016;Watford;14;5;3;6;18;24;-6;18;7;3;1;3;10;10;0;10;7;2;2;3;8;14;-6;8;Everton;14;5;5;4;17;16;1;20;7;3;4;0;10;5;5;13;7;2;1;4;7;11;-4;7;3.1;3.4;2.45;3;2;H
15;11/12/2016;Chelsea;14;11;1;2;32;11;21;34;7;6;0;1;20;4;16;18;7;5;1;1;12;7;5;16;West Bromwich;14;5;5;4;20;17;3;20;7;3;2;2;13;10;3;11;7;2;3;2;7;7;0;9;1.25;6.25;15;1;0;H
15;11/12/2016;Liverpool;14;9;3;2;35;18;17;30;6;5;1;0;19;4;15;16;8;4;2;2;16;14;2;14;West Ham;14;3;3;8;15;29;-14;12;7;2;2;3;7;14;-7;8;7;1;1;5;8;15;-7;4;1.3;6;11;2;2;D
15;11/12/2016;Man Utd;14;5;6;3;19;16;3;21;7;2;4;1;10;6;4;10;7;3;2;2;9;10;-1;11;Tottenham;14;7;6;1;24;10;14;27;7;5;2;0;14;4;10;17;7;2;4;1;10;6;4;10;2.2;3.4;3.6;1;0;H
15;11/12/2016;Southampton;14;4;5;5;13;15;-2;17;7;3;3;1;7;5;2;12;7;1;2;4;6;10;-4;5;Middlesbrough;14;3;6;5;13;15;-2;15;7;2;1;4;6;7;-1;7;7;1;5;1;7;8;-1;8;1.7;3.7;6;1;0;H
16;13/12/2016;Bournemouth;15;5;3;7;21;25;-4;18;7;4;1;2;14;9;5;13;8;1;2;5;7;16;-9;5;Leicester;15;4;4;7;21;26;-5;16;8;4;3;1;15;8;7;15;7;0;1;6;6;18;-12;1;2.4;3.4;3.2;1;0;H
16;13/12/2016;Everton;15;5;5;5;19;19;0;20;7;3;4;0;10;5;5;13;8;2;1;5;9;14;-5;7;Arsenal;15;10;4;1;36;15;21;34;8;5;2;1;18;10;8;17;7;5;2;0;18;5;13;17;4.2;3.75;1.91;2;1;H
16;14/12/2016;Crystal Palace;15;4;3;8;27;29;-2;15;7;2;1;4;11;10;1;7;8;2;2;4;16;19;-3;8;Man Utd;15;6;6;3;20;16;4;24;8;3;4;1;11;6;5;13;7;3;2;2;9;10;-1;11;5.25;4;1.7;1;2;A
16;14/12/2016;Man City;15;9;3;3;32;19;13;30;7;3;3;1;13;8;5;12;8;6;0;2;19;11;8;18;Watford;15;6;3;6;21;26;-5;21;8;4;1;3;13;12;1;13;7;2;2;3;8;14;-6;8;1.29;6.5;11;2;0;H
16;14/12/2016;Middlesbrough;15;3;6;6;13;16;-3;15;7;2;1;4;6;7;-1;7;8;1;5;2;7;9;-2;8;Liverpool;15;9;4;2;37;20;17;31;7;5;2;0;21;6;15;17;8;4;2;2;16;14;2;14;6;4.33;1.6;0;3;A
16;14/12/2016;Stoke;15;5;4;6;17;22;-5;19;7;3;1;3;9;11;-2;10;8;2;3;3;8;11;-3;9;Southampton;15;5;5;5;14;15;-1;20;8;4;3;1;8;5;3;15;7;1;2;4;6;10;-4;5;3.1;3.3;2.5;0;0;D
16;14/12/2016;Sunderland;15;3;2;10;14;27;-13;11;7;2;1;4;10;14;-4;7;8;1;1;6;4;13;-9;4;Chelsea;15;12;1;2;33;11;22;37;8;7;0;1;21;4;17;21;7;5;1;1;12;7;5;16;10;5.75;1.33;0;1;A
16;14/12/2016;Tottenham;15;7;6;2;24;11;13;27;7;5;2;0;14;4;10;17;8;2;4;2;10;7;3;10;Hull;15;3;3;9;14;32;-18;12;8;2;2;4;9;15;-6;8;7;1;1;5;5;17;-12;4;1.22;7;15;3;0;H
16;14/12/2016;West Bromwich;15;5;5;5;20;18;2;20;7;3;2;2;13;10;3;11;8;2;3;3;7;8;-1;9;Swansea;15;3;3;9;19;31;-12;12;8;2;2;4;13;16;-3;8;7;1;1;5;6;15;-9;4;2.05;3.5;4;3;1;H
16;14/12/2016;West Ham;15;3;4;8;17;31;-14;13;7;2;2;3;7;14;-7;8;8;1;2;5;10;17;-7;5;Burnley;15;5;2;8;15;25;-10;17;9;5;1;3;14;10;4;16;6;0;1;5;1;15;-14;1;1.67;4;5.75;1;0;H
17;17/12/2016;Crystal Palace;16;4;3;9;28;31;-3;15;8;2;1;5;12;12;0;7;8;2;2;4;16;19;-3;8;Chelsea;16;13;1;2;34;11;23;40;8;7;0;1;21;4;17;21;8;6;1;1;13;7;6;19;6.5;4.2;1.57;0;1;A
17;17/12/2016;Middlesbrough;16;3;6;7;13;19;-6;15;8;2;1;5;6;10;-4;7;8;1;5;2;7;9;-2;8;Swansea;16;3;3;10;20;34;-14;12;8;2;2;4;13;16;-3;8;8;1;1;6;7;18;-11;4;2.1;3.4;4;3;0;H
17;17/12/2016;Stoke;16;5;5;6;17;22;-5;20;8;3;2;3;9;11;-2;11;8;2;3;3;8;11;-3;9;Leicester;16;4;4;8;21;27;-6;16;8;4;3;1;15;8;7;15;8;0;1;7;6;19;-13;1;2.6;3.4;2.9;2;2;D
17;17/12/2016;Sunderland;16;3;2;11;14;28;-14;11;8;2;1;5;10;15;-5;7;8;1;1;6;4;13;-9;4;Watford;16;6;3;7;21;28;-7;21;8;4;1;3;13;12;1;13;8;2;2;4;8;16;-8;8;2.63;3.3;2.9;1;0;H
17;17/12/2016;West Bromwich;16;6;5;5;23;19;4;23;8;4;2;2;16;11;5;14;8;2;3;3;7;8;-1;9;Man Utd;16;7;6;3;22;17;5;27;8;3;4;1;11;6;5;13;8;4;2;2;11;11;0;14;5.75;3.8;1.7;0;2;A
17;17/12/2016;West Ham;16;4;4;8;18;31;-13;16;8;3;2;3;8;14;-6;11;8;1;2;5;10;17;-7;5;Hull;16;3;3;10;14;35;-21;12;8;2;2;4;9;15;-6;8;8;1;1;6;5;20;-15;4;1.62;4.1;6;1;0;H
17;18/12/2016;Bournemouth;16;6;3;7;22;25;-3;21;8;5;1;2;15;9;6;16;8;1;2;5;7;16;-9;5;Southampton;16;5;6;5;14;15;-1;21;8;4;3;1;8;5;3;15;8;1;3;4;6;10;-4;6;3;3.3;2.6;1;3;A
17;18/12/2016;Man City;16;10;3;3;34;19;15;33;8;4;3;1;15;8;7;15;8;6;0;2;19;11;8;18;Arsenal;16;10;4;2;37;17;20;34;8;5;2;1;18;10;8;17;8;5;2;1;19;7;12;17;2.15;3.6;3.5;2;1;H
17;18/12/2016;Tottenham;16;8;6;2;27;11;16;30;8;6;2;0;17;4;13;20;8;2;4;2;10;7;3;10;Burnley;16;5;2;9;15;26;-11;17;9;5;1;3;14;10;4;16;7;0;1;6;1;16;-15;1;1.22;7;15;2;1;H
17;19/12/2016;Everton;16;6;5;5;21;20;1;23;8;4;4;0;12;6;6;16;8;2;1;5;9;14;-5;7;Liverpool;16;10;4;2;40;20;20;34;7;5;2;0;21;6;15;17;9;5;2;2;19;14;5;17;4.2;3.6;1.95;0;1;A
18;26/12/2016;Arsenal;17;10;4;3;38;19;19;34;8;5;2;1;18;10;8;17;9;5;2;2;20;9;11;17;West Bromwich;17;6;5;6;23;21;2;23;9;4;2;3;16;13;3;14;8;2;3;3;7;8;-1;9;1.33;5.5;8.5;1;0;H
18;26/12/2016;Burnley;17;5;2;10;16;28;-12;17;9;5;1;3;14;10;4;16;8;0;1;7;2;18;-16;1;Middlesbrough;17;4;6;7;16;19;-3;18;9;3;1;5;9;10;-1;10;8;1;5;2;7;9;-2;8;2.9;3.1;2.6;1;0;H
18;26/12/2016;Chelsea;17;14;1;2;35;11;24;43;8;7;0;1;21;4;17;21;9;7;1;1;14;7;7;22;Bournemouth;17;6;3;8;23;28;-5;21;9;5;1;3;16;12;4;16;8;1;2;5;7;16;-9;5;1.36;5;8.5;3;0;H
18;26/12/2016;Hull;17;3;3;11;14;36;-22;12;8;2;2;4;9;15;-6;8;9;1;1;7;5;21;-16;4;Man City;17;11;3;3;36;20;16;36;9;5;3;1;17;9;8;18;8;6;0;2;19;11;8;18;10;5.5;1.3;0;3;A
18;26/12/2016;Leicester;17;4;5;8;23;29;-6;17;8;4;3;1;15;8;7;15;9;0;2;7;8;21;-13;2;Everton;17;6;5;6;21;21;0;23;9;4;4;1;12;7;5;16;8;2;1;5;9;14;-5;7;2.5;3.3;2.9;0;2;A
18;26/12/2016;Man Utd;17;8;6;3;24;17;7;30;8;3;4;1;11;6;5;13;9;5;2;2;13;11;2;17;Sunderland;17;4;2;11;15;28;-13;14;9;3;1;5;11;15;-4;10;8;1;1;6;4;13;-9;4;1.22;6.5;13;3;1;H
18;26/12/2016;Swansea;17;3;3;11;20;37;-17;12;8;2;2;4;13;16;-3;8;9;1;1;7;7;21;-14;4;West Ham;17;5;4;8;19;31;-12;19;9;4;2;3;9;14;-5;14;8;1;2;5;10;17;-7;5;2.63;3.2;2.8;1;4;A
18;26/12/2016;Watford;17;6;3;8;21;29;-8;21;8;4;1;3;13;12;1;13;9;2;2;5;8;17;-9;8;Crystal Palace;17;4;3;10;28;32;-4;15;9;2;1;6;12;13;-1;7;8;2;2;4;16;19;-3;8;2.5;3.3;2.9;1;1;D
18;27/12/2016;Liverpool;17;11;4;2;41;20;21;37;7;5;2;0;21;6;15;17;10;6;2;2;20;14;6;20;Stoke;17;5;6;6;19;24;-5;21;9;3;3;3;11;13;-2;12;8;2;3;3;8;11;-3;9;1.3;5.5;10;4;1;H
18;28/12/2016;Southampton;17;6;6;5;17;16;1;24;8;4;3;1;8;5;3;15;9;2;3;4;9;11;-2;9;Tottenham;17;9;6;2;29;12;17;33;9;7;2;0;19;5;14;23;8;2;4;2;10;7;3;10;2.8;3.25;2.6;1;4;A
19;30/12/2016;Hull;18;3;3;12;14;39;-25;12;9;2;2;5;9;18;-9;8;9;1;1;7;5;21;-16;4;Everton;18;7;5;6;23;21;2;26;9;4;4;1;12;7;5;16;9;3;1;5;11;14;-3;10;4.33;3.5;1.95;2;2;D
19;31/12/2016;Burnley;18;6;2;10;17;28;-11;20;10;6;1;3;15;10;5;19;8;0;1;7;2;18;-16;1;Sunderland;18;4;2;12;16;31;-15;14;9;3;1;5;11;15;-4;10;9;1;1;7;5;16;-11;4;2.4;3.25;3.3;4;1;H
19;31/12/2016;Chelsea;18;15;1;2;38;11;27;46;9;8;0;1;24;4;20;24;9;7;1;1;14;7;7;22;Stoke;18;5;6;7;20;28;-8;21;9;3;3;3;11;13;-2;12;9;2;3;4;9;15;-6;9;1.25;6.5;14;4;2;H
19;31/12/2016;Leicester;18;4;5;9;23;31;-8;17;9;4;3;2;15;10;5;15;9;0;2;7;8;21;-13;2;West Ham;18;6;4;8;23;32;-9;22;9;4;2;3;9;14;-5;14;9;2;2;5;14;18;-4;8;2.1;3.6;3.7;1;0;H
19;31/12/2016;Liverpool;18;12;4;2;45;21;24;40;8;6;2;0;25;7;18;20;10;6;2;2;20;14;6;20;Man City;18;12;3;3;39;20;19;39;9;5;3;1;17;9;8;18;9;7;0;2;22;11;11;21;2.35;3.6;3.1;1;0;H
19;31/12/2016;Man Utd;18;9;6;3;27;18;9;33;9;4;4;1;14;7;7;16;9;5;2;2;13;11;2;17;Middlesbrough;18;4;6;8;16;20;-4;18;9;3;1;5;9;10;-1;10;9;1;5;3;7;10;-3;8;1.25;6;16;2;1;H
19;31/12/2016;Southampton;18;6;6;6;18;20;-2;24;9;4;3;2;9;9;0;15;9;2;3;4;9;11;-2;9;West Bromwich;18;6;5;7;23;22;1;23;9;4;2;3;16;13;3;14;9;2;3;4;7;9;-2;9;1.75;3.7;5.5;1;2;A
19;31/12/2016;Swansea;18;3;3;12;21;41;-20;12;9;2;2;5;14;20;-6;8;9;1;1;7;7;21;-14;4;Bournemouth;18;6;3;9;23;31;-8;21;9;5;1;3;16;12;4;16;9;1;2;6;7;19;-12;5;2.9;3.4;2.6;0;3;A
19;01/01/2017;Arsenal;18;11;4;3;39;19;20;37;9;6;2;1;19;10;9;20;9;5;2;2;20;9;11;17;Crystal Palace;18;4;4;10;29;33;-4;16;9;2;1;6;12;13;-1;7;9;2;3;4;17;20;-3;9;1.29;5.5;9.5;2;0;H
19;01/01/2017;Watford;18;6;4;8;22;30;-8;22;9;4;2;3;14;13;1;14;9;2;2;5;8;17;-9;8;Tottenham;18;10;6;2;33;13;20;36;9;7;2;0;19;5;14;23;9;3;4;2;14;8;6;13;5.5;3.75;1.62;1;4;A
20;02/01/2017;Everton;19;7;6;6;25;23;2;27;9;4;4;1;12;7;5;16;10;3;2;5;13;16;-3;11;Southampton;19;6;6;7;19;22;-3;24;10;4;3;3;10;11;-1;15;9;2;3;4;9;11;-2;9;2.2;3.4;3.6;3;0;H
20;02/01/2017;Man City;19;12;3;4;39;21;18;39;9;5;3;1;17;9;8;18;10;7;0;3;22;12;10;21;Burnley;19;7;2;10;21;29;-8;23;11;7;1;3;19;11;8;22;8;0;1;7;2;18;-16;1;1.17;8.5;19;2;1;H
20;02/01/2017;Middlesbrough;19;4;6;9;17;22;-5;18;9;3;1;5;9;10;-1;10;10;1;5;4;8;12;-4;8;Leicester;19;5;5;9;24;31;-7;20;10;5;3;2;16;10;6;18;9;0;2;7;8;21;-13;2;2.75;3.2;2.88;0;0;D
20;02/01/2017;Sunderland;19;4;2;13;17;35;-18;14;9;3;1;5;11;15;-4;10;10;1;1;8;6;20;-14;4;Liverpool;19;13;4;2;46;21;25;43;9;7;2;0;26;7;19;23;10;6;2;2;20;14;6;20;11;5.5;1.33;2;2;D
20;02/01/2017;West Bromwich;19;7;5;7;25;23;2;26;9;4;2;3;16;13;3;14;10;3;3;4;9;10;-1;12;Hull;19;3;4;12;16;41;-25;13;10;2;3;5;11;20;-9;9;9;1;1;7;5;21;-16;4;1.75;3.7;5.5;3;1;H
20;02/01/2017;West Ham;19;6;4;9;23;33;-10;22;9;4;2;3;9;14;-5;14;10;2;2;6;14;19;-5;8;Man Utd;19;10;6;3;29;19;10;36;10;5;4;1;16;8;8;19;9;5;2;2;13;11;2;17;6;4;1.65;0;2;A
20;03/01/2017;Bournemouth;19;7;3;9;26;31;-5;24;9;5;1;3;16;12;4;16;10;2;2;6;10;19;-9;8;Arsenal;19;12;4;3;41;19;22;40;10;7;2;1;21;10;11;23;9;5;2;2;20;9;11;17;4.33;3.4;1.85;3;3;D
20;03/01/2017;Crystal Palace;19;4;4;11;29;35;-6;16;9;2;1;6;12;13;-1;7;10;2;3;5;17;22;-5;9;Swansea;19;3;3;13;21;44;-23;12;10;2;2;6;14;23;-9;8;9;1;1;7;7;21;-14;4;1.75;3.5;4.75;1;2;A
20;03/01/2017;Stoke;19;5;6;8;22;32;-10;21;9;3;3;3;11;13;-2;12;10;2;3;5;11;19;-8;9;Watford;19;6;4;9;23;34;-11;22;10;4;2;4;15;17;-2;14;9;2;2;5;8;17;-9;8;1.8;3.5;4.5;2;0;H
20;04/01/2017;Tottenham;19;11;6;2;37;14;23;39;9;7;2;0;19;5;14;23;10;4;4;2;18;9;9;16;Chelsea;19;16;1;2;42;13;29;49;10;9;0;1;28;6;22;27;9;7;1;1;14;7;7;22;2.63;3.25;2.63;2;0;H
21;14/01/2017;Burnley;20;7;2;11;22;31;-9;23;11;7;1;3;19;11;8;22;9;0;1;8;3;20;-17;1;Southampton;20;6;6;8;19;25;-6;24;10;4;3;3;10;11;-1;15;10;2;3;5;9;14;-5;9;3.6;3.4;2.2;1;0;H
21;14/01/2017;Hull;20;3;4;13;17;44;-27;13;10;2;3;5;11;20;-9;9;10;1;1;8;6;24;-18;4;Bournemouth;20;7;4;9;29;34;-5;25;10;5;2;3;19;15;4;17;10;2;2;6;10;19;-9;8;3.3;3.5;2.3;3;1;H
21;14/01/2017;Leicester;20;5;6;9;24;31;-7;21;10;5;3;2;16;10;6;18;10;0;3;7;8;21;-13;3;Chelsea;20;16;1;3;42;15;27;49;10;9;0;1;28;6;22;27;10;7;1;2;14;9;5;22;6;4.1;1.62;0;3;A
21;14/01/2017;Sunderland;20;4;3;13;19;37;-18;15;10;3;2;5;13;17;-4;11;10;1;1;8;6;20;-14;4;Stoke;20;6;6;8;24;32;-8;24;10;4;3;3;13;13;0;15;10;2;3;5;11;19;-8;9;3.1;3.3;2.5;1;3;A
21;14/01/2017;Swansea;20;4;3;13;23;45;-22;15;10;2;2;6;14;23;-9;8;10;2;1;7;9;22;-13;7;Arsenal;20;12;5;3;44;22;22;41;10;7;2;1;21;10;11;23;10;5;3;2;23;12;11;18;7;4.75;1.5;0;4;A
21;14/01/2017;Tottenham;20;12;6;2;39;14;25;42;10;8;2;0;21;5;16;26;10;4;4;2;18;9;9;16;West Bromwich;20;8;5;7;28;24;4;29;10;5;2;3;19;14;5;17;10;3;3;4;9;10;-1;12;1.33;5.5;11;4;0;H
21;14/01/2017;Watford;20;6;4;10;23;36;-13;22;10;4;2;4;15;17;-2;14;10;2;2;6;8;19;-11;8;Middlesbrough;20;4;7;9;17;22;-5;19;10;3;2;5;9;10;-1;11;10;1;5;4;8;12;-4;8;2.5;3.2;3.2;0;0;D
21;14/01/2017;West Ham;20;6;4;10;23;35;-12;22;10;4;2;4;9;16;-7;14;10;2;2;6;14;19;-5;8;Crystal Palace;20;4;4;12;30;37;-7;16;10;2;1;7;13;15;-2;7;10;2;3;5;17;22;-5;9;2.38;3.4;3.2;3;0;H
21;15/01/2017;Everton;20;8;6;6;28;23;5;30;10;5;4;1;15;7;8;19;10;3;2;5;13;16;-3;11;Man City;20;13;3;4;41;22;19;42;10;6;3;1;19;10;9;21;10;7;0;3;22;12;10;21;4.5;4;1.8;4;0;H
21;15/01/2017;Man Utd;20;11;6;3;31;19;12;39;10;5;4;1;16;8;8;19;10;6;2;2;15;11;4;20;Liverpool;20;13;5;2;48;23;25;44;9;7;2;0;26;7;19;23;11;6;3;2;22;16;6;21;2.15;3.4;3.75;1;1;D
22;21/01/2017;Bournemouth;21;7;4;10;30;37;-7;25;10;5;2;3;19;15;4;17;11;2;2;7;11;22;-11;8;Watford;21;6;5;10;23;36;-13;23;11;4;3;4;15;17;-2;15;10;2;2;6;8;19;-11;8;1.83;3.75;4.75;2;2;D
22;21/01/2017;Crystal Palace;21;4;4;13;30;40;-10;16;10;2;1;7;13;15;-2;7;11;2;3;6;17;25;-8;9;Everton;21;9;6;6;32;23;9;33;11;6;4;1;19;7;12;22;10;3;2;5;13;16;-3;11;3.25;3.4;2.38;0;1;A
22;21/01/2017;Liverpool;21;13;6;2;49;24;25;45;9;7;2;0;26;7;19;23;12;6;4;2;23;17;6;22;Swansea;21;4;3;14;23;49;-26;15;11;2;2;7;14;27;-13;8;10;2;1;7;9;22;-13;7;1.22;7;15;2;3;A
22;21/01/2017;Man City;21;13;3;5;41;26;15;42;10;6;3;1;19;10;9;21;11;7;0;4;22;16;6;21;Tottenham;21;13;6;2;43;14;29;45;11;9;2;0;25;5;20;29;10;4;4;2;18;9;9;16;2.15;3.5;3.6;2;2;D
22;21/01/2017;Middlesbrough;21;4;8;9;17;22;-5;20;10;3;2;5;9;10;-1;11;11;1;6;4;8;12;-4;9;West Ham;21;7;4;10;26;35;-9;25;11;5;2;4;12;16;-4;17;10;2;2;6;14;19;-5;8;2.5;3.2;3.25;1;3;A
22;21/01/2017;Stoke;21;7;6;8;27;33;-6;27;10;4;3;3;13;13;0;15;11;3;3;5;14;20;-6;12;Man Utd;21;11;7;3;32;20;12;40;11;5;5;1;17;9;8;20;10;6;2;2;15;11;4;20;6;4.2;1.6;1;1;D
22;21/01/2017;West Bromwich;21;8;5;8;28;28;0;29;10;5;2;3;19;14;5;17;11;3;3;5;9;14;-5;12;Sunderland;21;4;3;14;20;40;-20;15;11;3;2;6;14;20;-6;11;10;1;1;8;6;20;-14;4;1.7;3.8;5.75;2;0;H
22;22/01/2017;Arsenal;21;13;5;3;48;22;26;44;10;7;2;1;21;10;11;23;11;6;3;2;27;12;15;21;Burnley;21;8;2;11;23;31;-8;26;12;8;1;3;20;11;9;25;9;0;1;8;3;20;-17;1;1.2;7.5;17;2;1;H
22;22/01/2017;Chelsea;21;17;1;3;45;15;30;52;10;9;0;1;28;6;22;27;11;8;1;2;17;9;8;25;Hull;21;4;4;13;20;45;-25;16;11;3;3;5;14;21;-7;12;10;1;1;8;6;24;-18;4;1.18;8;19;2;0;H
22;22/01/2017;Southampton;21;6;6;9;19;26;-7;24;10;4;3;3;10;11;-1;15;11;2;3;6;9;15;-6;9;Leicester;21;5;6;10;24;34;-10;21;11;5;3;3;16;13;3;18;10;0;3;7;8;21;-13;3;1.83;3.5;5.25;3;0;H
23;31/01/2017;Arsenal;22;14;5;3;50;23;27;47;11;8;2;1;23;11;12;26;11;6;3;2;27;12;15;21;Watford;22;6;6;10;25;38;-13;24;11;4;3;4;15;17;-2;15;11;2;3;6;10;21;-11;9;1.22;7;15;1;2;A
23;31/01/2017;Bournemouth;22;7;5;10;32;39;-7;26;11;5;3;3;21;17;4;18;11;2;2;7;11;22;-11;8;Crystal Palace;22;4;4;14;30;41;-11;16;11;2;1;8;13;16;-3;7;11;2;3;6;17;25;-8;9;2.05;3.5;3.9;0;2;A
23;31/01/2017;Burnley;22;8;2;12;24;33;-9;26;12;8;1;3;20;11;9;25;10;0;1;9;4;22;-18;1;Leicester;22;5;6;11;24;37;-13;21;11;5;3;3;16;13;3;18;11;0;3;8;8;24;-16;3;2.9;3.25;2.7;1;0;H
23;31/01/2017;Liverpool;22;13;6;3;51;27;24;45;10;7;2;1;28;10;18;23;12;6;4;2;23;17;6;22;Chelsea;22;18;1;3;47;15;32;55;11;10;0;1;30;6;24;30;11;8;1;2;17;9;8;25;2.65;3.25;2.9;1;1;D
23;31/01/2017;Middlesbrough;22;4;8;10;18;25;-7;20;11;3;2;6;10;13;-3;11;11;1;6;4;8;12;-4;9;West Bromwich;22;9;5;8;30;28;2;32;11;6;2;3;21;14;7;20;11;3;3;5;9;14;-5;12;2.7;3.1;3;1;1;D
23;31/01/2017;Sunderland;22;4;3;15;20;42;-22;15;11;3;2;6;14;20;-6;11;11;1;1;9;6;22;-16;4;Tottenham;22;13;7;2;45;16;29;46;11;9;2;0;25;5;20;29;11;4;5;2;20;11;9;17;9.5;5.25;1.36;0;0;D
23;31/01/2017;Swansea;22;5;3;14;26;51;-25;18;11;2;2;7;14;27;-13;8;11;3;1;7;12;24;-12;10;Southampton;22;7;6;9;22;26;-4;27;11;5;3;3;13;11;2;18;11;2;3;6;9;15;-6;9;3.4;3.4;2.3;2;1;H
23;01/02/2017;Man Utd;22;11;8;3;33;21;12;41;11;5;5;1;17;9;8;20;11;6;3;2;16;12;4;21;Hull;22;4;4;14;20;47;-27;16;11;3;3;5;14;21;-7;12;11;1;1;9;6;26;-20;4;1.2;7.5;17;0;0;D
23;01/02/2017;Stoke;22;7;7;8;28;34;-6;28;11;4;4;3;14;14;0;16;11;3;3;5;14;20;-6;12;Everton;22;10;6;6;33;23;10;36;11;6;4;1;19;7;12;22;11;4;2;5;14;16;-2;14;2.88;3.4;2.63;1;1;D
23;01/02/2017;West Ham;22;8;4;10;29;36;-7;28;11;5;2;4;12;16;-4;17;11;3;2;6;17;20;-3;11;Man City;22;13;4;5;43;28;15;43;11;6;4;1;21;12;9;22;11;7;0;4;22;16;6;21;6;4.5;1.57;0;4;A
24;04/02/2017;Chelsea;23;18;2;3;48;16;32;56;11;10;0;1;30;6;24;30;12;8;2;2;18;10;8;26;Arsenal;23;14;5;4;51;25;26;47;12;8;2;2;24;13;11;26;11;6;3;2;27;12;15;21;1.95;3.6;4.2;3;1;H
24;04/02/2017;Crystal Palace;23;5;4;14;32;41;-9;19;11;2;1;8;13;16;-3;7;12;3;3;6;19;25;-6;12;Sunderland;23;4;4;15;20;42;-22;16;12;3;3;6;14;20;-6;12;11;1;1;9;6;22;-16;4;1.7;3.9;5.5;0;4;A
24;04/02/2017;Everton;23;10;7;6;34;24;10;37;11;6;4;1;19;7;12;22;12;4;3;5;15;17;-2;15;Bournemouth;23;7;5;11;32;41;-9;26;12;5;3;4;21;19;2;18;11;2;2;7;11;22;-11;8;1.7;4;5.25;6;3;H
24;04/02/2017;Hull;23;4;5;14;20;47;-27;17;11;3;3;5;14;21;-7;12;12;1;2;9;6;26;-20;5;Liverpool;23;13;7;3;52;28;24;46;11;7;3;1;29;11;18;24;12;6;4;2;23;17;6;22;8;4.75;1.45;2;0;H
24;04/02/2017;Southampton;23;7;6;10;23;28;-5;27;11;5;3;3;13;11;2;18;12;2;3;7;10;17;-7;9;West Ham;23;8;4;11;29;40;-11;28;12;5;2;5;12;20;-8;17;11;3;2;6;17;20;-3;11;1.85;3.75;4.5;1;3;A
24;04/02/2017;Tottenham;23;13;8;2;45;16;29;47;11;9;2;0;25;5;20;29;12;4;6;2;20;11;9;18;Middlesbrough;23;4;9;10;19;26;-7;21;12;3;3;6;11;14;-3;12;11;1;6;4;8;12;-4;9;1.29;6;13;1;0;H
24;04/02/2017;Watford;23;7;6;10;27;39;-12;27;11;4;3;4;15;17;-2;15;12;3;3;6;12;22;-10;12;Burnley;23;9;2;12;25;33;-8;29;13;9;1;3;21;11;10;28;10;0;1;9;4;22;-18;1;2.15;3.3;3.9;2;1;H
24;04/02/2017;West Bromwich;23;9;6;8;31;29;2;33;11;6;2;3;21;14;7;20;12;3;4;5;10;15;-5;13;Stoke;23;7;8;8;29;35;-6;29;12;4;5;3;15;15;0;17;11;3;3;5;14;20;-6;12;2.3;3.25;3.5;1;0;H
24;05/02/2017;Leicester;23;5;6;12;24;38;-14;21;11;5;3;3;16;13;3;18;12;0;3;9;8;25;-17;3;Man Utd;23;11;9;3;33;21;12;42;12;5;6;1;17;9;8;21;11;6;3;2;16;12;4;21;5.75;4;1.65;0;3;A
24;05/02/2017;Man City;23;14;4;5;47;28;19;46;11;6;4;1;21;12;9;22;12;8;0;4;26;16;10;24;Swansea;23;6;3;14;28;52;-24;21;12;3;2;7;16;28;-12;11;11;3;1;7;12;24;-12;10;1.22;7;15;2;1;H
25;11/02/2017;Arsenal;24;14;5;5;52;28;24;47;12;8;2;2;24;13;11;26;12;6;3;3;28;15;13;21;Hull;24;5;5;14;22;47;-25;20;12;4;3;5;16;21;-5;15;12;1;2;9;6;26;-20;5;1.29;6;13;2;0;H
25;11/02/2017;Liverpool;24;13;7;4;52;30;22;46;11;7;3;1;29;11;18;24;13;6;4;3;23;19;4;22;Tottenham;24;14;8;2;46;16;30;50;12;10;2;0;26;5;21;32;12;4;6;2;20;11;9;18;2.3;3.4;3.4;2;0;H
25;11/02/2017;Man Utd;24;12;9;3;36;21;15;45;12;5;6;1;17;9;8;21;12;7;3;2;19;12;7;24;Watford;24;8;6;10;29;40;-11;30;12;5;3;4;17;18;-1;18;12;3;3;6;12;22;-10;12;1.25;6.5;14;2;0;H
25;11/02/2017;Middlesbrough;24;4;9;11;19;27;-8;21;12;3;3;6;11;14;-3;12;12;1;6;5;8;13;-5;9;Everton;24;11;7;6;40;27;13;40;12;7;4;1;25;10;15;25;12;4;3;5;15;17;-2;15;3.9;3.3;2.15;0;0;D
25;11/02/2017;Stoke;24;7;8;9;29;36;-7;29;12;4;5;3;15;15;0;17;12;3;3;6;14;21;-7;12;Crystal Palace;24;5;4;15;32;45;-13;19;12;2;1;9;13;20;-7;7;12;3;3;6;19;25;-6;12;2.15;3.3;3.9;1;0;H
25;11/02/2017;Sunderland;24;5;4;15;24;42;-18;19;12;3;3;6;14;20;-6;12;12;2;1;9;10;22;-12;7;Southampton;24;7;6;11;24;31;-7;27;12;5;3;4;14;14;0;18;12;2;3;7;10;17;-7;9;3.9;3.4;2.1;0;4;A
25;11/02/2017;West Ham;24;9;4;11;32;41;-9;31;12;5;2;5;12;20;-8;17;12;4;2;6;20;21;-1;14;West Bromwich;24;10;6;8;32;29;3;36;12;7;2;3;22;14;8;23;12;3;4;5;10;15;-5;13;2.25;3.3;3.6;2;2;D
25;12/02/2017;Burnley;24;9;2;13;26;35;-9;29;13;9;1;3;21;11;10;28;11;0;1;10;5;24;-19;1;Chelsea;24;19;2;3;51;17;34;59;12;11;0;1;33;7;26;33;12;8;2;2;18;10;8;26;9;5;1.4;1;1;D
25;12/02/2017;Swansea;24;6;3;15;29;54;-25;21;12;3;2;7;16;28;-12;11;12;3;1;8;13;26;-13;10;Leicester;24;5;6;13;24;41;-17;21;12;5;3;4;16;16;0;18;12;0;3;9;8;25;-17;3;2.4;3.3;3.25;2;0;H
25;13/02/2017;Bournemouth;24;7;5;12;35;47;-12;26;12;5;3;4;21;19;2;18;12;2;2;8;14;28;-14;8;Man City;24;15;4;5;49;29;20;49;12;7;4;1;23;13;10;25;12;8;0;4;26;16;10;24;7.5;5;1.44;0;2;A
26;25/02/2017;Chelsea;25;19;3;3;52;18;34;60;12;11;0;1;33;7;26;33;13;8;3;2;19;11;8;27;Swansea;25;7;3;15;31;54;-23;24;13;4;2;7;18;28;-10;14;12;3;1;8;13;26;-13;10;1.25;6.5;15;3;1;H
26;25/02/2017;Crystal Palace;25;5;4;16;32;46;-14;19;12;2;1;9;13;20;-7;7;13;3;3;7;19;26;-7;12;Middlesbrough;25;4;10;11;19;27;-8;22;13;3;4;6;11;14;-3;13;12;1;6;5;8;13;-5;9;2.1;3.2;4.2;1;0;H
26;25/02/2017;Everton;25;11;8;6;40;27;13;41;12;7;4;1;25;10;15;25;13;4;4;5;15;17;-2;16;Sunderland;25;5;4;16;24;46;-22;19;13;3;3;7;14;24;-10;12;12;2;1;9;10;22;-12;7;1.4;5.25;8.5;2;0;H
26;25/02/2017;Hull;25;5;5;15;22;49;-27;20;12;4;3;5;16;21;-5;15;13;1;2;10;6;28;-22;5;Burnley;25;9;3;13;27;36;-9;30;14;9;2;3;22;12;10;29;11;0;1;10;5;24;-19;1;2.15;3.3;3.9;1;1;D
26;25/02/2017;Watford;25;8;6;11;29;42;-13;30;12;5;3;4;17;18;-1;18;13;3;3;7;12;24;-12;12;West Ham;25;9;5;11;34;43;-9;32;13;5;3;5;14;22;-8;18;12;4;2;6;20;21;-1;14;2.63;3.3;2.9;1;1;D
26;25/02/2017;West Bromwich;25;10;7;8;34;31;3;37;12;7;2;3;22;14;8;23;13;3;5;5;12;17;-5;14;Bournemouth;25;7;5;13;35;49;-14;26;13;5;3;5;21;21;0;18;12;2;2;8;14;28;-14;8;2.1;3.4;4;2;1;H
26;26/02/2017;Tottenham;25;14;8;3;46;18;28;50;12;10;2;0;26;5;21;32;13;4;6;3;20;13;7;18;Stoke;25;8;8;9;30;36;-6;32;13;5;5;3;16;15;1;20;12;3;3;6;14;21;-7;12;1.44;5;7.5;4;0;H
26;27/02/2017;Leicester;25;5;6;14;24;43;-19;21;12;5;3;4;16;16;0;18;13;0;3;10;8;27;-19;3;Liverpool;25;14;7;4;54;30;24;49;12;8;3;1;31;11;20;27;13;6;4;3;23;19;4;22;5.5;4.2;1.65;3;1;H
27;04/03/2017;Leicester;26;6;6;14;27;44;-17;24;13;6;3;4;19;17;2;21;13;0;3;10;8;27;-19;3;Hull;26;5;6;15;23;50;-27;21;13;4;4;5;17;22;-5;16;13;1;2;10;6;28;-22;5;1.85;3.6;4.75;3;1;H
27;04/03/2017;Liverpool;26;14;7;5;55;33;22;49;12;8;3;1;31;11;20;27;14;6;4;4;24;22;2;22;Arsenal;26;16;5;5;56;28;28;53;13;9;2;2;26;13;13;29;13;7;3;3;30;15;15;24;2.15;3.6;3.6;3;1;H
27;04/03/2017;Man Utd;26;13;10;3;38;21;17;49;13;6;6;1;19;9;10;24;13;7;4;2;19;12;7;25;Bournemouth;26;7;5;14;36;51;-15;26;13;5;3;5;21;21;0;18;13;2;2;9;15;30;-15;8;1.25;6.5;15;1;1;D
27;04/03/2017;Stoke;26;8;8;10;30;40;-10;32;13;5;5;3;16;15;1;20;13;3;3;7;14;25;-11;12;Middlesbrough;26;4;10;12;19;28;-9;22;13;3;4;6;11;14;-3;13;13;1;6;6;8;14;-6;9;1.95;3.4;4.5;2;0;H
27;04/03/2017;Swansea;26;7;3;16;32;57;-25;24;13;4;2;7;18;28;-10;14;13;3;1;9;14;29;-15;10;Burnley;26;9;4;13;28;37;-9;31;14;9;2;3;22;12;10;29;12;0;2;10;6;25;-19;2;2;3.5;4.2;3;2;H
27;04/03/2017;Watford;26;8;7;11;30;43;-13;31;13;5;4;4;18;19;-1;19;13;3;3;7;12;24;-12;12;Southampton;26;8;6;12;28;33;-5;30;13;5;3;5;14;16;-2;18;13;3;3;7;14;17;-3;12;3.6;3.4;2.2;3;4;A
27;04/03/2017;West Bromwich;26;11;7;8;36;32;4;40;13;8;2;3;24;15;9;26;13;3;5;5;12;17;-5;14;Crystal Palace;26;6;4;16;33;46;-13;22;13;3;1;9;14;20;-6;10;13;3;3;7;19;26;-7;12;2.2;3.3;3.8;0;2;A
27;05/03/2017;Sunderland;26;5;4;17;24;48;-24;19;13;3;3;7;14;24;-10;12;13;2;1;10;10;24;-14;7;Man City;26;16;5;5;51;29;22;53;13;7;5;1;23;13;10;26;13;9;0;4;28;16;12;27;11;6.5;1.29;0;2;A
27;05/03/2017;Tottenham;26;15;8;3;50;18;32;53;13;11;2;0;30;5;25;35;13;4;6;3;20;13;7;18;Everton;26;12;8;6;42;27;15;44;13;8;4;1;27;10;17;28;13;4;4;5;15;17;-2;16;1.67;4.2;5.25;3;2;H
27;06/03/2017;West Ham;26;9;6;11;35;44;-9;33;13;5;3;5;14;22;-8;18;13;4;3;6;21;22;-1;15;Chelsea;26;20;3;3;55;19;36;63;13;12;0;1;36;8;28;36;13;8;3;2;19;11;8;27;6;4.1;1.62;1;2;A
28;08/03/2017;Man City;27;17;5;5;53;29;24;56;13;7;5;1;23;13;10;26;14;10;0;4;30;16;14;30;Stoke;27;9;8;10;32;40;-8;35;14;6;5;3;18;15;3;23;13;3;3;7;14;25;-11;12;1.25;6.5;15;0;0;D
28;11/03/2017;Bournemouth;27;7;6;14;37;52;-15;27;13;5;3;5;21;21;0;18;14;2;3;9;16;31;-15;9;West Ham;27;9;6;12;36;46;-10;33;14;5;3;6;15;24;-9;18;13;4;3;6;21;22;-1;15;2.6;3.5;2.8;3;2;H
28;11/03/2017;Everton;27;12;8;7;44;30;14;44;13;8;4;1;27;10;17;28;14;4;4;6;17;20;-3;16;West Bromwich;27;11;7;9;36;34;2;40;14;8;2;4;24;17;7;26;13;3;5;5;12;17;-5;14;1.67;3.8;6;3;0;H
28;11/03/2017;Hull;27;5;6;16;24;53;-29;21;13;4;4;5;17;22;-5;16;14;1;2;11;7;31;-24;5;Swansea;27;8;3;16;35;59;-24;27;14;5;2;7;21;30;-9;17;13;3;1;9;14;29;-15;10;2.55;3.3;3;2;1;H
28;12/03/2017;Liverpool;27;15;7;5;58;34;24;52;13;9;3;1;34;12;22;30;14;6;4;4;24;22;2;22;Burnley;27;9;4;14;30;40;-10;31;14;9;2;3;22;12;10;29;13;0;2;11;8;28;-20;2;1.25;6.5;14;2;1;H
29;18/03/2017;Bournemouth;28;8;6;14;40;54;-14;30;14;6;3;5;24;23;1;21;14;2;3;9;16;31;-15;9;Swansea;28;8;3;17;36;61;-25;27;14;5;2;7;21;30;-9;17;14;3;1;10;15;31;-16;10;2.15;3.5;3.6;2;0;H
29;18/03/2017;Crystal Palace;28;7;4;17;35;47;-12;25;14;3;1;10;14;21;-7;10;14;4;3;7;21;26;-5;15;Watford;28;8;7;13;36;51;-15;31;14;5;4;5;21;23;-2;19;14;3;3;8;15;28;-13;12;1.91;3.5;4.75;1;0;H
29;18/03/2017;Everton;28;13;8;7;47;30;17;47;14;9;4;1;30;10;20;31;14;4;4;6;17;20;-3;16;Hull;28;6;6;16;26;54;-28;24;14;5;4;5;19;23;-4;19;14;1;2;11;7;31;-24;5;1.53;4.33;7;4;0;H
29;18/03/2017;Stoke;28;9;9;10;32;40;-8;36;14;6;5;3;18;15;3;23;14;3;4;7;14;25;-11;13;Chelsea;28;22;3;3;61;23;38;69;14;13;0;1;40;11;29;39;14;9;3;2;21;12;9;30;6.5;4;1.62;1;2;A
29;18/03/2017;Sunderland;28;5;4;19;24;51;-27;19;14;3;3;8;14;26;-12;12;14;2;1;11;10;25;-15;7;Burnley;28;9;4;15;31;42;-11;31;14;9;2;3;22;12;10;29;14;0;2;12;9;30;-21;2;2.55;3.3;3;0;0;D
29;18/03/2017;West Bromwich;28;11;7;10;36;37;-1;40;14;8;2;4;24;17;7;26;14;3;5;6;12;20;-8;14;Arsenal;28;17;5;6;58;31;27;56;14;10;2;2;27;13;14;32;14;7;3;4;31;18;13;24;5.25;4;1.73;3;1;H
29;18/03/2017;West Ham;28;9;6;13;38;49;-11;33;14;5;3;6;15;24;-9;18;14;4;3;7;23;25;-2;15;Leicester;28;7;6;15;30;46;-16;27;14;7;3;4;22;18;4;24;14;0;3;11;8;28;-20;3;2.3;3.5;3.3;2;3;A
29;19/03/2017;Man City;28;17;6;5;53;29;24;57;14;7;6;1;23;13;10;27;14;10;0;4;30;16;14;30;Liverpool;28;16;7;5;60;35;25;55;14;10;3;1;36;13;23;33;14;6;4;4;24;22;2;22;2;3.75;3.8;1;1;D
29;19/03/2017;Middlesbrough;28;5;10;13;20;30;-10;25;14;4;4;6;12;14;-2;16;14;1;6;7;8;16;-8;9;Man Utd;28;13;12;3;39;22;17;51;14;6;7;1;20;10;10;25;14;7;5;2;19;12;7;26;6;3.7;1.7;1;3;A
29;19/03/2017;Tottenham;28;17;8;3;54;20;34;59;14;12;2;0;33;7;26;38;14;5;6;3;21;13;8;21;Southampton;28;9;7;12;32;36;-4;34;14;5;4;5;14;16;-2;19;14;4;3;7;18;20;-2;15;1.73;3.8;5.5;2;1;H
30;01/04/2017;Burnley;29;9;5;15;31;42;-11;32;14;9;2;3;22;12;10;29;15;0;3;12;9;30;-21;3;Tottenham;29;18;8;3;56;21;35;62;15;13;2;0;35;8;27;41;14;5;6;3;21;13;8;21;5.75;3.8;1.7;0;2;A
30;01/04/2017;Chelsea;29;23;3;3;63;24;39;72;14;13;0;1;40;11;29;39;15;10;3;2;23;13;10;33;Crystal Palace;29;8;4;17;36;47;-11;28;15;4;1;10;15;21;-6;13;14;4;3;7;21;26;-5;15;1.3;5.75;12;1;2;A
30;01/04/2017;Hull;29;6;6;17;26;58;-32;24;14;5;4;5;19;23;-4;19;15;1;2;12;7;35;-28;5;West Ham;29;9;6;14;40;52;-12;33;15;5;3;7;17;27;-10;18;14;4;3;7;23;25;-2;15;2.45;3.4;3.1;2;1;H
30;01/04/2017;Leicester;29;8;6;15;33;48;-15;30;14;7;3;4;22;18;4;24;15;1;3;11;11;30;-19;6;Stoke;29;9;9;11;33;42;-9;36;15;6;5;4;19;17;2;23;14;3;4;7;14;25;-11;13;2.05;3.5;4;2;0;H
30;01/04/2017;Liverpool;29;16;8;5;61;36;25;56;14;10;3;1;36;13;23;33;15;6;5;4;25;23;2;23;Everton;29;14;8;7;51;30;21;50;15;10;4;1;34;10;24;34;14;4;4;6;17;20;-3;16;1.73;3.9;5.25;3;1;H
30;01/04/2017;Man Utd;29;14;12;3;42;23;19;54;14;6;7;1;20;10;10;25;15;8;5;2;22;13;9;29;West Bromwich;29;12;7;10;39;38;1;43;15;9;2;4;27;18;9;29;14;3;5;6;12;20;-8;14;1.36;5;11;0;0;D
30;01/04/2017;Southampton;29;9;7;13;33;38;-5;34;14;5;4;5;14;16;-2;19;15;4;3;8;19;22;-3;15;Bournemouth;29;9;6;14;42;54;-12;33;15;7;3;5;26;23;3;24;14;2;3;9;16;31;-15;9;1.65;4;6;0;0;D
30;01/04/2017;Watford;29;8;7;14;36;52;-16;31;14;5;4;5;21;23;-2;19;15;3;3;9;15;29;-14;12;Sunderland;29;5;5;19;24;51;-27;20;15;3;4;8;14;26;-12;13;14;2;1;11;10;25;-15;7;1.85;3.6;4.75;1;0;H
30;02/04/2017;Arsenal;29;17;5;7;59;34;25;56;14;10;2;2;27;13;14;32;15;7;3;5;32;21;11;24;Man City;29;17;7;5;54;30;24;58;15;7;7;1;24;14;10;28;14;10;0;4;30;16;14;30;3.1;3.75;2.3;2;2;D
30;02/04/2017;Swansea;29;8;3;18;36;63;-27;27;14;5;2;7;21;30;-9;17;15;3;1;11;15;33;-18;10;Middlesbrough;29;5;10;14;21;33;-12;25;15;4;4;7;13;17;-4;16;14;1;6;7;8;16;-8;9;2;3.4;4.33;0;0;D
31;04/04/2017;Burnley;30;9;5;16;31;44;-13;32;15;9;2;4;22;14;8;29;15;0;3;12;9;30;-21;3;Stoke;30;9;9;12;33;44;-11;36;15;6;5;4;19;17;2;23;15;3;4;8;14;27;-13;13;2.5;3.1;3.3;1;0;H
31;04/04/2017;Leicester;30;9;6;15;35;48;-13;33;15;8;3;4;24;18;6;27;15;1;3;11;11;30;-19;6;Sunderland;30;5;5;20;24;52;-28;20;15;3;4;8;14;26;-12;13;15;2;1;12;10;26;-16;7;1.45;4.5;8.5;2;0;H
31;04/04/2017;Man Utd;30;14;13;3;42;23;19;55;15;6;8;1;20;10;10;26;15;8;5;2;22;13;9;29;Everton;30;14;8;8;52;33;19;50;15;10;4;1;34;10;24;34;15;4;4;7;18;23;-5;16;1.57;4.2;6.5;1;1;D
31;04/04/2017;Watford;30;9;7;14;37;52;-15;34;15;6;4;5;22;23;-1;22;15;3;3;9;15;29;-14;12;West Bromwich;30;12;8;10;39;38;1;44;15;9;2;4;27;18;9;29;15;3;6;6;12;20;-8;15;2.5;3.2;3.2;2;0;H
31;05/04/2017;Arsenal;30;17;6;7;61;36;25;57;15;10;3;2;29;15;14;33;15;7;3;5;32;21;11;24;West Ham;30;9;6;15;41;54;-13;33;15;5;3;7;17;27;-10;18;15;4;3;8;24;27;-3;15;1.4;5.25;8;3;0;H
31;05/04/2017;Chelsea;30;23;3;4;64;26;38;72;15;13;0;2;41;13;28;39;15;10;3;2;23;13;10;33;Man City;30;17;8;5;56;32;24;59;15;7;7;1;24;14;10;28;15;10;1;4;32;18;14;31;2.4;3.5;3.1;2;1;H
31;05/04/2017;Hull;30;7;6;17;28;59;-31;27;15;6;4;5;21;24;-3;22;15;1;2;12;7;35;-28;5;Middlesbrough;30;5;11;14;21;33;-12;26;15;4;4;7;13;17;-4;16;15;1;7;7;8;16;-8;10;2.05;3.3;4.2;4;2;H
31;05/04/2017;Liverpool;30;17;8;5;64;37;27;59;15;11;3;1;39;14;25;36;15;6;5;4;25;23;2;23;Bournemouth;30;9;7;14;42;54;-12;34;15;7;3;5;26;23;3;24;15;2;4;9;16;31;-15;10;1.36;5.25;9.5;2;2;D
31;05/04/2017;Southampton;30;9;8;13;33;38;-5;35;15;5;5;5;14;16;-2;20;15;4;3;8;19;22;-3;15;Crystal Palace;30;9;4;17;38;48;-10;31;15;4;1;10;15;21;-6;13;15;5;3;7;23;27;-4;18;1.83;3.7;4.75;3;1;H
31;05/04/2017;Swansea;30;8;4;18;36;63;-27;28;15;5;3;7;21;30;-9;18;15;3;1;11;15;33;-18;10;Tottenham;30;19;8;3;58;21;37;65;15;13;2;0;35;8;27;41;15;6;6;3;23;13;10;24;5;4;1.73;1;3;A
32;08/04/2017;Bournemouth;31;9;8;14;44;56;-12;35;15;7;3;5;26;23;3;24;16;2;5;9;18;33;-15;11;Chelsea;31;24;3;4;66;27;39;75;16;14;0;2;43;14;29;42;15;10;3;2;23;13;10;33;6.5;4;1.6;1;3;A
32;08/04/2017;Man City;31;17;8;6;57;34;23;59;15;7;7;1;24;14;10;28;16;10;1;5;33;20;13;31;Hull;31;8;6;17;32;61;-29;30;16;7;4;5;25;26;-1;25;15;1;2;12;7;35;-28;5;1.2;7.5;17;3;1;H
32;08/04/2017;Middlesbrough;31;5;11;15;23;37;-14;26;15;4;4;7;13;17;-4;16;16;1;7;8;10;20;-10;10;Burnley;31;10;5;16;32;44;-12;35;16;10;2;4;23;14;9;32;15;0;3;12;9;30;-21;3;2.45;3.1;3.4;0;0;D
32;08/04/2017;Stoke;31;9;9;13;33;45;-12;36;15;6;5;4;19;17;2;23;16;3;4;9;14;28;-14;13;Liverpool;31;17;9;5;66;39;27;60;16;11;4;1;41;16;25;37;15;6;5;4;25;23;2;23;4;3.75;1.95;1;2;A
32;08/04/2017;Tottenham;31;20;8;3;61;22;39;68;15;13;2;0;35;8;27;41;16;7;6;3;26;14;12;27;Watford;31;10;7;14;39;52;-13;37;16;7;4;5;24;23;1;25;15;3;3;9;15;29;-14;12;1.25;6.5;15;4;0;H
32;08/04/2017;West Bromwich;31;12;8;11;39;40;-1;44;15;9;2;4;27;18;9;29;16;3;6;7;12;22;-10;15;Southampton;31;10;8;13;36;39;-3;38;16;6;5;5;17;17;0;23;15;4;3;8;19;22;-3;15;3;3.3;2.55;0;1;A
32;08/04/2017;West Ham;31;9;6;16;41;57;-16;33;15;5;3;7;17;27;-10;18;16;4;3;9;24;30;-6;15;Swansea;31;8;4;19;37;66;-29;28;16;5;3;8;22;33;-11;18;15;3;1;11;15;33;-18;10;2.1;3.6;3.7;1;0;H
32;09/04/2017;Everton;31;14;9;8;53;34;19;51;15;10;4;1;34;10;24;34;16;4;5;7;19;24;-5;17;Leicester;31;10;6;15;37;48;-11;36;16;9;3;4;26;18;8;30;15;1;3;11;11;30;-19;6;1.75;3.9;5;4;2;H
32;09/04/2017;Sunderland;31;5;5;21;24;54;-30;20;15;3;4;8;14;26;-12;13;16;2;1;13;10;28;-18;7;Man Utd;31;14;14;3;43;24;19;56;16;6;9;1;21;11;10;27;15;8;5;2;22;13;9;29;10;5.25;1.36;0;3;A
32;10/04/2017;Crystal Palace;31;9;4;18;39;51;-12;31;15;4;1;10;15;21;-6;13;16;5;3;8;24;30;-6;18;Arsenal;31;18;6;7;64;36;28;60;16;11;3;2;32;15;17;36;15;7;3;5;32;21;11;24;4.5;3.9;1.83;3;0;H
33;15/04/2017;Crystal Palace;32;10;4;18;42;51;-9;34;16;5;1;10;18;21;-3;16;16;5;3;8;24;30;-6;18;Leicester;32;10;6;16;39;52;-13;36;16;9;3;4;26;18;8;30;16;1;3;12;13;34;-21;6;1.73;3.6;4.75;2;2;D
33;15/04/2017;Everton;32;15;9;8;57;36;21;54;16;11;4;1;38;12;26;37;16;4;5;7;19;24;-5;17;Burnley;32;10;6;16;32;44;-12;36;16;10;2;4;23;14;9;32;16;0;4;12;9;30;-21;4;1.4;4.5;8;3;1;H
33;15/04/2017;Southampton;32;11;8;13;37;39;-2;41;16;6;5;5;17;17;0;23;16;5;3;8;20;22;-2;18;Man City;32;18;8;6;60;35;25;62;16;8;7;1;27;15;12;31;16;10;1;5;33;20;13;31;4.33;4;1.73;0;3;A
33;15/04/2017;Stoke;32;9;9;14;34;47;-13;36;16;6;5;5;20;19;1;23;16;3;4;9;14;28;-14;13;Hull;32;8;6;18;33;64;-31;30;16;7;4;5;25;26;-1;25;16;1;2;13;8;38;-30;5;1.95;3.3;4;3;1;H
33;15/04/2017;Sunderland;32;5;5;22;24;57;-33;20;16;3;4;9;14;29;-15;13;16;2;1;13;10;28;-18;7;West Ham;32;10;6;16;42;57;-15;36;16;6;3;7;18;27;-9;21;16;4;3;9;24;30;-6;15;3.3;3.25;2.2;2;2;D
33;15/04/2017;Tottenham;32;21;8;3;65;22;43;71;16;14;2;0;39;8;31;44;16;7;6;3;26;14;12;27;Bournemouth;32;9;8;15;45;59;-14;35;16;7;3;6;27;26;1;24;16;2;5;9;18;33;-15;11;1.25;6;10;4;0;H
33;15/04/2017;Watford;32;10;7;15;39;56;-17;37;16;7;4;5;24;23;1;25;16;3;3;10;15;33;-18;12;Swansea;32;8;4;20;37;67;-30;28;16;5;3;8;22;33;-11;18;16;3;1;12;15;34;-19;10;2.4;3.3;2.9;1;0;H
33;16/04/2017;Man Utd;32;15;14;3;46;24;22;59;16;6;9;1;21;11;10;27;16;9;5;2;25;13;12;32;Chelsea;32;25;3;4;69;28;41;78;16;14;0;2;43;14;29;42;16;11;3;2;26;14;12;36;2.55;3.2;2.8;2;0;H
33;16/04/2017;West Bromwich;32;12;8;12;39;41;-2;44;16;9;2;5;27;19;8;29;16;3;6;7;12;22;-10;15;Liverpool;32;18;9;5;68;40;28;63;16;11;4;1;41;16;25;37;16;7;5;4;27;24;3;26;4;3.8;1.8;0;1;A
33;17/04/2017;Middlesbrough;32;5;12;15;23;37;-14;27;16;4;5;7;13;17;-4;17;16;1;7;8;10;20;-10;10;Arsenal;32;18;6;8;64;39;25;60;16;11;3;2;32;15;17;36;16;7;3;6;32;24;8;24;7;4;1.5;1;2;A
34;22/04/2017;Bournemouth;33;9;8;16;45;63;-18;35;16;7;3;6;27;26;1;24;17;2;5;10;18;37;-19;11;Middlesbrough;33;5;12;16;24;39;-15;27;17;4;5;8;14;19;-5;17;16;1;7;8;10;20;-10;10;1.85;3.75;4.5;4;0;H
34;22/04/2017;Hull;33;8;6;19;34;67;-33;30;16;7;4;5;25;26;-1;25;17;1;2;14;9;41;-32;5;Watford;33;11;7;15;40;56;-16;40;17;8;4;5;25;23;2;28;16;3;3;10;15;33;-18;12;1.91;3.7;4.33;2;0;H
34;22/04/2017;Swansea;33;8;4;21;37;68;-31;28;16;5;3;8;22;33;-11;18;17;3;1;13;15;35;-20;10;Stoke;33;10;9;14;37;48;-11;39;17;7;5;5;23;20;3;26;16;3;4;9;14;28;-14;13;2.2;3.4;3.6;2;0;H
34;22/04/2017;West Ham;33;10;7;16;44;59;-15;37;16;6;3;7;18;27;-9;21;17;4;4;9;26;32;-6;16;Everton;33;16;9;8;60;37;23;57;17;12;4;1;41;13;28;40;16;4;5;7;19;24;-5;17;3.3;3.6;2.25;0;0;D
34;23/04/2017;Burnley;33;10;6;17;33;47;-14;36;16;10;2;4;23;14;9;32;17;0;4;13;10;33;-23;4;Man Utd;33;16;14;3;48;24;24;62;17;7;9;1;23;11;12;30;16;9;5;2;25;13;12;32;5.75;4;1.67;0;2;A
34;23/04/2017;Liverpool;33;19;9;5;69;40;29;66;16;11;4;1;41;16;25;37;17;8;5;4;28;24;4;29;Crystal Palace;33;10;5;18;44;53;-9;35;17;5;2;10;20;23;-3;17;16;5;3;8;24;30;-6;18;1.5;4.75;7;1;2;A
34;25/04/2017;Chelsea;33;25;3;5;69;30;39;78;16;14;0;2;43;14;29;42;17;11;3;3;26;16;10;36;Southampton;33;11;8;14;37;42;-5;41;17;6;5;6;17;20;-3;23;16;5;3;8;20;22;-2;18;1.45;4.6;8.5;4;2;H
35;29/04/2017;Crystal Palace;34;11;5;18;46;54;-8;38;17;5;2;10;20;23;-3;17;17;6;3;8;26;31;-5;21;Burnley;34;10;6;18;33;49;-16;36;17;10;2;5;23;16;7;32;17;0;4;13;10;33;-23;4;1.75;3.5;4.75;0;2;A
35;29/04/2017;Southampton;34;11;8;15;39;46;-7;41;17;6;5;6;17;20;-3;23;17;5;3;9;22;26;-4;18;Hull;34;9;6;19;36;67;-31;33;17;8;4;5;27;26;1;28;17;1;2;14;9;41;-32;5;1.6;3.75;5.75;0;0;D
35;29/04/2017;Stoke;34;10;9;15;37;50;-13;39;17;7;5;5;23;20;3;26;17;3;4;10;14;30;-16;13;West Ham;34;10;8;16;44;59;-15;38;17;6;4;7;18;27;-9;22;17;4;4;9;26;32;-6;16;2;3.5;3.6;0;0;D
35;29/04/2017;Sunderland;34;5;6;23;26;61;-35;21;17;3;5;9;16;31;-15;14;17;2;1;14;10;30;-20;7;Bournemouth;34;10;8;16;49;63;-14;38;17;8;3;6;31;26;5;27;17;2;5;10;18;37;-19;11;3;3.4;2.3;0;1;A
35;29/04/2017;West Bromwich;34;12;8;14;40;45;-5;44;17;9;2;6;27;20;7;29;17;3;6;8;13;25;-12;15;Leicester;34;10;7;17;42;60;-18;37;17;9;3;5;27;24;3;30;17;1;4;12;15;36;-21;7;2.4;3.5;2.75;0;1;A
35;30/04/2017;Everton;34;16;10;8;60;37;23;58;17;12;4;1;41;13;28;40;17;4;6;7;19;24;-5;18;Chelsea;34;26;3;5;73;32;41;81;17;15;0;2;47;16;31;45;17;11;3;3;26;16;10;36;3.5;3.6;2;0;3;A
35;30/04/2017;Man Utd;34;17;14;3;50;24;26;65;17;7;9;1;23;11;12;30;17;10;5;2;27;13;14;35;Swansea;34;9;4;21;39;68;-29;31;17;6;3;8;24;33;-9;21;17;3;1;13;15;35;-20;10;1.36;4.75;8;1;1;D
35;30/04/2017;Middlesbrough;34;5;12;17;24;43;-19;27;17;4;5;8;14;19;-5;17;17;1;7;9;10;24;-14;10;Man City;34;20;8;6;66;36;30;68;17;9;7;1;30;16;14;34;17;11;1;5;36;20;16;34;13;5.25;1.25;2;2;D
35;30/04/2017;Tottenham;34;23;8;3;75;23;52;77;17;15;2;0;43;8;35;47;17;8;6;3;32;15;17;30;Arsenal;34;20;6;8;68;40;28;66;17;12;3;2;34;15;19;39;17;8;3;6;34;25;9;27;1.85;3.75;4;2;0;H
35;01/05/2017;Watford;34;11;7;16;40;58;-18;40;17;8;4;5;25;23;2;28;17;3;3;11;15;35;-20;12;Liverpool;34;19;9;6;70;42;28;66;17;11;4;2;42;18;24;37;17;8;5;4;28;24;4;29;5.75;4.5;1.5;0;1;A
36;05/05/2017;West Ham;35;10;9;16;44;59;-15;39;17;6;4;7;18;27;-9;22;18;4;5;9;26;32;-6;17;Tottenham;35;24;8;3;77;23;54;80;18;16;2;0;45;8;37;50;17;8;6;3;32;15;17;30;8.5;5.25;1.4;1;0;H
36;06/05/2017;Bournemouth;35;11;8;16;50;63;-13;41;17;8;3;6;31;26;5;27;18;3;5;10;19;37;-18;14;Stoke;35;10;10;15;37;50;-13;40;18;7;6;5;23;20;3;27;17;3;4;10;14;30;-16;13;2.25;3.6;3.3;2;2;D
36;06/05/2017;Burnley;35;11;6;18;35;49;-14;39;17;10;2;5;23;16;7;32;18;1;4;13;12;33;-21;7;West Bromwich;35;12;8;15;40;46;-6;44;18;9;2;7;27;21;6;29;17;3;6;8;13;25;-12;15;2.25;3.3;3.6;2;2;D
36;06/05/2017;Hull;35;9;7;19;36;67;-31;34;17;8;4;5;27;26;1;28;18;1;3;14;9;41;-32;6;Sunderland;35;5;6;24;26;62;-36;21;18;3;5;10;16;32;-16;14;17;2;1;14;10;30;-20;7;1.44;4.75;8;0;2;A
36;06/05/2017;Leicester;35;11;7;17;43;60;-17;40;17;9;3;5;27;24;3;30;18;2;4;12;16;36;-20;10;Watford;35;11;7;17;40;59;-19;40;18;8;4;6;25;24;1;28;17;3;3;11;15;35;-20;12;1.57;4.2;6.5;3;0;H
36;06/05/2017;Man City;35;20;9;6;68;38;30;69;17;9;7;1;30;16;14;34;18;11;2;5;38;22;16;35;Crystal Palace;35;11;5;19;46;56;-10;38;18;5;2;11;20;25;-5;17;17;6;3;8;26;31;-5;21;1.29;6.5;11;5;0;H
36;06/05/2017;Swansea;35;9;5;21;40;69;-29;32;17;6;3;8;24;33;-9;21;18;3;2;13;16;36;-20;11;Everton;35;16;10;9;60;40;20;58;18;12;4;2;41;16;25;40;17;4;6;7;19;24;-5;18;2.8;3.5;2.63;1;0;H
36;07/05/2017;Arsenal;35;20;6;9;68;42;26;66;17;12;3;2;34;15;19;39;18;8;3;7;34;27;7;27;Man Utd;35;17;15;3;51;25;26;66;18;7;10;1;24;12;12;31;17;10;5;2;27;13;14;35;1.91;3.7;4.33;2;0;H
36;07/05/2017;Liverpool;35;20;9;6;71;42;29;69;17;11;4;2;42;18;24;37;18;9;5;4;29;24;5;32;Southampton;35;11;9;15;39;46;-7;42;18;6;6;6;17;20;-3;24;17;5;3;9;22;26;-4;18;1.62;4.2;6;0;0;D
36;08/05/2017;Chelsea;35;27;3;5;76;32;44;84;17;15;0;2;47;16;31;45;18;12;3;3;29;16;13;39;Middlesbrough;35;5;13;17;26;45;-19;28;18;4;6;8;16;21;-5;18;17;1;7;9;10;24;-14;10;1.17;9;19;3;0;H
37;12/05/2017;Everton;36;16;10;10;60;41;19;58;18;12;4;2;41;16;25;40;18;4;6;8;19;25;-6;18;Watford;36;11;7;18;40;62;-22;40;18;8;4;6;25;24;1;28;18;3;3;12;15;38;-23;12;1.5;4.5;7.5;1;0;H
37;12/05/2017;West Bromwich;36;12;9;15;42;48;-6;45;18;9;2;7;27;21;6;29;18;3;7;8;15;27;-12;16;Chelsea;36;28;3;5;79;32;47;87;18;16;0;2;50;16;34;48;18;12;3;3;29;16;13;39;10;5.25;1.36;0;1;A
37;13/05/2017;Bournemouth;36;11;9;16;52;65;-13;42;18;8;4;6;33;28;5;28;18;3;5;10;19;37;-18;14;Burnley;36;11;7;18;37;51;-14;40;18;10;3;5;25;18;7;33;18;1;4;13;12;33;-21;7;1.91;3.75;4.2;2;1;H
37;13/05/2017;Man City;36;21;9;6;73;38;35;72;18;10;7;1;35;16;19;37;18;11;2;5;38;22;16;35;Leicester;36;12;7;17;46;60;-14;43;18;10;3;5;30;24;6;33;18;2;4;12;16;36;-20;10;1.25;7;12;2;1;H
37;13/05/2017;Middlesbrough;36;5;13;18;26;48;-22;28;18;4;6;8;16;21;-5;18;18;1;7;10;10;27;-17;10;Southampton;36;11;10;15;39;46;-7;43;18;6;6;6;17;20;-3;24;18;5;4;9;22;26;-4;19;4;3.6;2;1;2;A
37;13/05/2017;Stoke;36;10;11;15;39;52;-13;41;18;7;6;5;23;20;3;27;18;3;5;10;16;32;-16;14;Arsenal;36;21;6;9;70;42;28;69;18;13;3;2;36;15;21;42;18;8;3;7;34;27;7;27;4.75;4.1;1.75;1;4;A
37;13/05/2017;Sunderland;36;6;6;24;28;62;-34;24;18;3;5;10;16;32;-16;14;18;3;1;14;12;30;-18;10;Swansea;36;10;5;21;41;69;-28;35;18;7;3;8;25;33;-8;24;18;3;2;13;16;36;-20;11;4.2;3.8;1.91;0;2;A
37;14/05/2017;Crystal Palace;36;11;5;20;46;61;-15;38;18;5;2;11;20;25;-5;17;18;6;3;9;26;36;-10;21;Hull;36;9;7;20;36;69;-33;34;18;8;4;6;27;28;-1;28;18;1;3;14;9;41;-32;6;2.1;3.6;3.75;4;0;H
37;14/05/2017;Tottenham;36;24;8;4;77;24;53;80;18;16;2;0;45;8;37;50;18;8;6;4;32;16;16;30;Man Utd;36;17;15;4;51;27;24;66;18;7;10;1;24;12;12;31;18;10;5;3;27;15;12;35;1.73;3.9;5.25;2;1;H
37;14/05/2017;West Ham;36;11;9;16;45;59;-14;42;18;7;4;7;19;27;-8;25;18;4;5;9;26;32;-6;17;Liverpool;36;20;10;6;71;42;29;70;18;11;5;2;42;18;24;38;18;9;5;4;29;24;5;32;5.25;4;1.7;0;4;A
38;21/05/2017;Arsenal;37;22;6;9;74;43;31;72;18;13;3;2;36;15;21;42;19;9;3;7;38;28;10;30;Everton;37;17;10;10;61;41;20;61;19;13;4;2;42;16;26;43;18;4;6;8;19;25;-6;18;1.45;5;7.5;3;1;H
38;21/05/2017;Burnley;37;11;7;19;38;53;-15;40;18;10;3;5;25;18;7;33;19;1;4;14;13;35;-22;7;West Ham;37;11;9;17;45;63;-18;42;19;7;4;8;19;31;-12;25;18;4;5;9;26;32;-6;17;2.45;3.5;3;1;2;A
38;21/05/2017;Chelsea;37;29;3;5;80;32;48;90;18;16;0;2;50;16;34;48;19;13;3;3;30;16;14;42;Sunderland;37;6;6;25;28;64;-36;24;19;3;5;11;16;34;-18;14;18;3;1;14;12;30;-18;10;1.14;9;23;5;1;H
38;21/05/2017;Hull;37;9;7;21;36;73;-37;34;18;8;4;6;27;28;-1;28;19;1;3;15;9;45;-36;6;Tottenham;37;25;8;4;79;25;54;83;19;17;2;0;47;9;38;53;18;8;6;4;32;16;16;30;7;4.75;1.5;1;7;A
38;21/05/2017;Leicester;37;12;7;18;47;62;-15;43;18;10;3;5;30;24;6;33;19;2;4;13;17;38;-21;10;Bournemouth;37;12;9;16;54;66;-12;45;19;9;4;6;35;29;6;31;18;3;5;10;19;37;-18;14;2;3.6;4;1;1;D
38;21/05/2017;Liverpool;37;21;10;6;75;42;33;73;18;11;5;2;42;18;24;38;19;10;5;4;33;24;9;35;Middlesbrough;37;5;13;19;27;50;-23;28;19;4;6;9;17;23;-6;18;18;1;7;10;10;27;-17;10;1.14;9;23;3;0;H
38;21/05/2017;Man Utd;37;17;15;5;52;29;23;66;18;7;10;1;24;12;12;31;19;10;5;4;28;17;11;35;Crystal Palace;37;12;5;20;50;61;-11;41;19;6;2;11;24;25;-1;20;18;6;3;9;26;36;-10;21;2.5;3.3;3.1;2;0;H
38;21/05/2017;Southampton;37;12;10;15;41;47;-6;46;18;6;6;6;17;20;-3;24;19;6;4;9;24;27;-3;22;Stoke;37;10;11;16;40;56;-16;41;19;7;6;6;24;24;0;27;18;3;5;10;16;32;-16;14;1.8;3.8;4.75;0;1;A
38;21/05/2017;Swansea;37;11;5;21;43;69;-26;38;18;7;3;8;25;33;-8;24;19;4;2;13;18;36;-18;14;West Bromwich;37;12;9;16;42;49;-7;45;19;9;2;8;27;22;5;29;18;3;7;8;15;27;-12;16;2.1;3.5;3.75;2;1;H
38;21/05/2017;Watford;37;11;7;19;40;63;-23;40;18;8;4;6;25;24;1;28;19;3;3;13;15;39;-24;12;Man City;37;22;9;6;75;39;36;75;19;11;7;1;37;17;20;40;18;11;2;5;38;22;16;35;11;6;1.3;0;5;A
11;31/10/2015;Chelsea;10;3;2;5;15;19;-4;11;5;2;1;2;8;7;1;7;5;1;1;3;7;12;-5;4;Liverpool;10;3;5;2;9;11;-2;14;5;2;2;1;6;7;-1;8;5;1;3;1;3;4;-1;6;2.1;3.5;3.75;1;3;A
11;31/10/2015;Crystal Palace;10;5;0;5;12;11;1;15;5;2;0;3;6;7;-1;6;5;3;0;2;6;4;2;9;Man Utd;10;6;2;2;15;8;7;20;5;3;2;0;7;1;6;11;5;3;0;2;8;7;1;9;3.8;3.5;2.1;0;0;D
11;31/10/2015;Man City;10;7;1;2;24;8;16;22;5;4;0;1;17;4;13;12;5;3;1;1;7;4;3;10;Norwich;10;2;3;5;14;21;-7;9;5;1;1;3;6;8;-2;4;5;1;2;2;8;13;-5;5;1.29;6;12;2;1;H
11;31/10/2015;Newcastle;10;1;3;6;12;22;-10;6;5;1;2;2;11;9;2;5;5;0;1;4;1;13;-12;1;Stoke;10;3;3;4;9;12;-3;12;5;1;1;3;4;7;-3;4;5;2;2;1;5;5;0;8;2.4;3.4;3.2;0;0;D
11;31/10/2015;Swansea;10;3;4;3;12;12;0;13;5;2;2;1;6;4;2;8;5;1;2;2;6;8;-2;5;Arsenal;10;7;1;2;18;8;10;22;5;3;1;1;7;3;4;10;5;4;0;1;11;5;6;12;5;4;1.75;0;3;A
11;31/10/2015;Watford;10;3;4;3;8;10;-2;13;5;1;2;2;1;4;-3;5;5;2;2;1;7;6;1;8;West Ham;10;6;2;2;22;13;9;20;5;2;1;2;10;9;1;7;5;4;1;0;12;4;8;13;2.6;3.4;2.9;2;0;H
11;31/10/2015;West Bromwich;10;4;2;4;8;11;-3;14;5;1;1;3;5;9;-4;4;5;3;1;1;3;2;1;10;Leicester;10;5;4;1;20;17;3;19;5;3;1;1;11;10;1;10;5;2;3;0;9;7;2;9;2.9;3.4;2.6;2;3;A
11;01/11/2015;Everton;10;3;4;3;13;13;0;13;5;1;2;2;6;9;-3;5;5;2;2;1;7;4;3;8;Sunderland;10;1;3;6;11;19;-8;6;5;1;2;2;7;7;0;5;5;0;1;4;4;12;-8;1;1.5;4.5;7.5;6;2;H
11;01/11/2015;Southampton;10;3;5;2;16;13;3;14;5;2;1;2;10;9;1;7;5;1;4;0;6;4;2;7;Bournemouth;10;2;2;6;12;22;-10;8;5;1;2;2;5;8;-3;5;5;1;0;4;7;14;-7;3;1.55;4.33;6.5;2;0;H
11;02/11/2015;Tottenham;10;4;5;1;16;8;8;17;5;2;3;0;7;3;4;9;5;2;2;1;9;5;4;8;Aston Villa;10;1;1;8;9;17;-8;4;5;0;1;4;3;7;-4;1;5;1;0;4;6;10;-4;3;1.44;4.75;8;3;1;H
12;07/11/2015;Bournemouth;11;2;2;7;12;24;-12;8;5;1;2;2;5;8;-3;5;6;1;0;5;7;16;-9;3;Newcastle;11;1;4;6;12;22;-10;7;6;1;3;2;11;9;2;6;5;0;1;4;1;13;-12;1;2.25;3.5;3.4;0;1;A
12;07/11/2015;Leicester;11;6;4;1;23;19;4;22;5;3;1;1;11;10;1;10;6;3;3;0;12;9;3;12;Watford;11;4;4;3;10;10;0;16;6;2;2;2;3;4;-1;8;5;2;2;1;7;6;1;8;1.85;3.8;4.5;2;1;H
12;07/11/2015;Man Utd;11;6;3;2;15;8;7;21;5;3;2;0;7;1;6;11;6;3;1;2;8;7;1;10;West Bromwich;11;4;2;5;10;14;-4;14;6;1;1;4;7;12;-5;4;5;3;1;1;3;2;1;10;1.33;5.25;12;2;0;H
12;07/11/2015;Norwich;11;2;3;6;15;23;-8;9;5;1;1;3;6;8;-2;4;6;1;2;3;9;15;-6;5;Swansea;11;3;4;4;12;15;-3;13;6;2;2;2;6;7;-1;8;5;1;2;2;6;8;-2;5;2.45;3.4;3.1;1;0;H
12;07/11/2015;Stoke;11;3;4;4;9;12;-3;13;5;1;1;3;4;7;-3;4;6;2;3;1;5;5;0;9;Chelsea;11;3;2;6;16;22;-6;11;6;2;1;3;9;10;-1;7;5;1;1;3;7;12;-5;4;3.8;3.6;2.05;1;0;H
12;07/11/2015;Sunderland;11;1;3;7;13;25;-12;6;5;1;2;2;7;7;0;5;6;0;1;5;6;18;-12;1;Southampton;11;4;5;2;18;13;5;17;6;3;1;2;12;9;3;10;5;1;4;0;6;4;2;7;4.75;3.8;1.8;0;1;A
12;07/11/2015;West Ham;11;6;2;3;22;15;7;20;5;2;1;2;10;9;1;7;6;4;1;1;12;6;6;13;Everton;11;4;4;3;19;15;4;16;6;2;2;2;12;11;1;8;5;2;2;1;7;4;3;8;2.6;3.5;2.8;1;1;D
12;08/11/2015;Arsenal;11;8;1;2;21;8;13;25;5;3;1;1;7;3;4;10;6;5;0;1;14;5;9;15;Tottenham;11;5;5;1;19;9;10;20;6;3;3;0;10;4;6;12;5;2;2;1;9;5;4;8;1.73;4;5;1;1;D
12;08/11/2015;Aston Villa;11;1;1;9;10;20;-10;4;5;0;1;4;3;7;-4;1;6;1;0;5;7;13;-6;3;Man City;11;8;1;2;26;9;17;25;6;5;0;1;19;5;14;15;5;3;1;1;7;4;3;10;7.5;5;1.44;0;0;D
12;08/11/2015;Liverpool;11;4;5;2;12;12;0;17;5;2;2;1;6;7;-1;8;6;2;3;1;6;5;1;9;Crystal Palace;11;5;1;5;12;11;1;16;6;2;1;3;6;7;-1;7;5;3;0;2;6;4;2;9;1.67;3.8;6;1;2;A
13;21/11/2015;Chelsea;12;3;2;7;16;23;-7;11;6;2;1;3;9;10;-1;7;6;1;1;4;7;13;-6;4;Norwich;12;3;3;6;16;23;-7;12;6;2;1;3;7;8;-1;7;6;1;2;3;9;15;-6;5;1.4;5;9;1;0;H
13;21/11/2015;Everton;12;4;5;3;20;16;4;17;6;2;2;2;12;11;1;8;6;2;3;1;8;5;3;9;Aston Villa;12;1;2;9;10;20;-10;5;6;0;2;4;3;7;-4;2;6;1;0;5;7;13;-6;3;1.57;4.2;6.5;4;0;H
13;21/11/2015;Man City;12;8;2;2;26;9;17;26;6;5;0;1;19;5;14;15;6;3;2;1;7;4;3;11;Liverpool;12;4;5;3;13;14;-1;17;6;2;2;2;7;9;-2;8;6;2;3;1;6;5;1;9;1.7;4;5.5;1;4;A
13;21/11/2015;Newcastle;12;2;4;6;13;22;-9;10;6;1;3;2;11;9;2;6;6;1;1;4;2;13;-11;4;Leicester;12;7;4;1;25;20;5;25;6;4;1;1;13;11;2;13;6;3;3;0;12;9;3;12;2.88;3.6;2.5;0;3;A
13;21/11/2015;Southampton;12;5;5;2;19;13;6;20;6;3;1;2;12;9;3;10;6;2;4;0;7;4;3;10;Stoke;12;4;4;4;10;12;-2;16;6;2;1;3;5;7;-2;7;6;2;3;1;5;5;0;9;1.57;4;7;0;1;A
13;21/11/2015;Swansea;12;3;4;5;12;16;-4;13;6;2;2;2;6;7;-1;8;6;1;2;3;6;9;-3;5;Bournemouth;12;2;2;8;12;25;-13;8;6;1;2;3;5;9;-4;5;6;1;0;5;7;16;-9;3;1.91;3.6;4.5;2;2;D
13;21/11/2015;Watford;12;4;4;4;11;12;-1;16;6;2;2;2;3;4;-1;8;6;2;2;2;8;8;0;8;Man Utd;12;7;3;2;17;8;9;24;6;4;2;0;9;1;8;14;6;3;1;2;8;7;1;10;4.33;3.4;2;1;2;A
13;21/11/2015;West Bromwich;12;4;2;6;10;16;-6;14;6;1;1;4;7;12;-5;4;6;3;1;2;3;4;-1;10;Arsenal;12;8;2;2;22;9;13;26;6;3;2;1;8;4;4;11;6;5;0;1;14;5;9;15;7;4.33;1.53;2;1;H
13;22/11/2015;Tottenham;12;5;6;1;20;10;10;21;6;3;3;0;10;4;6;12;6;2;3;1;10;6;4;9;West Ham;12;6;3;3;23;16;7;21;6;2;2;2;11;10;1;8;6;4;1;1;12;6;6;13;1.57;4.2;6.5;4;1;H
13;23/11/2015;Crystal Palace;12;6;1;5;14;12;2;19;6;2;1;3;6;7;-1;7;6;4;0;2;8;5;3;12;Sunderland;12;1;3;8;13;26;-13;6;6;1;2;3;7;8;-1;5;6;0;1;5;6;18;-12;1;1.57;4;7;0;1;A
14;28/11/2015;Aston Villa;13;1;2;10;10;24;-14;5;6;0;2;4;3;7;-4;2;7;1;0;6;7;17;-10;3;Watford;13;4;4;5;12;14;-2;16;7;2;2;3;4;6;-2;8;6;2;2;2;8;8;0;8;2.75;3.3;2.8;2;3;A
14;28/11/2015;Bournemouth;13;2;3;8;14;27;-13;9;6;1;2;3;5;9;-4;5;7;1;1;5;9;18;-9;4;Everton;13;5;5;3;24;16;8;20;7;3;2;2;16;11;5;11;6;2;3;1;8;5;3;9;2.9;3.6;2.5;3;3;D
14;28/11/2015;Crystal Palace;13;6;1;6;14;13;1;19;7;2;1;4;6;8;-2;7;6;4;0;2;8;5;3;12;Newcastle;13;2;4;7;13;25;-12;10;7;1;3;3;11;12;-1;6;6;1;1;4;2;13;-11;4;1.7;3.9;5.5;5;1;H
14;28/11/2015;Leicester;13;8;4;1;28;20;8;28;6;4;1;1;13;11;2;13;7;4;3;0;15;9;6;15;Man Utd;13;8;3;2;19;9;10;27;6;4;2;0;9;1;8;14;7;4;1;2;10;8;2;13;3.1;3.5;2.4;1;1;D
14;28/11/2015;Man City;13;8;2;3;27;13;14;26;7;5;0;2;20;9;11;15;6;3;2;1;7;4;3;11;Southampton;13;5;5;3;19;14;5;20;7;3;1;3;12;10;2;10;6;2;4;0;7;4;3;10;1.6;4.33;6;3;1;H
14;28/11/2015;Sunderland;13;2;3;8;14;26;-12;9;6;1;2;3;7;8;-1;5;7;1;1;5;7;18;-11;4;Stoke;13;5;4;4;11;12;-1;19;6;2;1;3;5;7;-2;7;7;3;3;1;6;5;1;12;3.2;3.3;2.45;2;0;H
14;29/11/2015;Liverpool;13;5;5;3;17;15;2;20;6;2;2;2;7;9;-2;8;7;3;3;1;10;6;4;12;Swansea;13;3;5;5;14;18;-4;14;7;2;3;2;8;9;-1;9;6;1;2;3;6;9;-3;5;1.44;4.75;8;1;0;H
14;29/11/2015;Norwich;13;3;3;7;16;24;-8;12;6;2;1;3;7;8;-1;7;7;1;2;4;9;16;-7;5;Arsenal;13;8;2;3;23;11;12;26;6;3;2;1;8;4;4;11;7;5;0;2;15;7;8;15;6;4.2;1.62;1;1;D
14;29/11/2015;Tottenham;13;6;6;1;24;11;13;24;7;4;3;0;14;5;9;15;6;2;3;1;10;6;4;9;Chelsea;13;4;2;7;17;23;-6;14;7;3;1;3;10;10;0;10;6;1;1;4;7;13;-6;4;2.6;3.4;2.9;0;0;D
14;29/11/2015;West Ham;13;6;3;4;24;20;4;21;6;2;2;2;11;10;1;8;7;4;1;2;13;10;3;13;West Bromwich;13;5;2;6;12;17;-5;17;7;2;1;4;9;13;-4;7;6;3;1;2;3;4;-1;10;2.05;3.5;4;1;1;D
15;05/12/2015;Arsenal;14;8;3;3;24;12;12;27;6;3;2;1;8;4;4;11;8;5;1;2;16;8;8;16;Sunderland;14;3;3;8;16;26;-10;12;7;2;2;3;9;8;1;8;7;1;1;5;7;18;-11;4;1.29;6;13;3;1;H
15;05/12/2015;Chelsea;14;4;3;7;17;23;-6;15;7;3;1;3;10;10;0;10;7;1;2;4;7;13;-6;5;Bournemouth;14;2;4;8;17;30;-13;10;7;1;3;3;8;12;-4;6;7;1;1;5;9;18;-9;4;1.36;5.25;9.5;0;1;A
15;05/12/2015;Man Utd;14;8;4;2;20;10;10;28;6;4;2;0;9;1;8;14;8;4;2;2;11;9;2;14;West Ham;14;6;4;4;25;21;4;22;7;2;3;2;12;11;1;9;7;4;1;2;13;10;3;13;1.44;4.5;9;0;0;D
15;05/12/2015;Southampton;14;5;5;4;20;17;3;20;7;3;1;3;12;10;2;10;7;2;4;1;8;7;1;10;Aston Villa;14;1;2;11;12;27;-15;5;7;0;2;5;5;10;-5;2;7;1;0;6;7;17;-10;3;1.5;4.5;7.5;1;1;D
15;05/12/2015;Stoke;14;5;4;5;11;14;-3;19;6;2;1;3;5;7;-2;7;8;3;3;2;6;7;-1;12;Man City;14;9;2;3;30;14;16;29;8;6;0;2;23;10;13;18;6;3;2;1;7;4;3;11;5.25;4;1.7;2;0;H
15;05/12/2015;Swansea;14;3;5;6;14;19;-5;14;7;2;3;2;8;9;-1;9;7;1;2;4;6;10;-4;5;Leicester;14;8;5;1;29;21;8;29;7;4;2;1;14;12;2;14;7;4;3;0;15;9;6;15;2.7;3.4;2.75;0;3;A
15;05/12/2015;Watford;14;5;4;5;15;16;-1;19;7;2;2;3;4;6;-2;8;7;3;2;2;11;10;1;11;Norwich;14;3;4;7;17;25;-8;13;7;2;2;3;8;9;-1;8;7;1;2;4;9;16;-7;5;2.15;3.5;3.6;2;0;H
15;05/12/2015;West Bromwich;14;5;3;6;13;18;-5;18;7;2;1;4;9;13;-4;7;7;3;2;2;4;5;-1;11;Tottenham;14;6;7;1;24;11;13;25;8;4;4;0;14;5;9;16;6;2;3;1;10;6;4;9;4.75;3.6;1.85;1;1;D
15;06/12/2015;Newcastle;14;2;4;8;14;30;-16;10;7;1;3;3;11;12;-1;6;7;1;1;5;3;18;-15;4;Liverpool;14;6;5;3;18;15;3;23;7;3;2;2;8;9;-1;11;7;3;3;1;10;6;4;12;5.75;4.33;1.62;2;0;H
15;07/12/2015;Everton;14;5;6;3;27;19;8;21;7;3;2;2;16;11;5;11;7;2;4;1;11;8;3;10;Crystal Palace;14;7;1;6;19;14;5;22;8;3;1;4;11;9;2;10;6;4;0;2;8;5;3;12;2.1;3.6;3.75;1;1;D
16;12/12/2015;Bournemouth;15;3;4;8;18;30;-12;13;7;1;3;3;8;12;-4;6;8;2;1;5;10;18;-8;7;Man Utd;15;8;5;2;20;10;10;29;7;4;3;0;9;1;8;15;8;4;2;2;11;9;2;14;3.4;3.4;2.3;2;1;H
16;12/12/2015;Crystal Palace;15;7;2;6;20;15;5;23;8;3;1;4;11;9;2;10;7;4;1;2;9;6;3;13;Southampton;15;5;6;4;21;18;3;21;8;3;2;3;13;11;2;11;7;2;4;1;8;7;1;10;2.6;3.3;3;1;0;H
16;12/12/2015;Man City;15;9;2;4;30;16;14;29;8;6;0;2;23;10;13;18;7;3;2;2;7;6;1;11;Swansea;15;3;5;7;14;22;-8;14;8;2;3;3;8;12;-4;9;7;1;2;4;6;10;-4;5;1.3;6;11;2;1;H
16;12/12/2015;Norwich;15;3;4;8;17;27;-10;13;7;2;2;3;8;9;-1;8;8;1;2;5;9;18;-9;5;Everton;15;5;7;3;28;20;8;22;8;3;3;2;17;12;5;12;7;2;4;1;11;8;3;10;2.9;3.5;2.55;1;1;D
16;12/12/2015;Sunderland;15;3;3;9;17;29;-12;12;7;2;2;3;9;8;1;8;8;1;1;6;8;21;-13;4;Watford;15;6;4;5;17;16;1;22;8;3;2;3;6;6;0;11;7;3;2;2;11;10;1;11;2.9;3.3;2.63;0;1;A
16;12/12/2015;West Ham;15;6;5;4;25;21;4;23;7;2;3;2;12;11;1;9;8;4;2;2;13;10;3;14;Stoke;15;6;4;5;13;14;-1;22;7;3;1;3;7;7;0;10;8;3;3;2;6;7;-1;12;2.63;3.3;2.9;0;0;D
16;13/12/2015;Aston Villa;15;1;3;11;13;28;-15;6;7;0;2;5;5;10;-5;2;8;1;1;6;8;18;-10;4;Arsenal;15;9;3;3;27;13;14;30;7;4;2;1;11;5;6;14;8;5;1;2;16;8;8;16;6.5;4.2;1.57;0;2;A
16;13/12/2015;Liverpool;15;6;5;4;18;17;1;23;7;3;2;2;8;9;-1;11;8;3;3;2;10;8;2;12;West Bromwich;15;5;4;6;14;19;-5;19;8;2;2;4;10;14;-4;8;7;3;2;2;4;5;-1;11;1.4;4.75;10;2;2;D
16;13/12/2015;Tottenham;15;6;8;1;25;12;13;26;8;4;4;0;14;5;9;16;7;2;4;1;11;7;4;10;Newcastle;15;3;4;8;16;30;-14;13;8;2;3;3;13;12;1;9;7;1;1;5;3;18;-15;4;1.36;5.5;9;1;2;A
16;14/12/2015;Leicester;15;9;5;1;32;21;11;32;7;4;2;1;14;12;2;14;8;5;3;0;18;9;9;18;Chelsea;15;4;3;8;17;24;-7;15;8;3;1;4;10;11;-1;10;7;1;2;4;7;13;-6;5;3.2;3.5;2.35;2;1;H
17;19/12/2015;Chelsea;16;4;3;9;18;26;-8;15;8;3;1;4;10;11;-1;10;8;1;2;5;8;15;-7;5;Sunderland;16;3;3;10;17;30;-13;12;8;2;2;4;9;9;0;8;8;1;1;6;8;21;-13;4;1.33;5.25;12;3;1;H
17;19/12/2015;Everton;16;5;8;3;29;21;8;23;8;3;3;2;17;12;5;12;8;2;5;1;12;9;3;11;Leicester;16;10;5;1;34;22;12;35;8;5;2;1;16;13;3;17;8;5;3;0;18;9;9;18;2.1;3.75;3.6;2;3;A
17;19/12/2015;Man Utd;16;8;5;3;21;12;9;29;7;4;3;0;9;1;8;15;9;4;2;3;12;11;1;14;Norwich;16;3;5;8;18;28;-10;14;8;2;3;3;9;10;-1;9;8;1;2;5;9;18;-9;5;1.45;4.5;8.5;1;2;A
17;19/12/2015;Newcastle;16;4;4;8;18;31;-13;16;8;2;3;3;13;12;1;9;8;2;1;5;5;19;-14;7;Aston Villa;16;1;3;12;13;30;-17;6;8;0;2;6;5;12;-7;2;8;1;1;6;8;18;-10;4;2.05;3.5;4;1;1;D
17;19/12/2015;Southampton;16;5;6;5;21;19;2;21;8;3;2;3;13;11;2;11;8;2;4;2;8;8;0;10;Tottenham;16;6;8;2;26;14;12;26;9;4;4;1;15;7;8;16;7;2;4;1;11;7;4;10;2.7;3.4;2.8;0;2;A
17;19/12/2015;Stoke;16;6;5;5;13;14;-1;23;7;3;1;3;7;7;0;10;9;3;4;2;6;7;-1;13;Crystal Palace;16;8;2;6;21;15;6;26;9;4;1;4;12;9;3;13;7;4;1;2;9;6;3;13;2.5;3.2;3.2;1;2;A
17;19/12/2015;West Bromwich;16;5;5;6;16;21;-5;20;8;2;2;4;10;14;-4;8;8;3;3;2;6;7;-1;12;Bournemouth;16;4;4;8;20;31;-11;16;8;2;3;3;10;13;-3;9;8;2;1;5;10;18;-8;7;2.55;3.3;3;1;2;A
17;20/12/2015;Swansea;16;3;5;8;15;24;-9;14;8;2;3;3;8;12;-4;9;8;1;2;5;7;12;-5;5;West Ham;16;6;6;4;25;21;4;24;8;2;4;2;12;11;1;10;8;4;2;2;13;10;3;14;2.1;3.4;3.9;0;0;D
17;20/12/2015;Watford;16;7;4;5;18;16;2;25;8;3;2;3;6;6;0;11;8;4;2;2;12;10;2;14;Liverpool;16;6;6;4;20;19;1;24;8;3;3;2;10;11;-1;12;8;3;3;2;10;8;2;12;4.2;3.6;1.95;3;0;H
17;21/12/2015;Arsenal;16;10;3;3;29;13;16;33;7;4;2;1;11;5;6;14;9;6;1;2;18;8;10;19;Man City;16;10;2;4;32;17;15;32;9;7;0;2;25;11;14;21;7;3;2;2;7;6;1;11;2.45;3.5;3;2;1;H
18;26/12/2015;Aston Villa;17;1;4;12;14;31;-17;7;8;0;2;6;5;12;-7;2;9;1;2;6;9;19;-10;5;West Ham;17;6;7;4;25;21;4;25;8;2;4;2;12;11;1;10;9;4;3;2;13;10;3;15;2.63;3.25;2.75;1;1;D
18;26/12/2015;Bournemouth;17;5;4;8;22;32;-10;19;8;2;3;3;10;13;-3;9;9;3;1;5;12;19;-7;10;Crystal Palace;17;9;2;6;23;16;7;29;9;4;1;4;12;9;3;13;8;5;1;2;11;7;4;16;2.4;3.3;3;0;0;D
18;26/12/2015;Chelsea;17;5;3;9;21;27;-6;18;9;4;1;4;13;12;1;13;8;1;2;5;8;15;-7;5;Watford;17;8;4;5;21;16;5;28;9;4;2;3;9;6;3;14;8;4;2;2;12;10;2;14;1.44;4.5;7.5;2;2;D
18;26/12/2015;Liverpool;17;6;6;5;20;22;-2;24;8;3;3;2;10;11;-1;12;9;3;3;3;10;11;-1;12;Leicester;17;11;5;1;37;24;13;38;8;5;2;1;16;13;3;17;9;6;3;0;21;11;10;21;1.91;3.8;3.8;1;0;H
18;26/12/2015;Man City;17;10;2;5;33;19;14;32;9;7;0;2;25;11;14;21;8;3;2;3;8;8;0;11;Sunderland;17;3;3;11;18;33;-15;12;8;2;2;4;9;9;0;8;9;1;1;7;9;24;-15;4;1.2;7;13;4;1;H
18;26/12/2015;Newcastle;17;4;5;8;19;32;-13;17;9;2;4;3;14;13;1;10;8;2;1;5;5;19;-14;7;Everton;17;5;8;4;31;24;7;23;9;3;3;3;19;15;4;12;8;2;5;1;12;9;3;11;3.2;3.5;2.2;0;1;A
18;26/12/2015;Southampton;17;5;6;6;21;21;0;21;9;3;2;4;13;13;0;11;8;2;4;2;8;8;0;10;Arsenal;17;11;3;3;31;14;17;36;8;5;2;1;13;6;7;17;9;6;1;2;18;8;10;19;3.6;3.5;2.05;4;0;H
18;26/12/2015;Stoke;17;6;5;6;14;16;-2;23;8;3;1;4;8;9;-1;10;9;3;4;2;6;7;-1;13;Man Utd;17;8;5;4;22;14;8;29;8;4;3;1;10;3;7;15;9;4;2;3;12;11;1;14;3.25;3.2;2.3;2;0;H
18;26/12/2015;Swansea;17;3;6;8;15;24;-9;15;9;2;4;3;8;12;-4;10;8;1;2;5;7;12;-5;5;West Bromwich;17;5;5;7;17;23;-6;20;9;2;2;5;11;16;-5;8;8;3;3;2;6;7;-1;12;1.91;3.4;4.5;1;0;H
18;26/12/2015;Tottenham;17;7;8;2;28;14;14;29;9;4;4;1;15;7;8;16;8;3;4;1;13;7;6;13;Norwich;17;4;5;8;20;29;-9;17;8;2;3;3;9;10;-1;9;9;2;2;5;11;19;-8;8;1.4;4.75;8;3;0;H
19;28/12/2015;Arsenal;18;11;3;4;31;18;13;36;8;5;2;1;13;6;7;17;10;6;1;3;18;12;6;19;Bournemouth;18;5;5;8;22;32;-10;20;9;2;4;3;10;13;-3;10;9;3;1;5;12;19;-7;10;1.44;4.75;8;2;0;H
19;28/12/2015;Crystal Palace;18;9;3;6;23;16;7;30;9;4;1;4;12;9;3;13;9;5;2;2;11;7;4;17;Swansea;18;4;6;8;16;24;-8;18;10;3;4;3;9;12;-3;13;8;1;2;5;7;12;-5;5;2.1;3.4;4;0;0;D
19;28/12/2015;Everton;18;6;8;4;32;24;8;26;9;3;3;3;19;15;4;12;9;3;5;1;13;9;4;14;Stoke;18;7;5;6;16;16;0;26;9;4;1;4;10;9;1;13;9;3;4;2;6;7;-1;13;1.95;3.6;4.2;3;4;A
19;28/12/2015;Man Utd;18;8;5;5;22;16;6;29;8;4;3;1;10;3;7;15;10;4;2;4;12;13;-1;14;Chelsea;18;5;4;9;23;29;-6;19;10;4;2;4;15;14;1;14;8;1;2;5;8;15;-7;5;2.6;3.3;3;0;0;D
19;28/12/2015;Norwich;18;4;5;9;20;32;-12;17;8;2;3;3;9;10;-1;9;10;2;2;6;11;22;-11;8;Aston Villa;18;1;5;12;15;32;-17;8;9;0;3;6;6;13;-7;3;9;1;2;6;9;19;-10;5;2.05;3.6;3.8;2;0;H
19;28/12/2015;Watford;18;8;5;5;23;18;5;29;9;4;2;3;9;6;3;14;9;4;3;2;14;12;2;15;Tottenham;18;8;8;2;31;14;17;32;10;5;4;1;18;7;11;19;8;3;4;1;13;7;6;13;3.75;3.5;2.1;1;2;A
19;28/12/2015;West Bromwich;18;5;5;8;17;24;-7;20;9;2;2;5;11;16;-5;8;9;3;3;3;6;8;-2;12;Newcastle;18;4;5;9;19;33;-14;17;10;2;4;4;14;14;0;10;8;2;1;5;5;19;-14;7;2.2;3.25;3.75;1;0;H
19;28/12/2015;West Ham;18;6;8;4;26;22;4;26;8;2;4;2;12;11;1;10;10;4;4;2;14;11;3;16;Southampton;18;6;6;6;25;21;4;24;10;4;2;4;17;13;4;14;8;2;4;2;8;8;0;10;3.6;3.4;2.2;2;1;H
19;29/12/2015;Leicester;18;11;5;2;37;25;12;38;8;5;2;1;16;13;3;17;10;6;3;1;21;12;9;21;Man City;18;11;2;5;37;20;17;35;10;8;0;2;29;12;17;24;8;3;2;3;8;8;0;11;4.33;4;1.85;0;0;D
19;30/12/2015;Sunderland;18;3;3;12;19;37;-18;12;8;2;2;4;9;9;0;8;10;1;1;8;10;28;-18;4;Liverpool;18;7;6;5;21;22;-1;27;9;4;3;2;11;11;0;15;9;3;3;3;10;11;-1;12;5.5;3.9;1.7;0;1;A
20;02/01/2016;Arsenal;19;12;3;4;33;18;15;39;9;6;2;1;15;6;9;20;10;6;1;3;18;12;6;19;Newcastle;19;4;5;10;19;34;-15;17;10;2;4;4;14;14;0;10;9;2;1;6;5;20;-15;7;1.29;6.5;11;1;0;H
20;02/01/2016;Leicester;19;11;6;2;37;25;12;39;9;5;3;1;16;13;3;18;10;6;3;1;21;12;9;21;Bournemouth;19;5;5;9;22;34;-12;20;9;2;4;3;10;13;-3;10;10;3;1;6;12;21;-9;10;1.91;3.75;4.33;0;0;D
20;02/01/2016;Man Utd;19;8;6;5;22;16;6;30;9;4;4;1;10;3;7;16;10;4;2;4;12;13;-1;14;Swansea;19;4;7;8;16;24;-8;19;10;3;4;3;9;12;-3;13;9;1;3;5;7;12;-5;6;1.55;4.2;7;2;1;H
20;02/01/2016;Norwich;19;5;5;9;22;32;-10;20;9;3;3;3;11;10;1;12;10;2;2;6;11;22;-11;8;Southampton;19;6;6;7;26;23;3;24;10;4;2;4;17;13;4;14;9;2;4;3;9;10;-1;10;3.2;3.4;2.4;1;0;H
20;02/01/2016;Sunderland;19;3;3;13;19;38;-19;12;9;2;2;5;9;10;-1;8;10;1;1;8;10;28;-18;4;Aston Villa;19;1;5;13;15;34;-19;8;9;0;3;6;6;13;-7;3;10;1;2;7;9;21;-12;5;2.5;3.25;3.2;3;1;H
20;02/01/2016;Watford;19;8;5;6;24;20;4;29;10;4;2;4;10;8;2;14;9;4;3;2;14;12;2;15;Man City;19;11;3;5;37;20;17;36;10;8;0;2;29;12;17;24;9;3;3;3;8;8;0;12;5;4;1.75;1;2;A
20;02/01/2016;West Bromwich;19;6;5;8;18;24;-6;23;10;3;2;5;12;16;-4;11;9;3;3;3;6;8;-2;12;Stoke;19;8;5;6;20;19;1;29;9;4;1;4;10;9;1;13;10;4;4;2;10;10;0;16;2.8;3.2;2.8;2;1;H
20;02/01/2016;West Ham;19;7;8;4;28;23;5;29;9;3;4;2;14;12;2;13;10;4;4;2;14;11;3;16;Liverpool;19;8;6;5;22;22;0;30;9;4;3;2;11;11;0;15;10;4;3;3;11;11;0;15;4;3.5;2.05;2;0;H
20;03/01/2016;Crystal Palace;19;9;4;6;23;16;7;31;10;4;2;4;12;9;3;14;9;5;2;2;11;7;4;17;Chelsea;19;5;5;9;23;29;-6;20;10;4;2;4;15;14;1;14;9;1;3;5;8;15;-7;6;3.8;3.5;2.1;0;3;A
20;03/01/2016;Everton;19;6;8;5;35;28;7;26;10;3;3;4;22;19;3;12;9;3;5;1;13;9;4;14;Tottenham;19;9;8;2;33;15;18;35;10;5;4;1;18;7;11;19;9;4;4;1;15;8;7;16;2.8;3.5;2.63;1;1;D
21;12/01/2016;Aston Villa;20;1;5;14;16;37;-21;8;9;0;3;6;6;13;-7;3;11;1;2;8;10;24;-14;5;Crystal Palace;20;9;4;7;23;19;4;31;11;4;2;5;12;12;0;14;9;5;2;2;11;7;4;17;3.2;3.25;2.45;1;0;H
21;12/01/2016;Bournemouth;20;5;6;9;22;34;-12;21;9;2;4;3;10;13;-3;10;11;3;2;6;12;21;-9;11;West Ham;20;8;8;4;30;23;7;32;10;4;4;2;16;12;4;16;10;4;4;2;14;11;3;16;2;3.6;4;1;3;A
21;12/01/2016;Newcastle;20;4;5;11;19;35;-16;17;10;2;4;4;14;14;0;10;10;2;1;7;5;21;-16;7;Man Utd;20;9;6;5;24;17;7;33;10;5;4;1;12;4;8;19;10;4;2;4;12;13;-1;14;5;3.7;1.8;3;3;D
21;13/01/2016;Chelsea;20;6;5;9;26;29;-3;23;10;4;2;4;15;14;1;14;10;2;3;5;11;15;-4;9;West Bromwich;20;7;5;8;20;25;-5;26;11;4;2;5;14;17;-3;14;9;3;3;3;6;8;-2;12;1.44;4.5;9;2;2;D
21;13/01/2016;Liverpool;20;8;6;6;22;24;-2;30;9;4;3;2;11;11;0;15;11;4;3;4;11;13;-2;15;Arsenal;20;13;3;4;34;18;16;42;10;7;2;1;16;6;10;23;10;6;1;3;18;12;6;19;2.88;3.4;2.6;3;3;D
21;13/01/2016;Man City;20;12;3;5;39;21;18;39;10;8;0;2;29;12;17;24;10;4;3;3;10;9;1;15;Everton;20;6;9;5;36;29;7;27;11;3;4;4;23;20;3;13;9;3;5;1;13;9;4;14;1.53;4.75;6;0;0;D
21;13/01/2016;Southampton;20;6;6;8;26;24;2;24;10;4;2;4;17;13;4;14;10;2;4;4;9;11;-2;10;Watford;20;8;5;7;25;22;3;29;11;4;2;5;11;10;1;14;9;4;3;2;14;12;2;15;1.95;3.5;4.33;2;0;H
21;13/01/2016;Stoke;20;8;5;7;21;21;0;29;9;4;1;4;10;9;1;13;11;4;4;3;11;12;-1;16;Norwich;20;6;5;9;23;32;-9;23;10;4;3;3;12;10;2;15;10;2;2;6;11;22;-11;8;2.05;3.3;4.2;3;1;H
21;13/01/2016;Swansea;20;4;7;9;17;26;-9;19;10;3;4;3;9;12;-3;13;10;1;3;6;8;14;-6;6;Sunderland;20;4;3;13;22;39;-17;15;10;3;2;5;12;11;1;11;10;1;1;8;10;28;-18;4;1.8;3.6;5.25;2;4;A
21;13/01/2016;Tottenham;20;9;9;2;34;16;18;36;10;5;4;1;18;7;11;19;10;4;5;1;16;9;7;17;Leicester;20;11;7;2;37;25;12;40;10;5;4;1;16;13;3;19;10;6;3;1;21;12;9;21;1.75;3.8;5.25;0;1;A
22;16/01/2016;Aston Villa;21;2;5;14;17;37;-20;11;10;1;3;6;7;13;-6;6;11;1;2;8;10;24;-14;5;Leicester;21;12;7;2;38;25;13;43;10;5;4;1;16;13;3;19;11;7;3;1;22;12;10;24;3.6;3.4;2.2;1;1;D
22;16/01/2016;Bournemouth;21;5;6;10;23;37;-14;21;10;2;4;4;11;16;-5;10;11;3;2;6;12;21;-9;11;Norwich;21;6;5;10;24;35;-11;23;10;4;3;3;12;10;2;15;11;2;2;7;12;25;-13;8;1.91;3.6;4.5;3;0;H
22;16/01/2016;Chelsea;21;6;6;9;28;31;-3;24;11;4;3;4;17;16;1;15;10;2;3;5;11;15;-4;9;Everton;21;6;10;5;36;29;7;28;11;3;4;4;23;20;3;13;10;3;6;1;13;9;4;15;1.83;3.75;4.75;3;3;D
22;16/01/2016;Man City;21;12;4;5;39;21;18;40;11;8;1;2;29;12;17;25;10;4;3;3;10;9;1;15;Crystal Palace;21;9;4;8;23;20;3;31;11;4;2;5;12;12;0;14;10;5;2;3;11;8;3;17;1.4;5.25;8.5;4;0;H
22;16/01/2016;Newcastle;21;4;6;11;22;38;-16;18;11;2;5;4;17;17;0;11;10;2;1;7;5;21;-16;7;West Ham;21;9;8;4;33;24;9;35;10;4;4;2;16;12;4;16;11;5;4;2;17;12;5;19;2.5;3.4;3;2;1;H
22;16/01/2016;Southampton;21;7;6;8;28;24;4;27;11;5;2;4;19;13;6;17;10;2;4;4;9;11;-2;10;West Bromwich;21;7;6;8;22;27;-5;27;11;4;2;5;14;17;-3;14;10;3;4;3;8;10;-2;13;1.73;3.75;5.5;3;0;H
22;16/01/2016;Tottenham;21;9;9;3;34;17;17;36;11;5;4;2;18;8;10;19;10;4;5;1;16;9;7;17;Sunderland;21;5;3;13;26;41;-15;18;10;3;2;5;12;11;1;11;11;2;1;8;14;30;-16;7;1.36;5.25;9.5;4;1;H
22;17/01/2016;Liverpool;21;8;7;6;25;27;-2;31;10;4;4;2;14;14;0;16;11;4;3;4;11;13;-2;15;Man Utd;21;9;7;5;27;20;7;34;10;5;4;1;12;4;8;19;11;4;3;4;15;16;-1;15;2.3;3.25;3.5;0;1;A
22;17/01/2016;Stoke;21;9;5;7;24;22;2;32;10;5;1;4;13;10;3;16;11;4;4;3;11;12;-1;16;Arsenal;21;13;4;4;37;21;16;43;10;7;2;1;16;6;10;23;11;6;2;3;21;15;6;20;4.33;3.6;1.95;0;0;D
22;18/01/2016;Swansea;21;4;7;10;19;30;-11;19;11;3;4;4;11;16;-5;13;10;1;3;6;8;14;-6;6;Watford;21;8;5;8;25;24;1;29;11;4;2;5;11;10;1;14;10;4;3;3;14;14;0;15;2.38;3.25;3.4;1;0;H
23;23/01/2016;Crystal Palace;22;9;4;9;23;24;-1;31;11;4;2;5;12;12;0;14;11;5;2;4;11;12;-1;17;Tottenham;22;10;9;3;38;18;20;39;12;6;4;2;22;9;13;22;10;4;5;1;16;9;7;17;3.6;3.5;2.15;1;3;A
23;23/01/2016;Leicester;22;12;8;2;39;26;13;44;10;5;4;1;16;13;3;19;12;7;4;1;23;13;10;25;Stoke;22;9;6;7;24;22;2;33;11;5;2;4;13;10;3;17;11;4;4;3;11;12;-1;16;2.1;3.5;3.8;3;0;H
23;23/01/2016;Man Utd;22;10;7;5;28;20;8;37;10;5;4;1;12;4;8;19;12;5;3;4;16;16;0;18;Southampton;22;8;6;8;31;24;7;30;12;6;2;4;22;13;9;20;10;2;4;4;9;11;-2;10;1.91;3.5;4.75;0;1;A
23;23/01/2016;Norwich;22;6;5;11;24;38;-14;23;10;4;3;3;12;10;2;15;12;2;2;8;12;28;-16;8;Liverpool;22;8;7;7;25;28;-3;31;11;4;4;3;14;15;-1;16;11;4;3;4;11;13;-2;15;4.33;3.5;1.95;4;5;A
23;23/01/2016;Sunderland;22;5;3;14;27;45;-18;18;10;3;2;5;12;11;1;11;12;2;1;9;15;34;-19;7;Bournemouth;22;6;6;10;26;37;-11;24;11;3;4;4;14;16;-2;13;11;3;2;6;12;21;-9;11;3;3.4;2.5;1;1;D
23;23/01/2016;Watford;22;8;5;9;25;25;0;29;11;4;2;5;11;10;1;14;11;4;3;4;14;15;-1;15;Newcastle;22;5;6;11;24;39;-15;21;12;3;5;4;19;18;1;14;10;2;1;7;5;21;-16;7;2.05;3.5;4;2;1;H
23;23/01/2016;West Bromwich;22;7;6;9;22;30;-8;27;11;4;2;5;14;17;-3;14;11;3;4;4;8;13;-5;13;Aston Villa;22;2;6;14;18;38;-20;12;11;1;4;6;8;14;-6;7;11;1;2;8;10;24;-14;5;2.1;3.3;4;0;0;D
23;23/01/2016;West Ham;22;9;8;5;34;26;8;35;10;4;4;2;16;12;4;16;12;5;4;3;18;14;4;19;Man City;22;13;4;5;43;21;22;43;12;9;1;2;33;12;21;28;10;4;3;3;10;9;1;15;5;4;1.73;2;2;D
23;24/01/2016;Arsenal;22;13;5;4;37;21;16;44;10;7;2;1;16;6;10;23;12;6;3;3;21;15;6;21;Chelsea;22;6;7;9;31;34;-3;25;12;4;4;4;20;19;1;16;10;2;3;5;11;15;-4;9;2.1;3.5;3.9;0;1;A
23;24/01/2016;Everton;22;6;11;5;39;32;7;29;11;3;4;4;23;20;3;13;11;3;7;1;16;12;4;16;Swansea;22;5;7;10;20;30;-10;22;12;4;4;4;12;16;-4;16;10;1;3;6;8;14;-6;6;1.73;3.8;5.5;1;2;A
24;02/02/2016;Arsenal;23;13;5;5;37;22;15;44;11;7;2;2;16;7;9;23;12;6;3;3;21;15;6;21;Southampton;23;9;6;8;32;24;8;33;12;6;2;4;22;13;9;20;11;3;4;4;10;11;-1;13;1.75;3.75;5.25;0;0;D
24;02/02/2016;Crystal Palace;23;9;4;10;24;27;-3;31;12;4;2;6;13;15;-2;14;11;5;2;4;11;12;-1;17;Bournemouth;23;6;7;10;27;38;-11;25;11;3;4;4;14;16;-2;13;12;3;3;6;13;22;-9;12;2.45;3.3;3.2;1;2;A
24;02/02/2016;Leicester;23;13;8;2;42;26;16;47;11;6;4;1;19;13;6;22;12;7;4;1;23;13;10;25;Liverpool;23;9;7;7;30;32;-2;34;11;4;4;3;14;15;-1;16;12;5;3;4;16;17;-1;18;2.63;3.4;2.88;2;0;H
24;02/02/2016;Man Utd;23;10;7;6;28;21;7;37;11;5;4;2;12;5;7;19;12;5;3;4;16;16;0;18;Stoke;23;9;6;8;24;25;-1;33;11;5;2;4;13;10;3;17;12;4;4;4;11;15;-4;16;1.7;3.75;5.75;3;0;H
24;02/02/2016;Norwich;23;6;5;12;28;43;-15;23;11;4;3;4;16;15;1;15;12;2;2;8;12;28;-16;8;Tottenham;23;11;9;3;41;19;22;42;12;6;4;2;22;9;13;22;11;5;5;1;19;10;9;20;4.5;3.75;1.85;0;3;A
24;02/02/2016;Sunderland;23;5;4;14;28;46;-18;19;11;3;3;5;13;12;1;12;12;2;1;9;15;34;-19;7;Man City;23;13;5;5;45;23;22;44;12;9;1;2;33;12;21;28;11;4;4;3;12;11;1;16;8;4.75;1.45;0;1;A
24;02/02/2016;West Bromwich;23;7;7;9;22;30;-8;28;12;4;3;5;14;17;-3;15;11;3;4;4;8;13;-5;13;Swansea;23;6;7;10;22;31;-9;25;12;4;4;4;12;16;-4;16;11;2;3;6;10;15;-5;9;2.63;3.1;3.1;1;1;D
24;02/02/2016;West Ham;23;9;9;5;36;28;8;36;11;4;5;2;18;14;4;17;12;5;4;3;18;14;4;19;Aston Villa;23;2;7;14;18;38;-20;13;11;1;4;6;8;14;-6;7;12;1;3;8;10;24;-14;6;1.91;3.5;4.75;2;0;H
24;03/02/2016;Everton;23;6;11;6;40;34;6;29;12;3;4;5;24;22;2;13;11;3;7;1;16;12;4;16;Newcastle;23;5;6;12;25;41;-16;21;12;3;5;4;19;18;1;14;11;2;1;8;6;23;-17;7;1.65;4.2;5.5;3;0;H
24;03/02/2016;Watford;23;9;5;9;27;26;1;32;12;5;2;5;13;11;2;17;11;4;3;4;14;15;-1;15;Chelsea;23;7;7;9;32;34;-2;28;12;4;4;4;20;19;1;16;11;3;3;5;12;15;-3;12;4.33;3.5;1.95;0;0;D
25;06/02/2016;Aston Villa;24;2;7;15;18;40;-22;13;11;1;4;6;8;14;-6;7;13;1;3;9;10;26;-16;6;Norwich;24;6;5;13;28;46;-18;23;12;4;3;5;16;18;-2;15;12;2;2;8;12;28;-16;8;2.45;3.2;3.3;2;0;H
25;06/02/2016;Liverpool;24;9;7;8;30;34;-4;34;11;4;4;3;14;15;-1;16;13;5;3;5;16;19;-3;18;Sunderland;24;5;4;15;28;47;-19;19;12;3;3;6;13;13;0;12;12;2;1;9;15;34;-19;7;1.44;4.75;8.5;2;2;D
25;06/02/2016;Man City;24;14;5;5;46;23;23;47;12;9;1;2;33;12;21;28;12;5;4;3;13;11;2;19;Leicester;24;14;8;2;44;26;18;50;12;7;4;1;21;13;8;25;12;7;4;1;23;13;10;25;1.62;4.2;6;1;3;A
25;06/02/2016;Newcastle;24;5;6;13;25;44;-19;21;12;3;5;4;19;18;1;14;12;2;1;9;6;26;-20;7;West Bromwich;24;7;8;9;23;31;-8;29;13;4;4;5;15;18;-3;16;11;3;4;4;8;13;-5;13;2.15;3.4;3.8;1;0;H
25;06/02/2016;Southampton;24;9;7;8;32;24;8;34;12;6;2;4;22;13;9;20;12;3;5;4;10;11;-1;14;West Ham;24;10;9;5;38;28;10;39;12;5;5;2;20;14;6;20;12;5;4;3;18;14;4;19;1.73;3.8;5.5;1;0;H
25;06/02/2016;Stoke;24;9;6;9;24;28;-4;33;11;5;2;4;13;10;3;17;13;4;4;5;11;18;-7;16;Everton;24;7;11;6;43;34;9;32;13;4;4;5;27;22;5;16;11;3;7;1;16;12;4;16;2.7;3.4;2.8;0;3;A
25;06/02/2016;Swansea;24;6;8;10;23;32;-9;26;12;4;4;4;12;16;-4;16;12;2;4;6;11;16;-5;10;Crystal Palace;24;9;4;11;25;29;-4;31;13;4;2;7;14;17;-3;14;11;5;2;4;11;12;-1;17;2.25;3.3;3.6;1;1;D
25;06/02/2016;Tottenham;24;12;9;3;44;19;25;45;12;6;4;2;22;9;13;22;12;6;5;1;22;10;12;23;Watford;24;9;6;9;27;26;1;33;13;5;3;5;13;11;2;18;11;4;3;4;14;15;-1;15;1.5;4.33;8;1;0;H
25;07/02/2016;Bournemouth;24;7;7;10;29;39;-10;28;11;3;4;4;14;16;-2;13;13;4;3;6;15;23;-8;15;Arsenal;24;13;6;5;37;22;15;45;12;7;3;2;16;7;9;24;12;6;3;3;21;15;6;21;3.8;3.5;2.1;0;2;A
25;07/02/2016;Chelsea;24;7;8;9;32;34;-2;29;12;4;4;4;20;19;1;16;12;3;4;5;12;15;-3;13;Man Utd;24;11;7;6;31;21;10;40;12;6;4;2;15;5;10;22;12;5;3;4;16;16;0;18;2.15;3.3;3.9;1;1;D
26;13/02/2016;Bournemouth;25;7;7;11;29;41;-12;28;12;3;4;5;14;18;-4;13;13;4;3;6;15;23;-8;15;Stoke;25;9;6;10;24;31;-7;33;12;5;2;5;13;13;0;17;13;4;4;5;11;18;-7;16;2.05;3.4;4.1;1;3;A
26;13/02/2016;Chelsea;25;7;9;9;33;35;-2;30;13;4;5;4;21;20;1;17;12;3;4;5;12;15;-3;13;Newcastle;25;6;6;13;26;44;-18;24;13;4;5;4;20;18;2;17;12;2;1;9;6;26;-20;7;1.44;4.75;8;5;1;H
26;13/02/2016;Crystal Palace;25;9;5;11;26;30;-4;32;13;4;2;7;14;17;-3;14;12;5;3;4;12;13;-1;18;Watford;25;9;6;10;27;27;0;33;13;5;3;5;13;11;2;18;12;4;3;5;14;16;-2;15;2.25;3.3;3.6;1;2;A
26;13/02/2016;Everton;25;8;11;6;46;34;12;35;13;4;4;5;27;22;5;16;12;4;7;1;19;12;7;19;West Bromwich;25;7;8;10;23;32;-9;29;13;4;4;5;15;18;-3;16;12;3;4;5;8;14;-6;13;1.53;4.2;7.5;0;1;A
26;13/02/2016;Norwich;25;6;5;14;28;48;-20;23;12;4;3;5;16;18;-2;15;13;2;2;9;12;30;-18;8;West Ham;25;10;9;6;38;29;9;39;12;5;5;2;20;14;6;20;13;5;4;4;18;15;3;19;2.38;3.4;3.25;2;2;D
26;13/02/2016;Sunderland;25;5;5;15;30;49;-19;20;12;3;3;6;13;13;0;12;13;2;2;9;17;36;-19;8;Man Utd;25;11;8;6;32;22;10;41;12;6;4;2;15;5;10;22;13;5;4;4;17;17;0;19;5.25;3.75;1.75;2;1;H
26;13/02/2016;Swansea;25;6;9;10;24;33;-9;27;13;4;5;4;13;17;-4;17;12;2;4;6;11;16;-5;10;Southampton;25;10;7;8;33;24;9;37;13;7;2;4;23;13;10;23;12;3;5;4;10;11;-1;14;3.2;3.25;2.5;0;1;A
26;14/02/2016;Arsenal;25;14;6;5;39;22;17;48;12;7;3;2;16;7;9;24;13;7;3;3;23;15;8;24;Leicester;25;15;8;2;47;27;20;53;12;7;4;1;21;13;8;25;13;8;4;1;26;14;12;28;1.75;4;5;2;1;H
26;14/02/2016;Aston Villa;25;3;7;15;20;40;-20;16;12;2;4;6;10;14;-4;10;13;1;3;9;10;26;-16;6;Liverpool;25;9;8;8;32;36;-4;35;12;4;5;3;16;17;-1;17;13;5;3;5;16;19;-3;18;4.75;3.6;1.85;0;6;A
26;14/02/2016;Man City;25;14;5;6;47;26;21;47;13;9;1;3;34;15;19;28;12;5;4;3;13;11;2;19;Tottenham;25;13;9;3;45;19;26;48;13;7;4;2;23;9;14;25;12;6;5;1;22;10;12;23;2.1;3.75;3.6;1;2;A
27;27/02/2016;Leicester;26;15;8;3;48;29;19;53;12;7;4;1;21;13;8;25;14;8;4;2;27;16;11;28;Norwich;26;6;6;14;30;50;-20;24;13;4;4;5;18;20;-2;16;13;2;2;9;12;30;-18;8;1.5;4.33;6;1;0;H
27;27/02/2016;Southampton;26;11;7;8;34;24;10;40;13;7;2;4;23;13;10;23;13;4;5;4;11;11;0;17;Chelsea;26;8;9;9;38;36;2;33;14;5;5;4;26;21;5;20;12;3;4;5;12;15;-3;13;2.8;3.25;2.5;1;2;A
27;27/02/2016;Stoke;26;10;6;10;27;32;-5;36;12;5;2;5;13;13;0;17;14;5;4;5;14;19;-5;19;Aston Villa;26;3;7;16;20;46;-26;16;13;2;4;7;10;20;-10;10;13;1;3;9;10;26;-16;6;1.62;3.75;5.5;2;1;H
27;27/02/2016;Watford;26;10;6;10;29;28;1;36;13;5;3;5;13;11;2;18;13;5;3;5;16;17;-1;18;Bournemouth;26;7;7;12;30;44;-14;28;13;3;4;6;15;21;-6;13;13;4;3;6;15;23;-8;15;2.38;3.25;3;0;0;D
27;27/02/2016;West Bromwich;26;8;8;10;24;32;-8;32;13;4;4;5;15;18;-3;16;13;4;4;5;9;14;-5;16;Crystal Palace;26;9;5;12;27;32;-5;32;14;4;2;8;15;19;-4;14;12;5;3;4;12;13;-1;18;2.6;3.1;2.8;3;2;H
27;27/02/2016;West Ham;26;10;10;6;40;31;9;40;12;5;5;2;20;14;6;20;14;5;5;4;20;17;3;20;Sunderland;26;6;5;15;32;50;-18;23;13;4;3;6;15;14;1;15;13;2;2;9;17;36;-19;8;1.8;3.5;4.5;1;0;H
27;28/02/2016;Man Utd;26;11;8;7;33;24;9;41;12;6;4;2;15;5;10;22;14;5;4;5;18;19;-1;19;Arsenal;26;15;6;5;41;23;18;51;13;8;3;2;18;8;10;27;13;7;3;3;23;15;8;24;3;3.25;2.38;3;2;H
27;28/02/2016;Tottenham;26;14;9;3;47;20;27;51;13;7;4;2;23;9;14;25;13;7;5;1;24;11;13;26;Swansea;26;6;9;11;24;34;-10;27;14;4;5;5;13;18;-5;17;12;2;4;6;11;16;-5;10;1.4;4.2;9;2;1;H
28;01/03/2016;Aston Villa;27;3;7;17;21;48;-27;16;13;2;4;7;10;20;-10;10;14;1;3;10;11;28;-17;6;Everton;27;8;11;8;46;39;7;35;14;4;4;6;27;23;4;16;13;4;7;2;19;16;3;19;4.5;3.6;1.91;1;3;A
28;01/03/2016;Bournemouth;27;7;8;12;30;44;-14;29;13;3;4;6;15;21;-6;13;14;4;4;6;15;23;-8;16;Southampton;27;11;7;9;35;26;9;40;14;7;2;5;24;15;9;23;13;4;5;4;11;11;0;17;2.9;3.25;2.7;2;0;H
28;01/03/2016;Leicester;27;16;8;3;49;29;20;56;13;8;4;1;22;13;9;28;14;8;4;2;27;16;11;28;West Bromwich;27;9;8;10;27;34;-7;35;14;5;4;5;18;20;-2;19;13;4;4;5;9;14;-5;16;1.73;3.8;5.5;2;2;D
28;01/03/2016;Norwich;27;6;6;15;30;51;-21;24;13;4;4;5;18;20;-2;16;14;2;2;10;12;31;-19;8;Chelsea;27;9;9;9;40;37;3;36;14;5;5;4;26;21;5;20;13;4;4;5;14;16;-2;16;5.25;4;1.7;1;2;A
28;01/03/2016;Sunderland;27;6;5;16;32;51;-19;23;13;4;3;6;15;14;1;15;14;2;2;10;17;37;-20;8;Crystal Palace;27;9;5;13;29;35;-6;32;14;4;2;8;15;19;-4;14;13;5;3;5;14;16;-2;18;2.5;3.3;3.1;2;2;D
28;02/03/2016;Arsenal;27;15;6;6;43;26;17;51;13;8;3;2;18;8;10;27;14;7;3;4;25;18;7;24;Swansea;27;6;9;12;25;36;-11;27;14;4;5;5;13;18;-5;17;13;2;4;7;12;18;-6;10;1.36;5.25;10;1;2;A
28;02/03/2016;Liverpool;27;11;8;8;42;36;6;41;13;5;5;3;20;17;3;20;14;6;3;5;22;19;3;21;Man City;27;14;6;7;49;29;20;48;14;9;1;4;35;17;18;28;13;5;5;3;14;12;2;20;2.63;3.4;2.88;3;0;H
28;02/03/2016;Man Utd;27;12;8;7;36;26;10;44;13;7;4;2;18;7;11;25;14;5;4;5;18;19;-1;19;Watford;27;10;7;10;29;28;1;37;14;5;4;5;13;11;2;19;13;5;3;5;16;17;-1;18;1.67;3.8;6;1;0;H
28;02/03/2016;Stoke;27;11;6;10;29;33;-4;39;13;6;2;5;15;14;1;20;14;5;4;5;14;19;-5;19;Newcastle;27;6;7;14;28;50;-22;25;14;4;6;4;21;19;2;18;13;2;1;10;7;31;-24;7;2;3.5;4.2;1;0;H
28;02/03/2016;West Ham;27;11;10;6;41;31;10;43;13;6;5;2;21;14;7;23;14;5;5;4;20;17;3;20;Tottenham;27;15;9;3;49;21;28;54;14;8;4;2;25;10;15;28;13;7;5;1;24;11;13;26;4;3.6;2;1;0;H
29;05/03/2016;Chelsea;28;10;9;9;42;38;4;39;14;5;5;4;26;21;5;20;14;5;4;5;16;17;-1;19;Stoke;28;12;6;10;30;33;-3;42;14;7;2;5;16;14;2;23;14;5;4;5;14;19;-5;19;1.5;4.5;7.5;1;1;D
29;05/03/2016;Everton;28;9;11;8;49;40;9;38;14;4;4;6;27;23;4;16;14;5;7;2;22;17;5;22;West Ham;28;12;10;6;42;31;11;46;14;7;5;2;22;14;8;26;14;5;5;4;20;17;3;20;1.73;4;5;2;3;A
29;05/03/2016;Man City;28;14;6;8;49;32;17;48;14;9;1;4;35;17;18;28;14;5;5;4;14;15;-1;20;Aston Villa;28;3;7;18;22;51;-29;16;14;2;4;8;11;23;-12;10;14;1;3;10;11;28;-17;6;1.22;7;15;4;0;H
29;05/03/2016;Newcastle;28;6;7;15;28;51;-23;25;14;4;6;4;21;19;2;18;14;2;1;11;7;32;-25;7;Bournemouth;28;8;8;12;32;44;-12;32;14;4;4;6;17;21;-4;16;14;4;4;6;15;23;-8;16;2.63;3.4;2.88;1;3;A
29;05/03/2016;Southampton;28;11;7;10;35;28;7;40;14;7;2;5;24;15;9;23;14;4;5;5;11;13;-2;17;Sunderland;28;6;6;16;34;53;-19;24;14;4;4;6;17;16;1;16;14;2;2;10;17;37;-20;8;1.6;4;6.5;1;1;D
29;05/03/2016;Swansea;28;7;9;12;27;37;-10;30;14;4;5;5;13;18;-5;17;14;3;4;7;14;19;-5;13;Norwich;28;6;6;16;31;53;-22;24;14;4;4;6;19;22;-3;16;14;2;2;10;12;31;-19;8;2.05;3.5;4;1;0;H
29;05/03/2016;Tottenham;28;15;9;4;49;22;27;54;14;8;4;2;25;10;15;28;14;7;5;2;24;12;12;26;Arsenal;28;15;6;7;44;28;16;51;14;8;3;3;19;10;9;27;14;7;3;4;25;18;7;24;2.38;3.4;3.25;2;2;D
29;05/03/2016;Watford;28;10;7;11;29;29;0;37;14;5;4;5;13;11;2;19;14;5;3;6;16;18;-2;18;Leicester;28;16;9;3;51;31;20;57;14;8;5;1;24;15;9;29;14;8;4;2;27;16;11;28;3;3.4;2.55;0;1;A
29;06/03/2016;Crystal Palace;28;9;6;13;31;37;-6;33;14;4;2;8;15;19;-4;14;14;5;4;5;16;18;-2;19;Liverpool;28;12;8;8;45;36;9;44;14;6;5;3;23;17;6;23;14;6;3;5;22;19;3;21;3.8;3.5;2.1;1;2;A
29;06/03/2016;West Bromwich;28;9;9;10;29;36;-7;36;14;5;4;5;18;20;-2;19;14;4;5;5;11;16;-5;17;Man Utd;28;13;8;7;37;26;11;47;14;8;4;2;19;7;12;28;14;5;4;5;18;19;-1;19;4.33;3.4;2;1;0;H
30;12/03/2016;Bournemouth;29;9;8;12;35;45;-10;35;14;4;4;6;17;21;-4;16;15;5;4;6;18;24;-6;19;Swansea;29;8;9;12;28;37;-9;33;15;5;5;5;14;18;-4;20;14;3;4;7;14;19;-5;13;1.95;3.5;4.33;3;2;H
30;12/03/2016;Norwich;29;6;6;17;31;54;-23;24;14;4;4;6;19;22;-3;16;15;2;2;11;12;32;-20;8;Man City;29;15;6;8;53;32;21;51;15;10;1;4;39;17;22;31;14;5;5;4;14;15;-1;20;6;4.2;1.6;0;0;D
30;12/03/2016;Stoke;29;12;7;10;31;34;-3;43;14;7;2;5;16;14;2;23;15;5;5;5;15;20;-5;20;Southampton;29;11;8;10;36;29;7;41;15;7;3;5;25;16;9;24;14;4;5;5;11;13;-2;17;2.7;3.2;2.9;1;2;A
30;13/03/2016;Aston Villa;29;3;7;19;22;55;-33;16;14;2;4;8;11;23;-12;10;15;1;3;11;11;32;-21;6;Tottenham;29;15;10;4;51;24;27;55;15;8;5;2;27;12;15;29;14;7;5;2;24;12;12;26;7.5;4.5;1.5;0;2;A
30;14/03/2016;Leicester;29;17;9;3;52;31;21;60;14;8;5;1;24;15;9;29;15;9;4;2;28;16;12;31;Newcastle;29;6;7;16;29;54;-25;25;15;4;6;5;22;22;0;18;14;2;1;11;7;32;-25;7;1.57;4.33;6.25;1;0;H
31;19/03/2016;Chelsea;30;10;11;9;44;40;4;41;15;5;6;4;27;22;5;21;15;5;5;5;17;18;-1;20;West Ham;30;14;10;6;48;34;14;52;15;8;5;2;25;15;10;29;15;6;5;4;23;19;4;23;1.75;3.8;5.25;2;2;D
31;19/03/2016;Crystal Palace;30;9;6;15;32;41;-9;33;15;4;2;9;16;21;-5;14;15;5;4;6;16;20;-4;19;Leicester;30;18;9;3;53;31;22;63;15;9;5;1;25;15;10;32;15;9;4;2;28;16;12;31;3;3.4;2.5;0;1;A
31;19/03/2016;Everton;30;9;11;10;51;46;5;38;15;4;4;7;29;26;3;16;15;5;7;3;22;20;2;22;Arsenal;30;16;7;7;48;30;18;55;15;9;3;3;21;10;11;30;15;7;4;4;27;20;7;25;2.7;3.5;2.7;0;2;A
31;19/03/2016;Swansea;30;8;9;13;30;40;-10;33;15;5;5;5;14;18;-4;20;15;3;4;8;16;22;-6;13;Aston Villa;30;3;7;20;22;57;-35;16;15;2;4;9;11;25;-14;10;15;1;3;11;11;32;-21;6;1.67;3.8;6;1;0;H
31;19/03/2016;Watford;30;10;7;13;30;33;-3;37;15;5;4;6;13;12;1;19;15;5;3;7;17;21;-4;18;Stoke;30;12;7;11;32;36;-4;43;15;7;2;6;17;16;1;23;15;5;5;5;15;20;-5;20;2.4;3.25;3.3;1;2;A
31;19/03/2016;West Bromwich;30;10;9;11;30;38;-8;39;15;6;4;5;19;20;-1;22;15;4;5;6;11;18;-7;17;Norwich;30;6;7;17;31;54;-23;25;15;4;5;6;19;22;-3;17;15;2;2;11;12;32;-20;8;2.25;3.3;3.6;0;1;A
31;20/03/2016;Man City;30;15;7;8;53;32;21;52;15;10;1;4;39;17;22;31;15;5;6;4;14;15;-1;21;Man Utd;30;14;8;8;39;27;12;50;15;9;4;2;21;7;14;31;15;5;4;6;18;20;-2;19;1.83;3.75;4.75;0;1;A
31;20/03/2016;Newcastle;30;6;7;17;29;55;-26;25;15;4;6;5;22;22;0;18;15;2;1;12;7;33;-26;7;Sunderland;30;7;7;16;38;54;-16;28;15;5;4;6;20;16;4;19;15;2;3;10;18;38;-20;9;2.1;3.5;3.8;1;1;D
31;20/03/2016;Southampton;30;12;8;10;38;30;8;44;15;7;3;5;25;16;9;24;15;5;5;5;13;14;-1;20;Liverpool;30;13;9;8;48;38;10;48;15;6;6;3;24;18;6;24;15;7;3;5;24;20;4;24;2.63;3.4;2.88;3;2;H
31;20/03/2016;Tottenham;30;16;10;4;53;24;29;58;15;8;5;2;27;12;15;29;15;8;5;2;26;12;14;29;Bournemouth;30;10;8;12;38;47;-9;38;15;5;4;6;20;23;-3;19;15;5;4;6;18;24;-6;19;1.53;4.33;7;3;0;H
32;02/04/2016;Arsenal;31;17;7;7;50;30;20;58;15;9;3;3;21;10;11;30;16;8;4;4;29;20;9;28;Watford;31;10;7;14;31;35;-4;37;16;5;4;7;14;14;0;19;15;5;3;7;17;21;-4;18;1.36;5.25;10;4;0;H
32;02/04/2016;Aston Villa;31;3;7;21;22;58;-36;16;15;2;4;9;11;25;-14;10;16;1;3;12;11;33;-22;6;Chelsea;31;10;12;9;46;42;4;42;16;5;7;4;29;24;5;22;15;5;5;5;17;18;-1;20;6.5;4.33;1.57;0;4;A
32;02/04/2016;Bournemouth;31;10;8;13;38;50;-12;38;15;5;4;6;20;23;-3;19;16;5;4;7;18;27;-9;19;Man City;31;15;7;9;53;33;20;52;16;10;1;5;39;18;21;31;15;5;6;4;14;15;-1;21;3.75;3.6;2.1;0;4;A
32;02/04/2016;Liverpool;31;13;9;9;50;41;9;48;15;6;6;3;24;18;6;24;16;7;3;6;26;23;3;24;Tottenham;31;17;10;4;56;24;32;61;16;9;5;2;30;12;18;32;15;8;5;2;26;12;14;29;2.5;3.4;3;1;1;D
32;02/04/2016;Norwich;31;7;7;17;32;54;-22;28;15;4;5;6;19;22;-3;17;16;3;2;11;13;32;-19;11;Newcastle;31;6;8;17;30;56;-26;26;16;4;7;5;23;23;0;19;15;2;1;12;7;33;-26;7;2.2;3.4;3.6;3;2;H
32;02/04/2016;Stoke;31;13;7;11;34;37;-3;46;15;7;2;6;17;16;1;23;16;6;5;5;17;21;-4;23;Swansea;31;9;9;13;31;40;-9;36;16;6;5;5;15;18;-3;23;15;3;4;8;16;22;-6;13;2.2;3.4;3.6;2;2;D
32;02/04/2016;Sunderland;31;7;8;16;39;55;-16;29;15;5;4;6;20;16;4;19;16;2;4;10;19;39;-20;10;West Bromwich;31;10;9;12;30;39;-9;39;16;6;4;6;19;21;-2;22;15;4;5;6;11;18;-7;17;2.1;3.3;4;0;0;D
32;02/04/2016;West Ham;31;14;11;6;50;36;14;53;15;8;5;2;25;15;10;29;16;6;6;4;25;21;4;24;Crystal Palace;31;9;6;16;32;42;-10;33;16;4;2;10;16;22;-6;14;15;5;4;6;16;20;-4;19;1.95;3.6;4.2;2;2;D
32;03/04/2016;Leicester;31;19;9;3;54;31;23;66;15;9;5;1;25;15;10;32;16;10;4;2;29;16;13;34;Southampton;31;13;8;10;41;32;9;47;16;8;3;5;28;18;10;27;15;5;5;5;13;14;-1;20;2.25;3.4;3.5;1;0;H
32;03/04/2016;Man Utd;31;15;8;8;40;27;13;53;15;9;4;2;21;7;14;31;16;6;4;6;19;20;-1;22;Everton;31;9;11;11;51;48;3;38;16;4;4;8;29;28;1;16;15;5;7;3;22;20;2;22;2.1;3.5;3.75;1;0;H
33;09/04/2016;Aston Villa;32;3;7;22;22;62;-40;16;16;2;4;10;11;29;-18;10;16;1;3;12;11;33;-22;6;Bournemouth;32;10;8;14;38;54;-16;38;16;5;4;7;20;27;-7;19;16;5;4;7;18;27;-9;19;3.4;3.2;2.2;1;2;A
33;09/04/2016;Crystal Palace;32;9;7;16;34;44;-10;34;16;4;2;10;16;22;-6;14;16;5;5;6;18;22;-4;20;Norwich;32;8;7;17;35;56;-21;31;16;5;5;6;22;24;-2;20;16;3;2;11;13;32;-19;11;2.05;3.4;3.6;1;0;H
33;09/04/2016;Man City;32;16;7;9;57;33;24;55;16;10;1;5;39;18;21;31;16;6;6;4;18;15;3;24;West Bromwich;32;10;10;12;30;39;-9;40;16;6;4;6;19;21;-2;22;16;4;6;6;11;18;-7;18;1.33;5;9;2;1;H
33;09/04/2016;Southampton;32;13;8;11;41;33;8;47;16;8;3;5;28;18;10;27;16;5;5;6;13;15;-2;20;Newcastle;32;6;8;18;32;59;-27;26;16;4;7;5;23;23;0;19;16;2;1;13;9;36;-27;7;1.53;4;6;3;1;H
33;09/04/2016;Swansea;32;9;10;13;33;42;-9;37;16;6;5;5;15;18;-3;23;16;3;5;8;18;24;-6;14;Chelsea;32;11;12;9;50;42;8;45;16;5;7;4;29;24;5;22;16;6;5;5;21;18;3;23;3.75;3.4;2;1;0;H
33;09/04/2016;Watford;32;10;7;15;31;39;-8;37;16;5;4;7;14;14;0;19;16;5;3;8;17;25;-8;18;Everton;32;9;11;12;51;49;2;38;16;4;4;8;29;28;1;16;16;5;7;4;22;21;1;22;3.4;3.3;2.15;1;1;D
33;09/04/2016;West Ham;32;14;12;6;52;38;14;54;16;8;6;2;27;17;10;30;16;6;6;4;25;21;4;24;Arsenal;32;18;7;7;54;30;24;61;16;10;3;3;25;10;15;33;16;8;4;4;29;20;9;28;3.6;3.5;2;3;3;D
33;10/04/2016;Liverpool;32;13;10;9;51;42;9;49;16;6;7;3;25;19;6;25;16;7;3;6;26;23;3;24;Stoke;32;13;8;11;36;39;-3;47;16;7;3;6;19;18;1;24;16;6;5;5;17;21;-4;23;1.55;4;5.75;4;1;H
33;10/04/2016;Sunderland;32;7;9;16;39;55;-16;30;16;5;5;6;20;16;4;20;16;2;4;10;19;39;-20;10;Leicester;32;20;9;3;55;31;24;69;16;10;5;1;26;15;11;35;16;10;4;2;29;16;13;34;3.4;3.4;2.1;0;2;A
33;10/04/2016;Tottenham;32;17;11;4;57;25;32;62;16;9;5;2;30;12;18;32;16;8;6;2;27;13;14;30;Man Utd;32;16;8;8;41;27;14;56;16;10;4;2;22;7;15;34;16;6;4;6;19;20;-1;22;1.91;3.5;4;3;0;H
34;16/04/2016;Chelsea;33;11;12;10;50;43;7;45;16;5;7;4;29;24;5;22;17;6;5;6;21;19;2;23;Man City;33;17;7;9;59;34;25;58;17;11;1;5;41;19;22;34;16;6;6;4;18;15;3;24;2.75;3.4;2.7;0;3;A
34;16/04/2016;Everton;33;9;12;12;52;50;2;39;16;4;4;8;29;28;1;16;17;5;8;4;23;22;1;23;Southampton;33;14;8;11;44;34;10;50;17;9;3;5;31;19;12;30;16;5;5;6;13;15;-2;20;2.7;3.4;2.8;1;1;D
34;16/04/2016;Man Utd;33;16;8;9;41;30;11;56;16;10;4;2;22;7;15;34;17;6;4;7;19;23;-4;22;Aston Villa;33;3;7;23;23;64;-41;16;17;2;4;11;12;31;-19;10;16;1;3;12;11;33;-22;6;1.22;7;17;1;0;H
34;16/04/2016;Newcastle;33;6;8;19;33;62;-29;26;16;4;7;5;23;23;0;19;17;2;1;14;10;39;-29;7;Swansea;33;10;10;13;34;42;-8;40;17;7;5;5;16;18;-2;26;16;3;5;8;18;24;-6;14;2.3;3.4;3.4;3;0;H
34;16/04/2016;Norwich;33;8;7;18;35;57;-22;31;16;5;5;6;22;24;-2;20;17;3;2;12;13;33;-20;11;Sunderland;33;7;9;17;39;57;-18;30;17;5;5;7;20;18;2;20;16;2;4;10;19;39;-20;10;2.4;3.3;3.25;0;3;A
34;16/04/2016;West Bromwich;33;10;10;13;31;41;-10;40;16;6;4;6;19;21;-2;22;17;4;6;7;12;20;-8;18;Watford;33;10;8;15;32;40;-8;38;17;5;5;7;15;15;0;20;16;5;3;8;17;25;-8;18;2.4;3.2;3.4;0;1;A
34;17/04/2016;Arsenal;33;18;8;7;57;33;24;62;16;10;3;3;25;10;15;33;17;8;5;4;32;23;9;29;Crystal Palace;33;10;7;16;35;44;-9;37;17;5;2;10;17;22;-5;17;16;5;5;6;18;22;-4;20;1.33;5.75;9.5;1;1;D
34;17/04/2016;Bournemouth;33;11;8;14;40;55;-15;41;16;5;4;7;20;27;-7;19;17;6;4;7;20;28;-8;22;Liverpool;33;14;10;9;55;43;12;52;17;7;7;3;29;20;9;28;16;7;3;6;26;23;3;24;3.6;3.5;2.15;1;2;A
34;17/04/2016;Leicester;33;21;9;3;57;31;26;72;16;10;5;1;26;15;11;35;17;11;4;2;31;16;15;37;West Ham;33;14;13;6;55;41;14;55;17;8;7;2;30;20;10;31;16;6;6;4;25;21;4;24;1.95;3.6;4.2;2;2;D
34;18/04/2016;Stoke;33;13;8;12;37;43;-6;47;16;7;3;6;19;18;1;24;17;6;5;6;18;25;-7;23;Tottenham;33;18;11;4;60;25;35;65;17;10;5;2;33;12;21;35;16;8;6;2;27;13;14;30;4.5;3.75;1.85;0;4;A
35;23/04/2016;Aston Villa;34;3;7;24;23;65;-42;16;17;2;4;11;12;31;-19;10;17;1;3;13;11;34;-23;6;Southampton;34;14;9;11;45;35;10;51;17;9;3;5;31;19;12;30;17;5;6;6;14;16;-2;21;7.5;4.2;1.53;2;4;A
35;23/04/2016;Bournemouth;34;11;8;15;41;57;-16;41;17;5;4;8;21;29;-8;19;17;6;4;7;20;28;-8;22;Chelsea;34;11;12;11;50;46;4;45;17;5;7;5;29;27;2;22;17;6;5;6;21;19;2;23;3.1;3.5;2.4;1;4;A
35;23/04/2016;Liverpool;34;15;10;9;57;44;13;55;17;7;7;3;29;20;9;28;17;8;3;6;28;24;4;27;Newcastle;34;7;8;19;36;62;-26;29;17;5;7;5;26;23;3;22;17;2;1;14;10;39;-29;7;1.57;4.5;6;2;2;D
35;23/04/2016;Man City;34;18;7;9;62;34;28;61;17;11;1;5;41;19;22;34;17;7;6;4;21;15;6;27;Stoke;34;13;8;13;37;47;-10;47;17;7;3;7;19;22;-3;24;17;6;5;6;18;25;-7;23;1.3;6;11;4;0;H
35;24/04/2016;Leicester;34;21;10;3;59;33;26;73;17;10;6;1;28;17;11;36;17;11;4;2;31;16;15;37;Swansea;34;10;10;14;34;45;-11;40;17;7;5;5;16;18;-2;26;17;3;5;9;18;27;-9;14;1.75;3.7;5.5;4;0;H
35;24/04/2016;Sunderland;34;8;9;17;42;57;-15;33;17;5;5;7;20;18;2;20;17;3;4;10;22;39;-17;13;Arsenal;34;18;9;7;58;34;24;63;17;10;4;3;26;11;15;34;17;8;5;4;32;23;9;29;4.5;4;1.8;0;0;D
35;25/04/2016;Tottenham;34;19;11;4;64;25;39;68;17;10;5;2;33;12;21;35;17;9;6;2;31;13;18;33;West Bromwich;34;10;10;14;31;42;-11;40;17;6;4;7;19;22;-3;22;17;4;6;7;12;20;-8;18;1.22;7;15;1;1;D
36;30/04/2016;Arsenal;35;18;10;7;58;34;24;64;17;10;4;3;26;11;15;34;18;8;6;4;32;23;9;30;Norwich;35;9;7;19;39;62;-23;34;18;6;5;7;26;29;-3;23;17;3;2;12;13;33;-20;11;1.29;6.5;11;1;0;H
36;30/04/2016;Everton;35;9;14;12;53;51;2;41;17;4;5;8;30;29;1;17;18;5;9;4;23;22;1;24;Bournemouth;35;11;8;16;42;61;-19;41;18;5;4;9;22;33;-11;19;17;6;4;7;20;28;-8;22;2;3.8;3.8;2;1;H
36;30/04/2016;Newcastle;35;7;9;19;38;64;-26;30;17;5;7;5;26;23;3;22;18;2;2;14;12;41;-29;8;Crystal Palace;35;10;9;16;36;45;-9;39;18;5;3;10;17;22;-5;18;17;5;6;6;19;23;-4;21;2;3.6;4;1;0;H
36;30/04/2016;Stoke;35;13;8;14;37;51;-14;47;17;7;3;7;19;22;-3;24;18;6;5;7;18;29;-11;23;Sunderland;35;8;10;17;42;57;-15;34;18;5;6;7;20;18;2;21;17;3;4;10;22;39;-17;13;2.75;3.3;2.8;1;1;D
36;30/04/2016;Watford;35;11;8;16;35;44;-9;41;17;5;5;7;15;15;0;20;18;6;3;9;20;29;-9;21;Aston Villa;35;3;7;25;25;69;-44;16;18;2;4;12;14;35;-21;10;17;1;3;13;11;34;-23;6;1.7;3.8;5.75;3;2;H
36;30/04/2016;West Bromwich;35;10;11;14;32;43;-11;41;17;6;4;7;19;22;-3;22;18;4;7;7;13;21;-8;19;West Ham;35;15;14;6;60;45;15;59;18;9;7;2;33;22;11;34;17;6;7;4;27;23;4;25;4;3.4;2.1;0;3;A
36;01/05/2016;Man Utd;35;17;8;10;44;33;11;59;17;11;4;2;23;7;16;37;18;6;4;8;21;26;-5;22;Leicester;35;22;10;3;63;33;30;76;18;11;6;1;32;17;15;39;17;11;4;2;31;16;15;37;2.1;3.4;3.9;1;1;D
36;01/05/2016;Southampton;35;15;9;11;49;37;12;54;17;9;3;5;31;19;12;30;18;6;6;6;18;18;0;24;Man City;35;19;7;9;66;34;32;64;18;12;1;5;45;19;26;37;17;7;6;4;21;15;6;27;2.8;3.4;2.7;4;2;H
36;01/05/2016;Swansea;35;10;10;15;34;49;-15;40;17;7;5;5;16;18;-2;26;18;3;5;10;18;31;-13;14;Liverpool;35;15;11;9;59;46;13;56;18;7;8;3;31;22;9;29;17;8;3;6;28;24;4;27;3.1;3.5;2.4;3;1;H
36;02/05/2016;Chelsea;35;12;12;11;54;47;7;48;17;5;7;5;29;27;2;22;18;7;5;6;25;20;5;26;Tottenham;35;19;12;4;65;26;39;69;18;10;6;2;34;13;21;36;17;9;6;2;31;13;18;33;2.75;3.6;2.63;2;2;D
37;07/05/2016;Aston Villa;36;3;7;26;27;72;-45;16;18;2;4;12;14;35;-21;10;18;1;3;14;13;37;-24;6;Newcastle;36;8;9;19;39;64;-25;33;18;6;7;5;27;23;4;25;18;2;2;14;12;41;-29;8;5.75;4.2;1.65;0;0;D
37;07/05/2016;Bournemouth;36;11;8;17;43;63;-20;41;18;5;4;9;22;33;-11;19;18;6;4;8;21;30;-9;22;West Bromwich;36;10;11;15;32;46;-14;41;18;6;4;8;19;25;-6;22;18;4;7;7;13;21;-8;19;1.95;3.6;4.2;1;1;D
37;07/05/2016;Crystal Palace;36;10;9;17;36;46;-10;39;18;5;3;10;17;22;-5;18;18;5;6;7;19;24;-5;21;Stoke;36;13;9;14;38;52;-14;48;18;7;4;7;20;23;-3;25;18;6;5;7;18;29;-11;23;2.05;3.5;3.9;2;1;H
37;07/05/2016;Leicester;36;22;11;3;64;34;30;77;18;11;6;1;32;17;15;39;18;11;5;2;32;17;15;38;Everton;36;10;14;12;55;52;3;44;18;5;5;8;32;30;2;20;18;5;9;4;23;22;1;24;1.91;4;4;3;1;H
37;07/05/2016;Norwich;36;9;7;20;39;63;-24;34;18;6;5;7;26;29;-3;23;18;3;2;13;13;34;-21;11;Man Utd;36;17;9;10;45;34;11;60;18;11;5;2;24;8;16;38;18;6;4;8;21;26;-5;22;4.5;3.6;1.91;0;1;A
37;07/05/2016;Sunderland;36;8;11;17;43;58;-15;35;18;5;6;7;20;18;2;21;18;3;5;10;23;40;-17;14;Chelsea;36;12;13;11;56;49;7;49;18;5;8;5;31;29;2;23;18;7;5;6;25;20;5;26;3;3.5;2.45;3;2;H
37;07/05/2016;West Ham;36;16;14;6;63;45;18;62;18;9;7;2;33;22;11;34;18;7;7;4;30;23;7;28;Swansea;36;11;10;15;37;50;-13;43;18;8;5;5;19;19;0;29;18;3;5;10;18;31;-13;14;1.44;4.75;8;1;4;A
37;08/05/2016;Liverpool;36;15;11;10;60;49;11;56;18;7;8;3;31;22;9;29;18;8;3;7;29;27;2;27;Watford;36;12;8;16;38;46;-8;44;18;6;5;7;18;17;1;23;18;6;3;9;20;29;-9;21;1.5;4.5;7.5;2;0;H
37;08/05/2016;Man City;36;19;7;10;68;38;30;64;18;12;1;5;45;19;26;37;18;7;6;5;23;19;4;27;Arsenal;36;19;10;7;59;34;25;67;18;11;4;3;27;11;16;37;18;8;6;4;32;23;9;30;2.5;3.6;2.9;2;2;D
37;08/05/2016;Tottenham;36;19;13;4;67;28;39;70;18;10;6;2;34;13;21;36;18;9;7;2;33;15;18;34;Southampton;36;16;9;11;53;39;14;57;18;10;3;5;35;21;14;33;18;6;6;6;18;18;0;24;2.05;3.6;3.9;1;2;A
38;15/05/2016;Arsenal;37;19;11;7;61;36;25;68;18;11;4;3;27;11;16;37;19;8;7;4;34;25;9;31;Aston Villa;37;3;8;26;27;72;-45;17;19;2;5;12;14;35;-21;11;18;1;3;14;13;37;-24;6;1.17;9;17;4;0;H
38;15/05/2016;Chelsea;37;12;13;12;58;52;6;49;18;5;8;5;31;29;2;23;19;7;5;7;27;23;4;26;Leicester;37;23;11;3;67;35;32;80;19;12;6;1;35;18;17;42;18;11;5;2;32;17;15;38;2.3;3.75;3.1;1;1;D
38;15/05/2016;Everton;37;10;14;13;56;55;1;44;18;5;5;8;32;30;2;20;19;5;9;5;24;25;-1;24;Norwich;37;9;7;21;39;64;-25;34;19;6;5;8;26;30;-4;23;18;3;2;13;13;34;-21;11;1.8;4;4.5;3;0;H
38;15/05/2016;Newcastle;37;8;10;19;39;64;-25;34;18;6;7;5;27;23;4;25;19;2;3;14;12;41;-29;9;Tottenham;37;19;13;5;68;30;38;70;19;10;6;3;35;15;20;36;18;9;7;2;33;15;18;34;4.5;4;1.8;5;1;H
38;15/05/2016;Southampton;37;17;9;11;55;40;15;60;18;10;3;5;35;21;14;33;19;7;6;6;20;19;1;27;Crystal Palace;37;11;9;17;38;47;-9;42;19;6;3;10;19;23;-4;21;18;5;6;7;19;24;-5;21;1.36;5.5;9;4;1;H
38;15/05/2016;Stoke;37;13;9;15;39;54;-15;48;18;7;4;7;20;23;-3;25;19;6;5;8;19;31;-12;23;West Ham;37;16;14;7;64;49;15;62;19;9;7;3;34;26;8;34;18;7;7;4;30;23;7;28;3.5;3.6;2.15;2;1;H
38;15/05/2016;Swansea;37;12;10;15;41;51;-10;46;18;8;5;5;19;19;0;29;19;4;5;10;22;32;-10;17;Man City;37;19;8;10;70;40;30;65;19;12;2;5;47;21;26;38;18;7;6;5;23;19;4;27;6;4.75;1.53;1;1;D
38;15/05/2016;Watford;37;12;8;17;38;48;-10;44;18;6;5;7;18;17;1;23;19;6;3;10;20;31;-11;21;Sunderland;37;9;11;17;46;60;-14;38;19;6;6;7;23;20;3;24;18;3;5;10;23;40;-17;14;2.05;3.75;3.7;2;2;D
38;15/05/2016;West Bromwich;37;10;12;15;33;47;-14;42;18;6;4;8;19;25;-6;22;19;4;8;7;14;22;-8;20;Liverpool;37;16;11;10;62;49;13;59;19;8;8;3;33;22;11;32;18;8;3;7;29;27;2;27;2.4;3.6;3;1;1;D
38;17/05/2016;Man Utd;37;18;9;10;46;34;12;63;18;11;5;2;24;8;16;38;19;7;4;8;22;26;-4;25;Bournemouth;37;11;9;17;44;64;-20;42;19;5;5;9;23;34;-11;20;18;6;4;8;21;30;-9;22;1.67;4.2;5.25;3;1;H
11;08/11/2014;Burnley;10;0;4;6;5;19;-14;4;5;0;2;3;3;9;-6;2;5;0;2;3;2;10;-8;2;Hull;10;2;5;3;13;14;-1;11;5;1;2;2;7;8;-1;5;5;1;3;1;6;6;0;6;2.5;3.4;3;1;0;H
11;08/11/2014;Liverpool;10;4;2;4;13;13;0;14;5;2;2;1;5;4;1;8;5;2;0;3;8;9;-1;6;Chelsea;10;8;2;0;26;10;16;26;5;5;0;0;13;3;10;15;5;3;2;0;13;7;6;11;3.4;3.4;2.3;1;2;A
11;08/11/2014;Man Utd;10;3;4;3;16;14;2;13;5;3;1;1;10;5;5;10;5;0;3;2;6;9;-3;3;Crystal Palace;10;2;3;5;14;19;-5;9;5;1;1;3;5;8;-3;4;5;1;2;2;9;11;-2;5;1.3;6;11;1;0;H
11;08/11/2014;QPR;10;2;1;7;9;20;-11;7;5;2;1;2;7;6;1;7;5;0;0;5;2;14;-12;0;Man City;10;6;2;2;20;10;10;20;5;3;1;1;9;4;5;10;5;3;1;1;11;6;5;10;7;4.75;1.5;2;2;D
11;08/11/2014;Southampton;10;7;1;2;21;5;16;22;5;4;1;0;15;1;14;13;5;3;0;2;6;4;2;9;Leicester;10;2;3;5;11;16;-5;9;5;1;3;1;10;9;1;6;5;1;0;4;1;7;-6;3;1.44;4.75;8;2;0;H
11;08/11/2014;West Ham;10;5;2;3;19;14;5;17;5;3;0;2;8;6;2;9;5;2;2;1;11;8;3;8;Aston Villa;10;3;1;6;5;16;-11;10;5;1;1;3;3;8;-5;4;5;2;0;3;2;8;-6;6;1.75;3.75;5.5;0;0;D
11;09/11/2014;Sunderland;10;2;5;3;11;18;-7;11;5;1;3;1;6;6;0;6;5;1;2;2;5;12;-7;5;Everton;10;3;4;3;19;17;2;13;5;1;2;2;10;11;-1;5;5;2;2;1;9;6;3;8;4;3.5;2.05;1;1;D
11;09/11/2014;Swansea;10;4;3;3;13;10;3;15;5;3;1;1;8;3;5;10;5;1;2;2;5;7;-2;5;Arsenal;10;4;5;1;18;11;7;17;5;2;3;0;10;6;4;9;5;2;2;1;8;5;3;8;3.75;3.5;2.1;2;1;H
11;09/11/2014;Tottenham;10;4;2;4;13;14;-1;14;5;2;0;3;6;6;0;6;5;2;2;1;7;8;-1;8;Stoke;10;3;3;4;10;12;-2;12;5;2;1;2;5;5;0;7;5;1;2;2;5;7;-2;5;1.7;4;5.5;1;2;A
11;09/11/2014;West Bromwich;10;3;4;3;13;13;0;13;5;1;3;1;10;8;2;6;5;2;1;2;3;5;-2;7;Newcastle;10;3;4;3;11;15;-4;13;5;2;2;1;7;7;0;8;5;1;2;2;4;8;-4;5;2.3;3.5;3.3;0;2;A
12;22/11/2014;Arsenal;11;4;5;2;19;13;6;17;5;2;3;0;10;6;4;9;6;2;2;2;9;7;2;8;Man Utd;11;4;4;3;17;14;3;16;6;4;1;1;11;5;6;13;5;0;3;2;6;9;-3;3;2.15;3.6;3.5;1;2;A
12;22/11/2014;Chelsea;11;9;2;0;28;11;17;29;5;5;0;0;13;3;10;15;6;4;2;0;15;8;7;14;West Bromwich;11;3;4;4;13;15;-2;13;6;1;3;2;10;10;0;6;5;2;1;2;3;5;-2;7;1.25;6.5;15;2;0;H
12;22/11/2014;Everton;11;3;5;3;20;18;2;14;5;1;2;2;10;11;-1;5;6;2;3;1;10;7;3;9;West Ham;11;5;3;3;19;14;5;18;6;3;1;2;8;6;2;10;5;2;2;1;11;8;3;8;1.85;3.8;4.5;2;1;H
12;22/11/2014;Leicester;11;2;3;6;11;18;-7;9;5;1;3;1;10;9;1;6;6;1;0;5;1;9;-8;3;Sunderland;11;2;6;3;12;19;-7;12;6;1;4;1;7;7;0;7;5;1;2;2;5;12;-7;5;2.1;3.5;3.8;0;0;D
12;22/11/2014;Man City;11;6;3;2;22;12;10;21;5;3;1;1;9;4;5;10;6;3;2;1;13;8;5;11;Swansea;11;5;3;3;15;11;4;18;6;4;1;1;10;4;6;13;5;1;2;2;5;7;-2;5;1.4;5.25;8.5;2;1;H
12;22/11/2014;Newcastle;11;4;4;3;13;15;-2;16;5;2;2;1;7;7;0;8;6;2;2;2;6;8;-2;8;QPR;11;2;2;7;11;22;-11;8;6;2;2;2;9;8;1;8;5;0;0;5;2;14;-12;0;1.83;3.75;4.75;1;0;H
12;22/11/2014;Stoke;11;4;3;4;12;13;-1;15;5;2;1;2;5;5;0;7;6;2;2;2;7;8;-1;8;Burnley;11;1;4;6;6;19;-13;7;6;1;2;3;4;9;-5;5;5;0;2;3;2;10;-8;2;1.7;3.8;5.75;1;2;A
12;23/11/2014;Crystal Palace;11;2;3;6;14;20;-6;9;5;1;1;3;5;8;-3;4;6;1;2;3;9;12;-3;5;Liverpool;11;4;2;5;14;15;-1;14;6;2;2;2;6;6;0;8;5;2;0;3;8;9;-1;6;4.33;3.7;1.91;3;1;H
12;23/11/2014;Hull;11;2;5;4;13;15;-2;11;5;1;2;2;7;8;-1;5;6;1;3;2;6;7;-1;6;Tottenham;11;4;2;5;14;16;-2;14;6;2;0;4;7;8;-1;6;5;2;2;1;7;8;-1;8;3.6;3.4;2.2;1;2;A
12;24/11/2014;Aston Villa;11;3;2;6;5;16;-11;11;5;1;1;3;3;8;-5;4;6;2;1;3;2;8;-6;7;Southampton;11;8;1;2;23;5;18;25;6;5;1;0;17;1;16;16;5;3;0;2;6;4;2;9;5.25;3.75;1.75;1;1;D
13;29/11/2014;Burnley;12;2;4;6;8;20;-12;10;6;1;2;3;4;9;-5;5;6;1;2;3;4;11;-7;5;Aston Villa;12;3;3;6;6;17;-11;12;6;1;2;3;4;9;-5;5;6;2;1;3;2;8;-6;7;2.15;3.4;3.75;1;1;D
13;29/11/2014;Liverpool;12;4;2;6;15;18;-3;14;6;2;2;2;6;6;0;8;6;2;0;4;9;12;-3;6;Stoke;12;4;3;5;13;15;-2;15;6;2;1;3;6;7;-1;7;6;2;2;2;7;8;-1;8;1.73;4;5;1;0;H
13;29/11/2014;Man Utd;12;5;4;3;19;15;4;19;6;4;1;1;11;5;6;13;6;1;3;2;8;10;-2;6;Hull;12;2;5;5;14;17;-3;11;6;1;2;3;8;10;-2;5;6;1;3;2;6;7;-1;6;1.33;5.75;10;3;0;H
13;29/11/2014;QPR;12;2;2;8;11;23;-12;8;6;2;2;2;9;8;1;8;6;0;0;6;2;15;-13;0;Leicester;12;2;4;6;11;18;-7;10;6;1;4;1;10;9;1;7;6;1;0;5;1;9;-8;3;2.38;3.4;3.25;3;2;H
13;29/11/2014;Sunderland;12;2;7;3;12;19;-7;13;6;1;4;1;7;7;0;7;6;1;3;2;5;12;-7;6;Chelsea;12;10;2;0;30;11;19;32;6;6;0;0;15;3;12;18;6;4;2;0;15;8;7;14;9;5;1.4;0;0;D
13;29/11/2014;Swansea;12;5;3;4;16;13;3;18;6;4;1;1;10;4;6;13;6;1;2;3;6;9;-3;5;Crystal Palace;12;3;3;6;17;21;-4;12;6;2;1;3;8;9;-1;7;6;1;2;3;9;12;-3;5;1.8;3.75;5;1;1;D
13;29/11/2014;West Bromwich;12;3;4;5;13;17;-4;13;6;1;3;2;10;10;0;6;6;2;1;3;3;7;-4;7;Arsenal;12;4;5;3;20;15;5;17;6;2;3;1;11;8;3;9;6;2;2;2;9;7;2;8;4.5;3.8;1.85;0;1;A
13;29/11/2014;West Ham;12;5;3;4;20;16;4;18;6;3;1;2;8;6;2;10;6;2;2;2;12;10;2;8;Newcastle;12;5;4;3;14;15;-1;19;6;3;2;1;8;7;1;11;6;2;2;2;6;8;-2;8;2.15;3.5;3.6;1;0;H
13;30/11/2014;Southampton;12;8;2;2;24;6;18;26;6;5;1;0;17;1;16;16;6;3;1;2;7;5;2;10;Man City;12;7;3;2;24;13;11;24;6;4;1;1;11;5;6;13;6;3;2;1;13;8;5;11;3.2;3.6;2.3;0;3;A
13;30/11/2014;Tottenham;12;5;2;5;16;17;-1;17;6;2;0;4;7;8;-1;6;6;3;2;1;9;9;0;11;Everton;12;4;5;3;22;19;3;17;6;2;2;2;12;12;0;8;6;2;3;1;10;7;3;9;2.25;3.6;3.25;2;1;H
14;02/12/2014;Burnley;13;2;5;6;9;21;-12;11;7;1;3;3;5;10;-5;6;6;1;2;3;4;11;-7;5;Newcastle;13;5;4;4;14;16;-2;19;6;3;2;1;8;7;1;11;7;2;2;3;6;9;-3;8;2.8;3.3;2.75;1;1;D
14;02/12/2014;Crystal Palace;13;3;4;6;18;22;-4;13;6;2;1;3;8;9;-1;7;7;1;3;3;10;13;-3;6;Aston Villa;13;3;4;6;7;18;-11;13;6;1;2;3;4;9;-5;5;7;2;2;3;3;9;-6;8;2.1;3.4;4;0;1;A
14;02/12/2014;Leicester;13;2;4;7;13;21;-8;10;6;1;4;1;10;9;1;7;7;1;0;6;3;12;-9;3;Liverpool;13;5;2;6;16;18;-2;17;7;3;2;2;7;6;1;11;6;2;0;4;9;12;-3;6;3.8;3.6;2.05;1;3;A
14;02/12/2014;Man Utd;13;6;4;3;22;15;7;22;7;5;1;1;14;5;9;16;6;1;3;2;8;10;-2;6;Stoke;13;4;3;6;13;16;-3;15;6;2;1;3;6;7;-1;7;7;2;2;3;7;9;-2;8;1.45;4.5;8.5;2;1;H
14;02/12/2014;Swansea;13;5;4;4;17;14;3;19;7;4;2;1;11;5;6;14;6;1;2;3;6;9;-3;5;QPR;13;3;2;8;14;25;-11;11;7;3;2;2;12;10;2;11;6;0;0;6;2;15;-13;0;1.73;3.8;5.5;2;0;H
14;02/12/2014;West Bromwich;13;3;4;6;13;18;-5;13;7;1;3;3;10;11;-1;6;6;2;1;3;3;7;-4;7;West Ham;13;6;3;4;21;16;5;21;7;4;1;2;9;6;3;13;6;2;2;2;12;10;2;8;2.5;3.4;3;1;2;A
14;03/12/2014;Arsenal;13;5;5;3;21;15;6;20;6;2;3;1;11;8;3;9;7;3;2;2;10;7;3;11;Southampton;13;8;2;3;24;9;15;26;7;5;1;1;17;4;13;16;6;3;1;2;7;5;2;10;1.8;3.75;5;1;0;H
14;03/12/2014;Chelsea;13;10;3;0;30;11;19;33;6;6;0;0;15;3;12;18;7;4;3;0;15;8;7;15;Tottenham;13;6;2;5;18;18;0;20;7;3;0;4;9;9;0;9;6;3;2;1;9;9;0;11;1.4;5;9;3;0;H
14;03/12/2014;Everton;13;4;5;4;23;21;2;17;6;2;2;2;12;12;0;8;7;2;3;2;11;9;2;9;Hull;13;2;5;6;14;20;-6;11;6;1;2;3;8;10;-2;5;7;1;3;3;6;10;-4;6;1.53;4.33;7;1;1;D
14;03/12/2014;Sunderland;13;2;8;3;12;19;-7;14;7;1;5;1;7;7;0;8;6;1;3;2;5;12;-7;6;Man City;13;8;3;2;27;13;14;27;6;4;1;1;11;5;6;13;7;4;2;1;16;8;8;14;7.5;4.5;1.5;1;4;A
15;06/12/2014;Hull;14;2;6;6;15;21;-6;12;6;1;2;3;8;10;-2;5;8;1;4;3;7;11;-4;7;West Bromwich;14;3;4;7;14;20;-6;13;8;1;3;4;11;13;-2;6;6;2;1;3;3;7;-4;7;2.45;3.3;3.2;0;0;D
15;06/12/2014;Liverpool;14;6;2;6;19;19;0;20;7;3;2;2;7;6;1;11;7;3;0;4;12;13;-1;9;Sunderland;14;2;8;4;13;23;-10;14;8;1;5;2;8;11;-3;8;6;1;3;2;5;12;-7;6;1.5;4.5;7.5;0;0;D
15;06/12/2014;Man City;14;9;3;2;31;14;17;30;6;4;1;1;11;5;6;13;8;5;2;1;20;9;11;17;Everton;14;4;6;4;24;22;2;18;7;2;3;2;13;13;0;9;7;2;3;2;11;9;2;9;1.5;4.75;7;1;0;H
15;06/12/2014;Newcastle;14;5;5;4;15;17;-2;20;6;3;2;1;8;7;1;11;8;2;3;3;7;10;-3;9;Chelsea;14;11;3;0;33;11;22;36;7;7;0;0;18;3;15;21;7;4;3;0;15;8;7;15;7;4.33;1.53;2;1;H
15;06/12/2014;QPR;14;3;2;9;14;27;-13;11;7;3;2;2;12;10;2;11;7;0;0;7;2;17;-15;0;Burnley;14;2;6;6;10;22;-12;12;8;1;4;3;6;11;-5;7;6;1;2;3;4;11;-7;5;2.05;3.5;4;2;0;H
15;06/12/2014;Stoke;14;4;3;7;14;18;-4;15;6;2;1;3;6;7;-1;7;8;2;2;4;8;11;-3;8;Arsenal;14;6;5;3;22;15;7;23;7;3;3;1;12;8;4;12;7;3;2;2;10;7;3;11;4;3.6;2;3;2;H
15;06/12/2014;Tottenham;14;6;2;6;18;21;-3;20;7;3;0;4;9;9;0;9;7;3;2;2;9;12;-3;11;Crystal Palace;14;3;4;7;18;23;-5;13;7;2;1;4;8;10;-2;7;7;1;3;3;10;13;-3;6;1.6;4.2;6;0;0;D
15;07/12/2014;Aston Villa;14;4;4;6;8;18;-10;16;6;1;2;3;4;9;-5;5;8;3;2;3;4;9;-5;11;Leicester;14;2;4;8;14;24;-10;10;7;1;4;2;11;12;-1;7;7;1;0;6;3;12;-9;3;2.4;3.4;3.2;2;1;H
15;07/12/2014;West Ham;14;7;3;4;23;17;6;24;7;4;1;2;9;6;3;13;7;3;2;2;14;11;3;11;Swansea;14;6;4;4;19;14;5;22;8;5;2;1;13;5;8;17;6;1;2;3;6;9;-3;5;2.35;3.4;3.25;3;1;H
15;08/12/2014;Southampton;14;8;2;4;24;10;14;26;7;5;1;1;17;4;13;16;7;3;1;3;7;6;1;10;Man Utd;14;7;4;3;24;16;8;25;8;6;1;1;16;6;10;19;6;1;3;2;8;10;-2;6;2.8;3.4;2.7;1;2;A
16;13/12/2014;Arsenal;15;6;5;4;24;18;6;23;7;3;3;1;12;8;4;12;8;3;2;3;12;10;2;11;Newcastle;15;6;5;4;17;18;-1;23;7;4;2;1;10;8;2;14;8;2;3;3;7;10;-3;9;1.44;4.75;8;4;1;H
16;13/12/2014;Burnley;15;2;6;7;10;24;-14;12;8;1;4;3;6;11;-5;7;7;1;2;4;4;13;-9;5;Southampton;15;8;2;5;25;12;13;26;8;5;1;2;18;6;12;16;7;3;1;3;7;6;1;10;5.5;3.75;1.73;1;0;H
16;13/12/2014;Chelsea;15;11;3;1;34;13;21;36;7;7;0;0;18;3;15;21;8;4;3;1;16;10;6;15;Hull;15;2;7;6;15;21;-6;13;7;1;3;3;8;10;-2;6;8;1;4;3;7;11;-4;7;1.18;8;18;2;0;H
16;13/12/2014;Crystal Palace;15;3;5;7;18;23;-5;14;7;2;1;4;8;10;-2;7;8;1;4;3;10;13;-3;7;Stoke;15;5;3;7;17;20;-3;18;7;3;1;3;9;9;0;10;8;2;2;4;8;11;-3;8;2.6;3.25;3;1;1;D
16;13/12/2014;Leicester;15;2;4;9;15;26;-11;10;7;1;4;2;11;12;-1;7;8;1;0;7;4;14;-10;3;Man City;15;10;3;2;32;14;18;33;7;5;1;1;12;5;7;16;8;5;2;1;20;9;11;17;7;4.75;1.5;0;1;A
16;13/12/2014;Sunderland;15;2;9;4;13;23;-10;15;8;1;5;2;8;11;-3;8;7;1;4;2;5;12;-7;7;West Ham;15;8;3;4;26;18;8;27;8;5;1;2;12;7;5;16;7;3;2;2;14;11;3;11;2.95;3.4;2.55;1;1;D
16;13/12/2014;West Bromwich;15;3;5;7;14;20;-6;14;8;1;3;4;11;13;-2;6;7;2;2;3;3;7;-4;8;Aston Villa;15;5;4;6;10;19;-9;19;7;2;2;3;6;10;-4;8;8;3;2;3;4;9;-5;11;2.15;3.4;3.8;1;0;H
16;14/12/2014;Man Utd;15;8;4;3;26;17;9;28;8;6;1;1;16;6;10;19;7;2;3;2;10;11;-1;9;Liverpool;15;6;3;6;19;19;0;21;8;3;3;2;7;6;1;12;7;3;0;4;12;13;-1;9;1.8;3.8;4.75;3;0;H
16;14/12/2014;Swansea;15;6;4;5;20;17;3;22;8;5;2;1;13;5;8;17;7;1;2;4;7;12;-5;5;Tottenham;15;6;3;6;18;21;-3;21;8;3;1;4;9;9;0;10;7;3;2;2;9;12;-3;11;2.5;3.4;3;1;2;A
16;15/12/2014;Everton;15;4;6;5;24;23;1;18;7;2;3;2;13;13;0;9;8;2;3;3;11;10;1;9;QPR;15;4;2;9;16;27;-11;14;8;4;2;2;14;10;4;14;7;0;0;7;2;17;-15;0;1.45;4.5;8.5;3;1;H
17;20/12/2014;Aston Villa;16;5;4;7;10;20;-10;19;7;2;2;3;6;10;-4;8;9;3;2;4;4;10;-6;11;Man Utd;16;9;4;3;29;17;12;31;9;7;1;1;19;6;13;22;7;2;3;2;10;11;-1;9;6.25;4;1.62;1;1;D
17;20/12/2014;Hull;16;2;7;7;15;23;-8;13;7;1;3;3;8;10;-2;6;9;1;4;4;7;13;-6;7;Swansea;16;6;4;6;21;19;2;22;9;5;2;2;14;7;7;17;7;1;2;4;7;12;-5;5;3.1;3.3;2.5;0;1;A
17;20/12/2014;Man City;16;11;3;2;33;14;19;36;7;5;1;1;12;5;7;16;9;6;2;1;21;9;12;20;Crystal Palace;16;3;6;7;19;24;-5;15;8;2;2;4;9;11;-2;8;8;1;4;3;10;13;-3;7;1.29;6;12;3;0;H
17;20/12/2014;QPR;16;4;2;10;17;30;-13;14;8;4;2;2;14;10;4;14;8;0;0;8;3;20;-17;0;West Bromwich;16;4;5;7;15;20;-5;17;9;2;3;4;12;13;-1;9;7;2;2;3;3;7;-4;8;2.45;3.3;3.2;3;2;H
17;20/12/2014;Southampton;16;8;2;6;25;13;12;26;8;5;1;2;18;6;12;16;8;3;1;4;7;7;0;10;Everton;16;5;6;5;27;24;3;21;8;3;3;2;16;14;2;12;8;2;3;3;11;10;1;9;2.45;3.5;3;3;0;H
17;20/12/2014;Tottenham;16;7;3;6;20;22;-2;24;8;3;1;4;9;9;0;10;8;4;2;2;11;13;-2;14;Burnley;16;3;6;7;11;24;-13;15;9;2;4;3;7;11;-4;10;7;1;2;4;4;13;-9;5;1.5;4.5;7.5;2;1;H
17;20/12/2014;West Ham;16;8;4;4;27;19;8;28;8;5;1;2;12;7;5;16;8;3;3;2;15;12;3;12;Leicester;16;2;4;10;15;27;-12;10;8;1;4;3;11;13;-2;7;8;1;0;7;4;14;-10;3;1.75;3.9;5;2;0;H
17;21/12/2014;Liverpool;16;6;3;7;19;22;-3;21;8;3;3;2;7;6;1;12;8;3;0;5;12;16;-4;9;Arsenal;16;7;5;4;28;19;9;26;8;4;3;1;16;9;7;15;8;3;2;3;12;10;2;11;2.8;3.5;2.6;2;2;D
17;21/12/2014;Newcastle;16;6;5;5;18;22;-4;23;7;4;2;1;10;8;2;14;9;2;3;4;8;14;-6;9;Sunderland;16;2;10;4;14;24;-10;16;9;1;6;2;9;12;-3;9;7;1;4;2;5;12;-7;7;2.05;3.5;4;0;1;A
17;22/12/2014;Stoke;16;5;4;7;18;21;-3;19;7;3;1;3;9;9;0;10;9;2;3;4;9;12;-3;9;Chelsea;16;12;3;1;36;13;23;39;8;8;0;0;20;3;17;24;8;4;3;1;16;10;6;15;6.25;4;1.62;0;2;A
18;26/12/2014;Arsenal;17;7;6;4;30;21;9;27;8;4;3;1;16;9;7;15;9;3;3;3;14;12;2;12;QPR;17;5;2;10;20;32;-12;17;9;5;2;2;17;12;5;17;8;0;0;8;3;20;-17;0;1.29;6;13;2;1;H
18;26/12/2014;Burnley;17;3;6;8;12;26;-14;15;9;2;4;3;7;11;-4;10;8;1;2;5;5;15;-10;5;Liverpool;17;6;4;7;21;24;-3;22;9;3;4;2;9;8;1;13;8;3;0;5;12;16;-4;9;4.75;3.8;1.8;0;1;A
18;26/12/2014;Chelsea;17;13;3;1;38;13;25;42;8;8;0;0;20;3;17;24;9;5;3;1;18;10;8;18;West Ham;17;9;4;4;29;19;10;31;9;6;1;2;14;7;7;19;8;3;3;2;15;12;3;12;1.33;5.75;10;2;0;H
18;26/12/2014;Crystal Palace;17;3;6;8;19;27;-8;15;8;2;2;4;9;11;-2;8;9;1;4;4;10;16;-6;7;Southampton;17;9;2;6;28;13;15;29;9;6;1;2;21;6;15;19;8;3;1;4;7;7;0;10;3.75;3.4;2.15;1;3;A
18;26/12/2014;Everton;17;5;6;6;27;27;0;21;8;3;3;2;16;14;2;12;9;2;3;4;11;13;-2;9;Stoke;17;5;4;8;18;23;-5;19;8;3;1;4;9;11;-2;10;9;2;3;4;9;12;-3;9;1.83;3.6;5;0;1;A
18;26/12/2014;Leicester;17;2;4;11;15;29;-14;10;8;1;4;3;11;13;-2;7;9;1;0;8;4;16;-12;3;Tottenham;17;8;3;6;22;23;-1;27;9;4;1;4;11;10;1;13;8;4;2;2;11;13;-2;14;3.8;3.6;2.05;1;2;A
18;26/12/2014;Man Utd;17;9;5;3;30;18;12;32;9;7;1;1;19;6;13;22;8;2;4;2;11;12;-1;10;Newcastle;17;6;5;6;18;23;-5;23;8;4;2;2;10;9;1;14;9;2;3;4;8;14;-6;9;1.4;5;9;3;1;H
18;26/12/2014;Sunderland;17;3;10;4;15;24;-9;19;9;1;6;2;9;12;-3;9;8;2;4;2;6;12;-6;10;Hull;17;2;7;8;15;24;-9;13;8;1;3;4;8;11;-3;6;9;1;4;4;7;13;-6;7;2.05;3.4;4.2;1;3;A
18;26/12/2014;Swansea;17;7;4;6;22;19;3;25;9;5;2;2;14;7;7;17;8;2;2;4;8;12;-4;8;Aston Villa;17;5;5;7;11;21;-10;20;8;2;3;3;7;11;-4;9;9;3;2;4;4;10;-6;11;1.75;3.75;5.25;1;0;H
18;26/12/2014;West Bromwich;17;4;5;8;17;23;-6;17;9;2;3;4;12;13;-1;9;8;2;2;4;5;10;-5;8;Man City;17;12;3;2;36;14;22;39;8;6;1;1;15;5;10;19;9;6;2;1;21;9;12;20;6.5;4.5;1.53;1;3;A
19;28/12/2014;Aston Villa;18;5;5;8;11;22;-11;20;8;2;3;3;7;11;-4;9;10;3;2;5;4;11;-7;11;Sunderland;18;3;10;5;16;27;-11;19;10;1;6;3;10;15;-5;9;8;2;4;2;6;12;-6;10;2.35;3.3;3.4;0;0;D
19;28/12/2014;Hull;18;3;7;8;18;25;-7;16;8;1;3;4;8;11;-3;6;10;2;4;4;10;14;-4;10;Leicester;18;2;4;12;16;31;-15;10;9;1;4;4;12;15;-3;7;9;1;0;8;4;16;-12;3;2.25;3.4;3.5;0;1;A
19;28/12/2014;Man City;18;13;3;2;39;15;24;42;8;6;1;1;15;5;10;19;10;7;2;1;24;10;14;23;Burnley;18;3;6;9;12;27;-15;15;10;2;4;4;7;12;-5;10;8;1;2;5;5;15;-10;5;1.18;8;19;2;2;D
19;28/12/2014;Newcastle;18;6;5;7;19;26;-7;23;8;4;2;2;10;9;1;14;10;2;3;5;9;17;-8;9;Everton;18;5;6;7;27;28;-1;21;9;3;3;3;16;15;1;12;9;2;3;4;11;13;-2;9;2.9;3.4;2.6;3;2;H
19;28/12/2014;QPR;18;5;2;11;21;34;-13;17;9;5;2;2;17;12;5;17;9;0;0;9;4;22;-18;0;Crystal Palace;18;3;6;9;20;30;-10;15;9;2;2;5;10;14;-4;8;9;1;4;4;10;16;-6;7;2.38;3.4;3.25;0;0;D
19;28/12/2014;Southampton;18;10;2;6;31;14;17;32;9;6;1;2;21;6;15;19;9;4;1;4;10;8;2;13;Chelsea;18;14;3;1;40;13;27;45;9;9;0;0;22;3;19;27;9;5;3;1;18;10;8;18;4.75;3.75;1.83;1;1;D
19;28/12/2014;Stoke;18;6;4;8;19;23;-4;22;8;3;1;4;9;11;-2;10;10;3;3;4;10;12;-2;12;West Bromwich;18;4;5;9;18;26;-8;17;10;2;3;5;13;16;-3;9;8;2;2;4;5;10;-5;8;1.91;3.6;4.5;2;0;H
19;28/12/2014;Tottenham;18;9;3;6;24;24;0;30;9;4;1;4;11;10;1;13;9;5;2;2;13;14;-1;17;Man Utd;18;10;5;3;33;19;14;35;10;8;1;1;22;7;15;25;8;2;4;2;11;12;-1;10;3.25;3.6;2.3;0;0;D
19;28/12/2014;West Ham;18;9;4;5;29;21;8;31;9;6;1;2;14;7;7;19;9;3;3;3;15;14;1;12;Arsenal;18;8;6;4;32;22;10;30;9;5;3;1;18;10;8;18;9;3;3;3;14;12;2;12;3.5;3.5;2.2;1;2;A
19;29/12/2014;Liverpool;18;7;4;7;22;24;-2;25;9;3;4;2;9;8;1;13;9;4;0;5;13;16;-3;12;Swansea;18;8;4;6;23;19;4;28;10;6;2;2;15;7;8;20;8;2;2;4;8;12;-4;8;1.7;4;5.5;4;1;H
20;01/01/2015;Aston Villa;19;5;6;8;11;22;-11;21;9;2;4;3;7;11;-4;10;10;3;2;5;4;11;-7;11;Crystal Palace;19;3;7;9;20;30;-10;16;9;2;2;5;10;14;-4;8;10;1;5;4;10;16;-6;8;2.4;3.3;3.3;0;0;D
20;01/01/2015;Hull;19;3;7;9;18;26;-8;16;9;1;3;5;8;12;-4;6;10;2;4;4;10;14;-4;10;Everton;19;5;6;8;29;31;-2;21;9;3;3;3;16;15;1;12;10;2;3;5;13;16;-3;9;3.4;3.4;2.3;2;0;H
20;01/01/2015;Liverpool;19;8;4;7;26;25;1;28;10;4;4;2;13;9;4;16;9;4;0;5;13;16;-3;12;Leicester;19;3;4;12;17;31;-14;13;9;1;4;4;12;15;-3;7;10;2;0;8;5;16;-11;6;1.4;5;9;2;2;D
20;01/01/2015;Man City;19;13;4;2;41;17;24;43;9;6;2;1;17;7;10;20;10;7;2;1;24;10;14;23;Sunderland;19;3;11;5;16;27;-11;20;10;1;6;3;10;15;-5;9;9;2;5;2;6;12;-6;11;1.22;7;15;3;2;H
20;01/01/2015;Newcastle;19;7;5;7;22;28;-6;26;9;5;2;2;13;11;2;17;10;2;3;5;9;17;-8;9;Burnley;19;3;7;9;14;29;-15;16;10;2;4;4;7;12;-5;10;9;1;3;5;7;17;-10;6;1.83;3.75;4.75;3;3;D
20;01/01/2015;QPR;19;5;3;11;21;34;-13;18;10;5;3;2;17;12;5;18;9;0;0;9;4;22;-18;0;Swansea;19;8;4;7;24;23;1;28;10;6;2;2;15;7;8;20;9;2;2;5;9;16;-7;8;3;3.4;2.5;1;1;D
20;01/01/2015;Southampton;19;10;3;6;32;15;17;33;10;6;2;2;22;7;15;20;9;4;1;4;10;8;2;13;Arsenal;19;9;6;4;34;23;11;33;9;5;3;1;18;10;8;18;10;4;3;3;16;13;3;15;2.9;3.4;2.6;2;0;H
20;01/01/2015;Stoke;19;7;4;8;21;23;-2;25;9;4;1;4;11;11;0;13;10;3;3;4;10;12;-2;12;Man Utd;19;10;6;3;33;19;14;36;10;8;1;1;22;7;15;25;9;2;5;2;11;12;-1;11;4.2;3.5;2;1;1;D
20;01/01/2015;Tottenham;19;9;4;6;24;24;0;31;10;4;2;4;11;10;1;14;9;5;2;2;13;14;-1;17;Chelsea;19;14;4;1;41;14;27;46;9;9;0;0;22;3;19;27;10;5;4;1;19;11;8;19;5;3.75;1.8;5;3;H
20;01/01/2015;West Ham;19;9;4;6;30;23;7;31;10;6;1;3;15;9;6;19;9;3;3;3;15;14;1;12;West Bromwich;19;4;5;10;18;28;-10;17;10;2;3;5;13;16;-3;9;9;2;2;5;5;12;-7;8;1.85;3.75;4.5;1;1;D
21;10/01/2015;Burnley;20;3;8;9;17;32;-15;17;10;2;4;4;7;12;-5;10;10;1;4;5;10;20;-10;7;QPR;20;5;4;11;22;35;-13;19;11;5;4;2;18;13;5;19;9;0;0;9;4;22;-18;0;2.2;3.4;3.6;2;1;H
21;10/01/2015;Chelsea;20;14;4;2;44;19;25;46;9;9;0;0;22;3;19;27;11;5;4;2;22;16;6;19;Newcastle;20;7;6;7;25;31;-6;27;10;5;3;2;16;14;2;18;10;2;3;5;9;17;-8;9;1.2;7.5;17;2;0;H
21;10/01/2015;Crystal Palace;20;3;8;9;20;30;-10;17;9;2;2;5;10;14;-4;8;11;1;6;4;10;16;-6;9;Tottenham;20;10;4;6;29;27;2;34;11;5;2;4;16;13;3;17;9;5;2;2;13;14;-1;17;3.5;3.5;2.2;2;1;H
21;10/01/2015;Everton;20;5;6;9;29;33;-4;21;9;3;3;3;16;15;1;12;11;2;3;6;13;18;-5;9;Man City;20;14;4;2;44;19;25;46;10;7;2;1;20;9;11;23;10;7;2;1;24;10;14;23;4.5;3.75;1.85;1;1;D
21;10/01/2015;Leicester;20;3;5;12;19;33;-14;14;9;1;4;4;12;15;-3;7;11;2;1;8;7;18;-11;7;Aston Villa;20;5;7;8;11;22;-11;22;10;2;5;3;7;11;-4;11;10;3;2;5;4;11;-7;11;2.2;3.4;3.6;1;0;H
21;10/01/2015;Sunderland;20;3;11;6;18;30;-12;20;10;1;6;3;10;15;-5;9;10;2;5;3;8;15;-7;11;Liverpool;20;8;5;7;28;27;1;29;11;4;5;2;15;11;4;17;9;4;0;5;13;16;-3;12;4.5;3.6;1.91;0;1;A
21;10/01/2015;Swansea;20;8;5;7;25;24;1;29;10;6;2;2;15;7;8;20;10;2;3;5;10;17;-7;9;West Ham;20;9;5;6;31;24;7;32;11;6;2;3;16;10;6;20;9;3;3;3;15;14;1;12;2.25;3.5;3.4;1;1;D
21;10/01/2015;West Bromwich;20;4;6;10;19;29;-10;18;10;2;3;5;13;16;-3;9;10;2;3;5;6;13;-7;9;Hull;20;4;7;9;20;26;-6;19;10;2;3;5;10;12;-2;9;10;2;4;4;10;14;-4;10;2.05;3.4;4.2;1;0;H
21;11/01/2015;Arsenal;20;9;6;5;34;25;9;33;9;5;3;1;18;10;8;18;11;4;3;4;16;15;1;15;Stoke;20;7;5;8;22;24;-2;26;10;4;2;4;12;12;0;14;10;3;3;4;10;12;-2;12;1.44;4.75;8;3;0;H
21;11/01/2015;Man Utd;20;10;7;3;34;20;14;37;10;8;1;1;22;7;15;25;10;2;6;2;12;13;-1;12;Southampton;20;11;3;6;34;15;19;36;11;7;2;2;24;7;17;23;9;4;1;4;10;8;2;13;1.83;3.75;4.75;0;1;A
22;17/01/2015;Aston Villa;21;5;7;9;11;23;-12;22;10;2;5;3;7;11;-4;11;11;3;2;6;4;12;-8;11;Liverpool;21;9;5;7;29;27;2;32;11;4;5;2;15;11;4;17;10;5;0;5;14;16;-2;15;4.5;3.6;1.91;0;2;A
22;17/01/2015;Burnley;21;4;8;9;19;33;-14;20;11;3;4;4;9;13;-4;13;10;1;4;5;10;20;-10;7;Crystal Palace;21;4;8;9;22;31;-9;20;10;3;2;5;12;15;-3;11;11;1;6;4;10;16;-6;9;2.55;3.25;3.1;2;3;A
22;17/01/2015;Leicester;21;4;5;12;20;33;-13;17;10;2;4;4;13;15;-2;10;11;2;1;8;7;18;-11;7;Stoke;21;7;5;9;22;27;-5;26;10;4;2;4;12;12;0;14;11;3;3;5;10;15;-5;12;2.63;3.3;2.9;0;1;A
22;17/01/2015;Newcastle;21;7;6;8;25;33;-8;27;10;5;3;2;16;14;2;18;11;2;3;6;9;19;-10;9;Southampton;21;12;3;6;35;15;20;39;11;7;2;2;24;7;17;23;10;5;1;4;11;8;3;16;3.3;3.3;2.38;1;2;A
22;17/01/2015;QPR;21;5;4;12;23;37;-14;19;11;5;4;2;18;13;5;19;10;0;0;10;5;24;-19;0;Man Utd;21;10;7;4;34;21;13;37;11;8;1;2;22;8;14;25;10;2;6;2;12;13;-1;12;6;4.2;1.62;0;2;A
22;17/01/2015;Swansea;21;8;6;7;26;25;1;30;11;6;3;2;16;8;8;21;10;2;3;5;10;17;-7;9;Chelsea;21;15;4;2;46;19;27;49;10;10;0;0;24;3;21;30;11;5;4;2;22;16;6;19;7;4.2;1.55;0;5;A
22;17/01/2015;Tottenham;21;10;4;7;30;29;1;34;11;5;2;4;16;13;3;17;10;5;2;3;14;16;-2;17;Sunderland;21;3;11;7;18;31;-13;20;11;1;6;4;10;16;-6;9;10;2;5;3;8;15;-7;11;1.62;4.2;6;2;1;H
22;18/01/2015;Man City;21;14;5;2;45;20;25;47;10;7;2;1;20;9;11;23;11;7;3;1;25;11;14;24;Arsenal;21;10;6;5;37;25;12;36;10;6;3;1;21;10;11;21;11;4;3;4;16;15;1;15;1.8;4;4.5;0;2;A
22;18/01/2015;West Ham;21;9;6;6;32;25;7;33;11;6;2;3;16;10;6;20;10;3;4;3;16;15;1;13;Hull;21;4;7;10;20;27;-7;19;10;2;3;5;10;12;-2;9;11;2;4;5;10;15;-5;10;1.75;3.75;5.25;3;0;H
22;19/01/2015;Everton;21;5;7;9;30;34;-4;22;10;3;4;3;17;16;1;13;11;2;3;6;13;18;-5;9;West Bromwich;21;5;6;10;20;29;-9;21;11;3;3;5;14;16;-2;12;10;2;3;5;6;13;-7;9;1.85;3.6;4.75;0;0;D
23;31/01/2015;Chelsea;22;16;4;2;51;19;32;52;10;10;0;0;24;3;21;30;12;6;4;2;27;16;11;22;Man City;22;14;5;3;45;22;23;47;11;7;2;2;20;11;9;23;11;7;3;1;25;11;14;24;2.15;3.5;3.6;1;1;D
23;31/01/2015;Crystal Palace;22;5;8;9;25;33;-8;23;10;3;2;5;12;15;-3;11;12;2;6;4;13;18;-5;12;Everton;22;5;8;9;30;34;-4;23;11;3;5;3;17;16;1;14;11;2;3;6;13;18;-5;9;2.8;3.3;2.75;0;1;A
23;31/01/2015;Hull;22;4;7;11;20;30;-10;19;10;2;3;5;10;12;-2;9;12;2;4;6;10;18;-8;10;Newcastle;22;7;6;9;26;35;-9;27;11;5;3;3;17;16;1;18;11;2;3;6;9;19;-10;9;2.7;3.25;2.88;0;3;A
23;31/01/2015;Liverpool;22;10;5;7;31;27;4;35;11;4;5;2;15;11;4;17;11;6;0;5;16;16;0;18;West Ham;22;10;6;6;35;25;10;36;12;7;2;3;19;10;9;23;10;3;4;3;16;15;1;13;1.67;4;5.75;2;0;H
23;31/01/2015;Man Utd;22;11;7;4;36;21;15;40;11;8;1;2;22;8;14;25;11;3;6;2;14;13;1;15;Leicester;22;4;5;13;20;34;-14;17;11;2;4;5;13;16;-3;10;11;2;1;8;7;18;-11;7;1.36;5.5;9.5;3;1;H
23;31/01/2015;Stoke;22;8;5;9;23;27;-4;29;10;4;2;4;12;12;0;14;12;4;3;5;11;15;-4;15;QPR;22;5;4;13;23;39;-16;19;12;5;4;3;18;15;3;19;10;0;0;10;5;24;-19;0;1.65;4;6;3;1;H
23;31/01/2015;Sunderland;22;3;11;8;19;33;-14;20;11;1;6;4;10;16;-6;9;11;2;5;4;9;17;-8;11;Burnley;22;4;8;10;21;36;-15;20;12;3;4;5;11;16;-5;13;10;1;4;5;10;20;-10;7;2.25;3.3;3.6;2;0;H
23;31/01/2015;West Bromwich;22;5;7;10;20;29;-9;22;11;3;3;5;14;16;-2;12;11;2;4;5;6;13;-7;10;Tottenham;22;11;4;7;32;30;2;37;12;6;2;4;18;14;4;20;10;5;2;3;14;16;-2;17;2.9;3.3;2.63;0;3;A
23;01/02/2015;Arsenal;22;11;6;5;39;25;14;39;10;6;3;1;21;10;11;21;12;5;3;4;18;15;3;18;Aston Villa;22;5;7;10;11;25;-14;22;11;2;5;4;7;13;-6;11;11;3;2;6;4;12;-8;11;1.25;6.5;15;5;0;H
23;01/02/2015;Southampton;22;13;3;6;37;16;21;42;11;7;2;2;24;7;17;23;11;6;1;4;13;9;4;19;Swansea;22;8;6;8;26;30;-4;30;12;6;3;3;16;13;3;21;10;2;3;5;10;17;-7;9;1.6;4;6.5;0;1;A
24;07/02/2015;Aston Villa;23;5;7;11;11;30;-19;22;11;2;5;4;7;13;-6;11;12;3;2;7;4;17;-13;11;Chelsea;23;16;5;2;52;20;32;53;11;10;1;0;25;4;21;31;12;6;4;2;27;16;11;22;10;5.25;1.36;1;2;A
24;07/02/2015;Everton;23;6;8;9;31;34;-3;26;11;3;5;3;17;16;1;14;12;3;3;6;14;18;-4;12;Liverpool;23;11;5;7;33;27;6;38;12;5;5;2;17;11;6;20;11;6;0;5;16;16;0;18;3.4;3.4;2.3;0;0;D
24;07/02/2015;Leicester;23;4;5;14;21;37;-16;17;11;2;4;5;13;16;-3;10;12;2;1;9;8;21;-13;7;Crystal Palace;23;5;8;10;25;34;-9;23;11;3;2;6;12;16;-4;11;12;2;6;4;13;18;-5;12;2.4;3.3;3.25;0;1;A
24;07/02/2015;Man City;23;14;6;3;46;23;23;48;11;7;2;2;20;11;9;23;12;7;4;1;26;12;14;25;Hull;23;4;7;12;20;33;-13;19;11;2;3;6;10;15;-5;9;12;2;4;6;10;18;-8;10;1.18;8;19;1;1;D
24;07/02/2015;QPR;23;5;4;14;24;42;-18;19;12;5;4;3;18;15;3;19;11;0;0;11;6;27;-21;0;Southampton;23;13;3;7;37;17;20;42;12;7;2;3;24;8;16;23;11;6;1;4;13;9;4;19;4.75;3.6;1.85;0;1;A
24;07/02/2015;Swansea;23;9;6;8;27;30;-3;33;12;6;3;3;16;13;3;21;11;3;3;5;11;17;-6;12;Sunderland;23;4;11;8;21;33;-12;23;12;2;6;4;12;16;-4;12;11;2;5;4;9;17;-8;11;1.91;3.5;4.6;1;1;D
24;07/02/2015;Tottenham;23;12;4;7;35;30;5;40;12;6;2;4;18;14;4;20;11;6;2;3;17;16;1;20;Arsenal;23;12;6;5;44;25;19;42;11;7;3;1;26;10;16;24;12;5;3;4;18;15;3;18;3.25;3.5;2.3;2;1;H
24;08/02/2015;Burnley;23;4;8;11;21;38;-17;20;12;3;4;5;11;16;-5;13;11;1;4;6;10;22;-12;7;West Bromwich;23;5;7;11;20;32;-12;22;12;3;3;6;14;19;-5;12;11;2;4;5;6;13;-7;10;2.6;3.25;3;2;2;D
24;08/02/2015;Newcastle;23;8;6;9;29;35;-6;30;11;5;3;3;17;16;1;18;12;3;3;6;12;19;-7;12;Stoke;23;9;5;9;26;28;-2;32;11;5;2;4;15;13;2;17;12;4;3;5;11;15;-4;15;2.3;3.4;3.4;1;1;D
24;08/02/2015;West Ham;23;10;6;7;35;27;8;36;12;7;2;3;19;10;9;23;11;3;4;4;16;17;-1;13;Man Utd;23;12;7;4;39;22;17;43;12;9;1;2;25;9;16;28;11;3;6;2;14;13;1;15;4.2;3.6;1.95;1;1;D
25;10/02/2015;Arsenal;24;12;6;6;45;27;18;42;11;7;3;1;26;10;16;24;13;5;3;5;19;17;2;18;Leicester;24;4;5;15;21;38;-17;17;12;2;4;6;13;17;-4;10;12;2;1;9;8;21;-13;7;1.29;6;12;2;1;H
25;10/02/2015;Hull;24;4;8;12;21;34;-13;20;11;2;3;6;10;15;-5;9;13;2;5;6;11;19;-8;11;Aston Villa;24;5;7;12;12;32;-20;22;12;2;5;5;8;15;-7;11;12;3;2;7;4;17;-13;11;2.38;3.1;3.5;2;0;H
25;10/02/2015;Liverpool;24;11;6;7;33;27;6;39;12;5;5;2;17;11;6;20;12;6;1;5;16;16;0;19;Tottenham;24;13;4;7;37;31;6;43;13;7;2;4;20;15;5;23;11;6;2;3;17;16;1;20;1.91;3.8;4.2;3;2;H
25;10/02/2015;Sunderland;24;4;12;8;22;34;-12;24;12;2;6;4;12;16;-4;12;12;2;6;4;10;18;-8;12;QPR;24;5;4;15;24;43;-19;19;13;5;4;4;18;16;2;19;11;0;0;11;6;27;-21;0;1.91;3.6;4.5;0;2;A
25;11/02/2015;Chelsea;24;17;5;2;54;21;33;56;11;10;1;0;25;4;21;31;13;7;4;2;29;17;12;25;Everton;24;6;9;9;31;34;-3;27;12;3;6;3;17;16;1;15;12;3;3;6;14;18;-4;12;1.33;5.5;11;1;0;H
25;11/02/2015;Crystal Palace;24;6;8;10;26;34;-8;26;11;3;2;6;12;16;-4;11;13;3;6;4;14;18;-4;15;Newcastle;24;8;7;9;30;36;-6;31;12;5;4;3;18;17;1;19;12;3;3;6;12;19;-7;12;2.38;3.3;3.3;1;1;D
25;11/02/2015;Man Utd;24;12;8;4;40;23;17;44;12;9;1;2;25;9;16;28;12;3;7;2;15;14;1;16;Burnley;24;4;9;11;23;40;-17;21;13;3;5;5;13;18;-5;14;11;1;4;6;10;22;-12;7;1.29;6;12;3;1;H
25;11/02/2015;Southampton;24;14;3;7;38;17;21;45;12;7;2;3;24;8;16;23;12;7;1;4;14;9;5;22;West Ham;24;10;7;7;36;28;8;37;13;7;3;3;20;11;9;24;11;3;4;4;16;17;-1;13;1.73;3.9;5.25;0;0;D
25;11/02/2015;Stoke;24;9;6;9;27;29;-2;33;11;5;2;4;15;13;2;17;13;4;4;5;12;16;-4;16;Man City;24;14;7;3;47;24;23;49;12;7;3;2;21;12;9;24;12;7;4;1;26;12;14;25;5.75;3.8;1.7;1;4;A
25;11/02/2015;West Bromwich;24;5;8;11;22;34;-12;23;12;3;3;6;14;19;-5;12;12;2;5;5;8;15;-7;11;Swansea;24;9;7;8;28;31;-3;34;13;6;4;3;17;14;3;22;11;3;3;5;11;17;-6;12;2.55;3.25;3.1;2;0;H
26;21/02/2015;Aston Villa;25;5;7;13;12;34;-22;22;12;2;5;5;8;15;-7;11;13;3;2;8;4;19;-15;11;Stoke;25;9;6;10;28;33;-5;33;12;5;2;5;16;17;-1;17;13;4;4;5;12;16;-4;16;2.7;3.2;2.9;1;2;A
26;21/02/2015;Chelsea;25;18;5;2;55;21;34;59;12;11;1;0;26;4;22;34;13;7;4;2;29;17;12;25;Burnley;25;4;9;12;24;43;-19;21;13;3;5;5;13;18;-5;14;12;1;4;7;11;25;-14;7;1.2;7.5;17;1;1;D
26;21/02/2015;Crystal Palace;25;6;9;10;27;35;-8;27;12;3;3;6;13;17;-4;12;13;3;6;4;14;18;-4;15;Arsenal;25;13;6;6;47;28;19;45;12;8;3;1;28;11;17;27;13;5;3;5;19;17;2;18;4.75;3.75;1.83;1;2;A
26;21/02/2015;Hull;25;5;8;12;23;34;-11;23;12;3;3;6;12;15;-3;12;13;2;5;6;11;19;-8;11;QPR;25;6;4;15;26;43;-17;22;13;5;4;4;18;16;2;19;12;1;0;11;8;27;-19;3;2.05;3.3;4.2;2;1;H
26;21/02/2015;Man City;25;15;7;3;51;25;26;52;12;7;3;2;21;12;9;24;13;8;4;1;30;13;17;28;Newcastle;25;8;8;9;31;37;-6;32;12;5;4;3;18;17;1;19;13;3;4;6;13;20;-7;13;1.3;6;11;5;0;H
26;21/02/2015;Sunderland;25;4;12;9;22;36;-14;24;13;2;6;5;12;18;-6;12;12;2;6;4;10;18;-8;12;West Bromwich;25;6;8;11;24;34;-10;26;13;4;3;6;16;19;-3;15;12;2;5;5;8;15;-7;11;2.7;3.2;2.9;0;0;D
26;21/02/2015;Swansea;25;9;7;9;28;33;-5;34;13;6;4;3;17;14;3;22;12;3;3;6;11;19;-8;12;Man Utd;25;13;8;4;43;24;19;47;13;10;1;2;28;10;18;31;12;3;7;2;15;14;1;16;4.2;3.5;2;2;1;H
26;22/02/2015;Everton;25;6;9;10;31;35;-4;27;12;3;6;3;17;16;1;15;13;3;3;7;14;19;-5;12;Leicester;25;4;5;16;22;40;-18;17;12;2;4;6;13;17;-4;10;13;2;1;10;9;23;-14;7;1.83;3.6;5;2;2;D
26;22/02/2015;Southampton;25;14;4;7;38;17;21;46;13;7;3;3;24;8;16;24;12;7;1;4;14;9;5;22;Liverpool;25;12;6;7;36;29;7;42;13;6;5;2;20;13;7;23;12;6;1;5;16;16;0;19;2.63;3.3;2.9;0;2;A
26;22/02/2015;Tottenham;25;13;4;8;39;34;5;43;13;7;2;4;20;15;5;23;12;6;2;4;19;19;0;20;West Ham;25;10;8;7;36;28;8;38;13;7;3;3;20;11;9;24;12;3;5;4;16;17;-1;14;1.8;3.8;4.75;2;2;D
27;28/02/2015;Burnley;26;4;10;12;25;44;-19;22;13;3;5;5;13;18;-5;14;13;1;5;7;12;26;-14;8;Swansea;26;10;7;9;30;34;-4;37;14;7;4;3;19;15;4;25;12;3;3;6;11;19;-8;12;2.63;3.3;2.9;0;1;A
27;28/02/2015;Man Utd;26;13;8;5;44;26;18;47;13;10;1;2;28;10;18;31;13;3;7;3;16;16;0;16;Sunderland;26;4;13;9;22;36;-14;25;14;2;7;5;12;18;-6;13;12;2;6;4;10;18;-8;12;1.36;5.25;10;2;0;H
27;28/02/2015;Newcastle;26;8;8;10;31;42;-11;32;12;5;4;3;18;17;1;19;14;3;4;7;13;25;-12;13;Aston Villa;26;5;7;14;13;36;-23;22;13;2;5;6;9;17;-8;11;13;3;2;8;4;19;-15;11;1.95;3.5;4.5;1;0;H
27;28/02/2015;Stoke;26;10;6;10;30;34;-4;36;12;5;2;5;16;17;-1;17;14;5;4;5;14;17;-3;19;Hull;26;6;8;12;25;35;-10;26;13;4;3;6;14;16;-2;15;13;2;5;6;11;19;-8;11;1.91;3.5;4.75;1;0;H
27;28/02/2015;West Bromwich;26;6;9;11;24;34;-10;27;13;4;3;6;16;19;-3;15;13;2;6;5;8;15;-7;12;Southampton;26;14;4;8;38;19;19;46;14;7;3;4;24;10;14;24;12;7;1;4;14;9;5;22;3.4;3.2;2.38;1;0;H
27;28/02/2015;West Ham;26;10;9;7;38;30;8;39;13;7;3;3;20;11;9;24;13;3;6;4;18;19;-1;15;Crystal Palace;26;6;9;11;28;37;-9;27;13;3;3;7;14;19;-5;12;13;3;6;4;14;18;-4;15;2.15;3.4;3.75;1;3;A
27;01/03/2015;Arsenal;26;14;6;6;49;29;20;48;12;8;3;1;28;11;17;27;14;6;3;5;21;18;3;21;Everton;26;6;10;10;33;37;-4;28;13;3;7;3;19;18;1;16;13;3;3;7;14;19;-5;12;1.57;4.5;6;2;0;H
27;01/03/2015;Liverpool;26;13;6;7;38;29;9;45;13;6;5;2;20;13;7;23;13;7;1;5;18;16;2;22;Man City;26;16;7;3;56;25;31;55;13;8;3;2;26;12;14;27;13;8;4;1;30;13;17;28;3.1;3.6;2.38;2;1;H
28;03/03/2015;Aston Villa;27;5;7;15;13;37;-24;22;13;2;5;6;9;17;-8;11;14;3;2;9;4;20;-16;11;West Bromwich;27;7;9;11;25;34;-9;30;14;5;3;6;17;19;-2;18;13;2;6;5;8;15;-7;12;2.88;3.1;2.88;2;1;H
28;03/03/2015;Hull;27;6;8;13;25;36;-11;26;13;4;3;6;14;16;-2;15;14;2;5;7;11;20;-9;11;Sunderland;27;4;13;10;22;38;-16;25;14;2;7;5;12;18;-6;13;13;2;6;5;10;20;-10;12;2.15;3.3;3.9;1;1;D
28;03/03/2015;Southampton;27;14;4;9;38;20;18;46;14;7;3;4;24;10;14;24;13;7;1;5;14;10;4;22;Crystal Palace;27;7;9;11;31;38;-7;30;13;3;3;7;14;19;-5;12;14;4;6;4;17;19;-2;18;1.7;3.8;5.75;1;0;H
28;04/03/2015;Liverpool;27;14;6;7;40;30;10;48;14;7;5;2;22;14;8;26;13;7;1;5;18;16;2;22;Burnley;27;4;10;13;25;45;-20;22;14;3;5;6;13;19;-6;14;13;1;5;7;12;26;-14;8;1.36;5.25;10;2;0;H
28;04/03/2015;Man City;27;16;7;4;57;27;30;55;13;8;3;2;26;12;14;27;14;8;4;2;31;15;16;28;Leicester;27;4;6;17;25;45;-20;18;13;2;4;7;14;20;-6;10;14;2;2;10;11;25;-14;8;1.25;7;13;2;0;H
28;04/03/2015;Newcastle;27;9;8;10;32;42;-10;35;13;6;4;3;19;17;2;22;14;3;4;7;13;25;-12;13;Man Utd;27;14;8;5;46;26;20;50;14;11;1;2;30;10;20;34;13;3;7;3;16;16;0;16;4.2;3.5;2;0;1;A
28;04/03/2015;QPR;27;6;4;17;28;47;-19;22;14;5;4;5;19;18;1;19;13;1;0;12;9;29;-20;3;Arsenal;27;15;6;6;51;29;22;51;13;9;3;1;30;11;19;30;14;6;3;5;21;18;3;21;7;4.33;1.53;1;2;A
28;04/03/2015;Stoke;27;11;6;10;31;34;-3;39;13;6;2;5;17;17;0;20;14;5;4;5;14;17;-3;19;Everton;27;6;10;11;33;39;-6;28;13;3;7;3;19;18;1;16;14;3;3;8;14;21;-7;12;2.5;3.3;3.1;2;0;H
28;04/03/2015;Tottenham;27;14;5;8;43;37;6;47;14;7;3;4;22;17;5;24;13;7;2;4;21;20;1;23;Swansea;27;11;7;9;31;34;-3;40;14;7;4;3;19;15;4;25;13;4;3;6;12;19;-7;15;1.75;3.8;5.25;3;2;H
28;04/03/2015;West Ham;27;10;9;8;39;33;6;39;14;7;3;4;21;14;7;24;13;3;6;4;18;19;-1;15;Chelsea;27;19;6;2;59;23;36;63;13;11;2;0;27;5;22;35;14;8;4;2;32;18;14;28;6.25;4;1.62;0;1;A
29;14/03/2015;Arsenal;28;16;6;6;53;30;23;54;13;9;3;1;30;11;19;30;15;7;3;5;23;19;4;24;West Ham;28;10;9;9;39;34;5;39;15;7;3;5;21;15;6;24;13;3;6;4;18;19;-1;15;1.4;5;9;3;0;H
29;14/03/2015;Burnley;28;4;10;14;25;47;-22;22;14;3;5;6;13;19;-6;14;14;1;5;8;12;28;-16;8;Man City;28;17;7;4;59;27;32;58;14;9;3;2;28;12;16;30;14;8;4;2;31;15;16;28;7.5;5;1.44;1;0;H
29;14/03/2015;Crystal Palace;28;7;9;12;31;39;-8;30;13;3;3;7;14;19;-5;12;15;4;6;5;17;20;-3;18;QPR;28;6;4;18;29;49;-20;22;15;5;4;6;20;20;0;19;13;1;0;12;9;29;-20;3;1.83;3.75;4.75;3;1;H
29;14/03/2015;Leicester;28;4;6;18;25;47;-22;18;13;2;4;7;14;20;-6;10;15;2;2;11;11;27;-16;8;Hull;28;6;9;13;26;37;-11;27;14;4;4;6;15;17;-2;16;14;2;5;7;11;20;-9;11;2.2;3.3;3.75;0;0;D
29;14/03/2015;Sunderland;28;4;14;10;23;39;-16;26;14;2;7;5;12;18;-6;13;14;2;7;5;11;21;-10;13;Aston Villa;28;6;7;15;15;38;-23;25;14;3;5;6;11;18;-7;14;14;3;2;9;4;20;-16;11;2.38;3.25;3.4;0;4;A
29;14/03/2015;West Bromwich;28;7;9;12;26;36;-10;30;14;5;3;6;17;19;-2;18;14;2;6;6;9;17;-8;12;Stoke;28;12;6;10;33;34;-1;42;14;7;2;5;19;17;2;23;14;5;4;5;14;17;-3;19;2.38;3.25;3.4;1;0;H
29;15/03/2015;Chelsea;28;20;6;2;60;23;37;66;13;11;2;0;27;5;22;35;15;9;4;2;33;18;15;31;Southampton;28;15;4;9;39;20;19;49;15;8;3;4;25;10;15;27;13;7;1;5;14;10;4;22;1.62;4;6.5;1;1;D
29;15/03/2015;Everton;28;6;10;12;33;41;-8;28;13;3;7;3;19;18;1;16;15;3;3;9;14;23;-9;12;Newcastle;28;9;8;11;32;43;-11;35;14;6;4;4;19;18;1;22;14;3;4;7;13;25;-12;13;1.83;3.75;4.75;3;0;H
29;15/03/2015;Man Utd;28;15;8;5;47;26;21;53;14;11;1;2;30;10;20;34;14;4;7;3;17;16;1;19;Tottenham;28;15;5;8;46;39;7;50;15;8;3;4;25;19;6;27;13;7;2;4;21;20;1;23;1.91;3.75;4.33;3;0;H
29;16/03/2015;Swansea;28;11;7;10;33;37;-4;40;14;7;4;3;19;15;4;25;14;4;3;7;14;22;-8;15;Liverpool;28;15;6;7;42;30;12;51;15;8;5;2;24;14;10;29;13;7;1;5;18;16;2;22;4;3.6;2;0;1;A
30;21/03/2015;Aston Villa;29;7;7;15;19;38;-19;28;14;3;5;6;11;18;-7;14;15;4;2;9;8;20;-12;14;Swansea;29;11;7;11;33;38;-5;40;15;7;4;4;19;16;3;25;14;4;3;7;14;22;-8;15;2.5;3.25;2.8;0;1;A
30;21/03/2015;Man City;29;17;7;5;59;28;31;58;14;9;3;2;28;12;16;30;15;8;4;3;31;16;15;28;West Bromwich;29;8;9;12;27;36;-9;33;15;6;3;6;18;19;-1;21;14;2;6;6;9;17;-8;12;1.3;5.5;8.5;3;0;H
30;21/03/2015;Newcastle;29;9;8;12;32;46;-14;35;14;6;4;4;19;18;1;22;15;3;4;8;13;28;-15;13;Arsenal;29;17;6;6;56;30;26;57;14;10;3;1;33;11;22;33;15;7;3;5;23;19;4;24;6;3.8;1.57;1;2;A
30;21/03/2015;Southampton;29;15;5;9;40;21;19;50;15;8;3;4;25;10;15;27;14;7;2;5;15;11;4;23;Burnley;29;5;10;14;26;47;-21;25;15;4;5;6;14;19;-5;17;14;1;5;8;12;28;-16;8;1.4;4.5;7.5;2;0;H
30;21/03/2015;Stoke;29;12;6;11;33;35;-2;42;14;7;2;5;19;17;2;23;15;5;4;6;14;18;-4;19;Crystal Palace;29;8;9;12;34;40;-6;33;14;4;3;7;17;20;-3;15;15;4;6;5;17;20;-3;18;2.1;3.3;3.5;1;2;A
30;21/03/2015;Tottenham;29;15;5;9;46;42;4;50;15;8;3;4;25;19;6;27;14;7;2;5;21;23;-2;23;Leicester;29;4;7;18;25;47;-22;19;14;2;5;7;14;20;-6;11;15;2;2;11;11;27;-16;8;1.53;4;6;4;3;H
30;21/03/2015;West Ham;29;10;9;10;39;37;2;39;15;7;3;5;21;15;6;24;14;3;6;5;18;22;-4;15;Sunderland;29;4;14;11;23;43;-20;26;15;2;7;6;12;22;-10;13;14;2;7;5;11;21;-10;13;1.8;3.5;4.5;1;0;H
30;22/03/2015;Hull;29;6;10;13;26;37;-11;28;14;4;4;6;15;17;-2;16;15;2;6;7;11;20;-9;12;Chelsea;29;20;7;2;61;24;37;67;14;11;3;0;28;6;22;36;15;9;4;2;33;18;15;31;7;4.33;1.44;2;3;A
30;22/03/2015;Liverpool;29;16;6;7;43;30;13;54;15;8;5;2;24;14;10;29;14;8;1;5;19;16;3;25;Man Utd;29;16;8;5;50;26;24;56;15;12;1;2;33;10;23;37;14;4;7;3;17;16;1;19;2.05;3.4;3.6;1;2;A
30;22/03/2015;QPR;29;6;4;19;30;52;-22;22;15;5;4;6;20;20;0;19;14;1;0;13;10;32;-22;3;Everton;29;7;10;12;36;41;-5;31;14;4;7;3;22;18;4;19;15;3;3;9;14;23;-9;12;3.3;3.4;2.15;1;2;A
31;04/04/2015;Arsenal;30;18;6;6;58;31;27;60;14;10;3;1;33;11;22;33;16;8;3;5;25;20;5;27;Liverpool;30;16;6;8;44;32;12;54;16;8;5;3;25;16;9;29;14;8;1;5;19;16;3;25;1.83;3.75;4.2;4;1;H
31;04/04/2015;Chelsea;30;21;7;2;64;26;38;70;14;11;3;0;28;6;22;36;16;10;4;2;36;20;16;34;Stoke;30;12;6;12;34;37;-3;42;15;7;2;6;20;19;1;23;15;5;4;6;14;18;-4;19;1.29;5.5;11;2;1;H
31;04/04/2015;Everton;30;8;10;12;38;42;-4;34;14;4;7;3;22;18;4;19;16;4;3;9;16;24;-8;15;Southampton;30;16;5;9;42;21;21;53;16;9;3;4;27;10;17;30;14;7;2;5;15;11;4;23;2.63;3.2;2.8;1;0;H
31;04/04/2015;Leicester;30;4;7;19;28;51;-23;19;14;2;5;7;14;20;-6;11;16;2;2;12;14;31;-17;8;West Ham;30;11;9;10;40;37;3;42;16;8;3;5;22;15;7;27;14;3;6;5;18;22;-4;15;2.38;3.3;3.1;2;1;H
31;04/04/2015;Man Utd;30;17;8;5;52;27;25;59;15;12;1;2;33;10;23;37;15;5;7;3;19;17;2;22;Aston Villa;30;7;7;16;19;39;-20;28;15;3;5;7;11;19;-8;14;15;4;2;9;8;20;-12;14;1.3;5.5;10;3;1;H
31;04/04/2015;Swansea;30;12;7;11;34;38;-4;43;15;7;4;4;19;16;3;25;15;5;3;7;15;22;-7;18;Hull;30;6;10;14;28;40;-12;28;15;4;4;7;17;20;-3;16;15;2;6;7;11;20;-9;12;1.91;3.5;4.2;3;1;H
31;04/04/2015;West Bromwich;30;8;9;13;27;39;-12;33;15;6;3;6;18;19;-1;21;15;2;6;7;9;20;-11;12;QPR;30;6;4;20;31;54;-23;22;16;5;4;7;21;22;-1;19;14;1;0;13;10;32;-22;3;1.8;3.5;4.5;1;4;A
31;05/04/2015;Burnley;30;5;10;15;26;49;-23;25;15;4;5;6;14;19;-5;17;15;1;5;9;12;30;-18;8;Tottenham;30;16;5;9;50;45;5;53;16;9;3;4;29;22;7;30;14;7;2;5;21;23;-2;23;3.5;3.4;2.1;0;0;D
31;05/04/2015;Sunderland;30;4;14;12;23;44;-21;26;15;2;7;6;12;22;-10;13;15;2;7;6;11;22;-11;13;Newcastle;30;9;8;13;33;48;-15;35;15;6;4;5;20;20;0;22;15;3;4;8;13;28;-15;13;2.5;3.1;3.1;1;0;H
31;06/04/2015;Crystal Palace;30;9;9;12;36;41;-5;36;14;4;3;7;17;20;-3;15;16;5;6;5;19;21;-2;21;Man City;30;18;7;5;62;28;34;61;15;10;3;2;31;12;19;33;15;8;4;3;31;16;15;28;5;4;1.67;2;1;H
32;11/04/2015;Burnley;31;5;11;15;26;49;-23;26;16;4;6;6;14;19;-5;18;15;1;5;9;12;30;-18;8;Arsenal;31;19;6;6;62;32;30;63;15;11;3;1;37;12;25;36;16;8;3;5;25;20;5;27;6.5;4.33;1.57;0;1;A
32;11/04/2015;Southampton;31;16;5;10;42;22;20;53;16;9;3;4;27;10;17;30;15;7;2;6;15;12;3;23;Hull;31;6;10;15;29;43;-14;28;15;4;4;7;17;20;-3;16;16;2;6;8;12;23;-11;12;1.53;4.2;7.5;2;0;H
32;11/04/2015;Sunderland;31;5;14;12;24;44;-20;29;16;3;7;6;13;22;-9;16;15;2;7;6;11;22;-11;13;Crystal Palace;31;10;9;12;38;42;-4;39;15;5;3;7;19;21;-2;18;16;5;6;5;19;21;-2;21;2.9;3.2;2.7;1;4;A
32;11/04/2015;Swansea;31;13;7;11;37;39;-2;46;16;8;4;4;22;17;5;28;15;5;3;7;15;22;-7;18;Everton;31;9;10;12;39;42;-3;37;15;5;7;3;23;18;5;22;16;4;3;9;16;24;-8;15;2.5;3.3;3.1;1;1;D
32;11/04/2015;Tottenham;31;16;6;9;50;45;5;54;16;9;3;4;29;22;7;30;15;7;3;5;21;23;-2;24;Aston Villa;31;7;7;17;20;42;-22;28;15;3;5;7;11;19;-8;14;16;4;2;10;9;23;-14;14;1.62;4.2;6;0;1;A
32;11/04/2015;West Bromwich;31;8;9;14;28;43;-15;33;16;6;3;7;19;23;-4;21;15;2;6;7;9;20;-11;12;Leicester;31;5;7;19;30;52;-22;22;15;3;5;7;16;21;-5;14;16;2;2;12;14;31;-17;8;2.3;3.4;3.4;2;3;A
32;11/04/2015;West Ham;31;11;9;11;41;39;2;42;16;8;3;5;22;15;7;27;15;3;6;6;19;24;-5;15;Stoke;31;12;6;13;35;39;-4;42;15;7;2;6;20;19;1;23;16;5;4;7;15;20;-5;19;2.3;3.4;3.4;1;1;D
32;12/04/2015;Man Utd;31;18;8;5;55;28;27;62;16;13;1;2;36;11;25;40;15;5;7;3;19;17;2;22;Man City;31;18;7;6;63;30;33;61;15;10;3;2;31;12;19;33;16;8;4;4;32;18;14;28;2.63;3.4;2.88;4;2;H
32;12/04/2015;QPR;31;7;4;20;35;55;-20;25;16;5;4;7;21;22;-1;19;15;2;0;13;14;33;-19;6;Chelsea;31;22;7;2;66;27;39;73;15;12;3;0;30;7;23;39;16;10;4;2;36;20;16;34;9;5;1.4;0;1;A
32;13/04/2015;Liverpool;31;16;6;9;45;36;9;54;16;8;5;3;25;16;9;29;15;8;1;6;20;20;0;25;Newcastle;31;9;8;14;33;49;-16;35;15;6;4;5;20;20;0;22;16;3;4;9;13;29;-16;13;1.4;5;9;2;0;H
33;07/04/2015;Aston Villa;32;8;7;17;21;42;-21;31;15;3;5;7;11;19;-8;14;17;5;2;10;10;23;-13;17;QPR;32;7;4;21;35;56;-21;25;17;5;4;8;21;23;-2;19;15;2;0;13;14;33;-19;6;2.15;3.4;3.8;3;3;D
33;18/04/2015;Chelsea;32;23;7;2;67;27;40;76;15;12;3;0;30;7;23;39;17;11;4;2;37;20;17;37;Man Utd;32;19;8;5;59;30;29;65;17;14;1;2;40;13;27;43;15;5;7;3;19;17;2;22;2;3.4;4.33;1;0;H
33;18/04/2015;Crystal Palace;32;11;9;12;42;43;-1;42;15;5;3;7;19;21;-2;18;17;6;6;5;23;22;1;24;West Bromwich;32;8;9;15;30;46;-16;33;17;6;3;8;21;26;-5;21;15;2;6;7;9;20;-11;12;1.95;3.5;4.5;0;2;A
33;18/04/2015;Everton;32;9;11;12;40;43;-3;38;15;5;7;3;23;18;5;22;17;4;4;9;17;25;-8;16;Burnley;32;5;11;16;26;50;-24;26;17;4;6;7;14;20;-6;18;15;1;5;9;12;30;-18;8;1.73;3.8;5.5;1;0;H
33;18/04/2015;Leicester;32;6;7;19;33;54;-21;25;15;3;5;7;16;21;-5;14;17;3;2;12;17;33;-16;11;Swansea;32;13;8;11;38;40;-2;47;17;8;5;4;23;18;5;29;15;5;3;7;15;22;-7;18;2.15;3.4;3.75;2;0;H
33;18/04/2015;Stoke;32;12;7;13;36;40;-4;43;15;7;2;6;20;19;1;23;17;5;5;7;16;21;-5;20;Southampton;32;17;5;10;44;22;22;56;17;10;3;4;29;10;19;33;15;7;2;6;15;12;3;23;3.5;3.25;2.3;2;1;H
33;19/04/2015;Man City;32;18;7;7;65;34;31;61;15;10;3;2;31;12;19;33;17;8;4;5;34;22;12;28;West Ham;32;11;10;11;42;40;2;43;17;8;4;5;23;16;7;28;15;3;6;6;19;24;-5;15;1.25;6.5;11;2;0;H
33;19/04/2015;Newcastle;32;9;8;15;33;51;-18;35;15;6;4;5;20;20;0;22;17;3;4;10;13;31;-18;13;Tottenham;32;16;6;10;50;46;4;54;17;9;3;5;29;23;6;30;15;7;3;5;21;23;-2;24;3.3;3.5;2.3;1;3;A
34;25/04/2015;Burnley;33;5;11;17;26;51;-25;26;17;4;6;7;14;20;-6;18;16;1;5;10;12;31;-19;8;Leicester;33;7;7;19;35;54;-19;28;16;4;5;7;18;21;-3;17;17;3;2;12;17;33;-16;11;2.63;3.3;2.9;0;1;A
34;25/04/2015;Crystal Palace;33;11;9;13;42;45;-3;42;16;5;3;8;19;23;-4;18;17;6;6;5;23;22;1;24;Hull;33;7;10;16;30;45;-15;31;16;5;4;7;18;20;-2;19;17;2;6;9;12;25;-13;12;2.05;3.3;4.2;0;2;A
34;25/04/2015;Man City;33;19;7;7;67;34;33;64;16;11;3;2;33;12;21;36;17;8;4;5;34;22;12;28;Aston Villa;33;8;8;17;24;45;-21;32;16;3;6;7;14;22;-8;15;17;5;2;10;10;23;-13;17;1.29;6;12;3;2;H
34;25/04/2015;Newcastle;33;9;8;16;34;54;-20;35;16;6;4;6;21;23;-2;22;17;3;4;10;13;31;-18;13;Swansea;33;13;8;12;38;42;-4;47;17;8;5;4;23;18;5;29;16;5;3;8;15;24;-9;18;2.45;3.25;3.25;2;3;A
34;25/04/2015;QPR;33;7;5;21;38;59;-21;26;17;5;4;8;21;23;-2;19;16;2;1;13;17;36;-19;7;West Ham;33;11;10;12;42;42;0;43;17;8;4;5;23;16;7;28;16;3;6;7;19;26;-7;15;2.38;3.4;3.25;0;0;D
34;25/04/2015;Southampton;33;17;5;11;45;24;21;56;17;10;3;4;29;10;19;33;16;7;2;7;16;14;2;23;Tottenham;33;17;6;10;53;47;6;57;17;9;3;5;29;23;6;30;16;8;3;5;24;24;0;27;2.1;3.5;3.8;2;2;D
34;25/04/2015;Stoke;33;13;7;13;38;41;-3;46;16;8;2;6;22;20;2;26;17;5;5;7;16;21;-5;20;Sunderland;33;5;15;13;25;48;-23;30;17;3;7;7;14;26;-12;16;16;2;8;6;11;22;-11;14;1.91;3.5;4.75;1;1;D
34;25/04/2015;West Bromwich;33;9;9;15;32;46;-14;36;17;6;3;8;21;26;-5;21;16;3;6;7;11;20;-9;15;Liverpool;33;17;6;10;47;37;10;57;17;9;5;3;27;16;11;32;16;8;1;7;20;21;-1;25;4;3.6;2;0;0;D
34;26/04/2015;Arsenal;33;20;7;6;63;32;31;67;16;11;4;1;37;12;25;37;17;9;3;5;26;20;6;30;Chelsea;33;24;7;2;68;27;41;79;16;13;3;0;31;7;24;42;17;11;4;2;37;20;17;37;2.4;3.3;3.3;0;0;D
34;26/04/2015;Everton;33;10;11;12;41;43;-2;41;16;6;7;3;24;18;6;25;17;4;4;9;17;25;-8;16;Man Utd;33;19;8;6;59;31;28;65;17;14;1;2;40;13;27;43;16;5;7;4;19;18;1;22;3.75;3.4;2.15;3;0;H
35;02/05/2015;Aston Villa;34;8;8;18;26;48;-22;32;16;3;6;7;14;22;-8;15;18;5;2;11;12;26;-14;17;Everton;34;11;11;12;44;43;1;44;17;7;7;3;27;18;9;28;17;4;4;9;17;25;-8;16;2.75;3.3;2.8;3;2;H
35;02/05/2015;Leicester;34;8;7;19;36;54;-18;31;16;4;5;7;18;21;-3;17;18;4;2;12;18;33;-15;14;Newcastle;34;9;8;17;36;57;-21;35;17;6;4;7;23;26;-3;22;17;3;4;10;13;31;-18;13;1.91;3.7;4.33;3;0;H
35;02/05/2015;Liverpool;34;17;7;10;47;37;10;58;17;9;5;3;27;16;11;32;17;8;2;7;20;21;-1;26;QPR;34;7;6;21;38;59;-21;27;18;5;5;8;21;23;-2;20;16;2;1;13;17;36;-19;7;1.36;5.25;10;2;1;H
35;02/05/2015;Man Utd;34;19;8;7;59;34;25;65;17;14;1;2;40;13;27;43;17;5;7;5;19;21;-2;22;West Bromwich;34;9;10;15;32;46;-14;37;18;6;4;8;21;26;-5;22;16;3;6;7;11;20;-9;15;1.36;5.25;10;0;1;A
35;02/05/2015;Sunderland;34;5;16;13;26;49;-23;31;17;3;7;7;14;26;-12;16;17;2;9;6;12;23;-11;15;Southampton;34;17;6;11;47;26;21;57;18;10;4;4;31;12;19;34;16;7;2;7;16;14;2;23;4.2;3.4;2.05;2;1;H
35;02/05/2015;Swansea;34;14;8;12;41;44;-3;50;17;8;5;4;23;18;5;29;17;6;3;8;18;26;-8;21;Stoke;34;13;8;13;39;42;-3;47;17;8;3;6;23;21;2;27;17;5;5;7;16;21;-5;20;2.3;3.4;3.4;2;0;H
35;02/05/2015;West Ham;34;11;11;12;42;42;0;44;17;8;4;5;23;16;7;28;17;3;7;7;19;26;-7;16;Burnley;34;5;11;18;26;52;-26;26;18;4;6;8;14;21;-7;18;16;1;5;10;12;31;-19;8;2.25;3.5;3.4;1;0;H
35;03/05/2015;Chelsea;34;24;8;2;68;27;41;80;16;13;3;0;31;7;24;42;18;11;5;2;37;20;17;38;Crystal Palace;34;11;9;14;42;47;-5;42;17;5;3;9;19;25;-6;18;17;6;6;5;23;22;1;24;1.36;5.25;10;1;0;H
35;03/05/2015;Tottenham;34;17;7;10;55;49;6;58;17;9;3;5;29;23;6;30;17;8;4;5;26;26;0;28;Man City;34;20;7;7;70;36;34;67;17;12;3;2;36;14;22;39;17;8;4;5;34;22;12;28;3.75;3.75;2.05;0;1;A
35;04/05/2015;Hull;34;8;10;16;32;45;-13;34;16;5;4;7;18;20;-2;19;18;3;6;9;14;25;-11;15;Arsenal;34;20;8;6;63;32;31;68;17;11;5;1;37;12;25;38;17;9;3;5;26;20;6;30;5.5;4;1.7;1;3;A
36;09/05/2015;Aston Villa;35;9;8;18;29;50;-21;35;17;4;6;7;17;24;-7;18;18;5;2;11;12;26;-14;17;West Ham;35;12;11;12;43;42;1;47;18;9;4;5;24;16;8;31;17;3;7;7;19;26;-7;16;1.91;3.7;4.33;1;0;H
36;09/05/2015;Crystal Palace;35;11;9;15;42;48;-6;42;17;5;3;9;19;25;-6;18;18;6;6;6;23;23;0;24;Man Utd;35;19;8;8;59;35;24;65;18;14;1;3;40;14;26;43;17;5;7;5;19;21;-2;22;4.5;3.6;1.91;1;2;A
36;09/05/2015;Everton;35;11;11;13;46;46;0;44;17;7;7;3;27;18;9;28;18;4;4;10;19;28;-9;16;Sunderland;35;6;16;13;28;50;-22;34;18;4;7;7;16;27;-11;19;17;2;9;6;12;23;-11;15;1.8;3.75;5;0;2;A
36;09/05/2015;Hull;35;8;10;17;33;48;-15;34;17;5;4;8;19;23;-4;19;18;3;6;9;14;25;-11;15;Burnley;35;5;11;19;26;53;-27;26;18;4;6;8;14;21;-7;18;17;1;5;11;12;32;-20;8;1.95;3.5;4.5;0;1;A
36;09/05/2015;Leicester;35;9;7;19;39;54;-15;34;17;5;5;7;21;21;0;20;18;4;2;12;18;33;-15;14;Southampton;35;17;6;12;48;28;20;57;18;10;4;4;31;12;19;34;17;7;2;8;17;16;1;23;2.6;3.4;2.9;2;0;H
36;09/05/2015;Newcastle;35;9;8;18;36;60;-24;35;17;6;4;7;23;26;-3;22;18;3;4;11;13;34;-21;13;West Bromwich;35;10;10;15;33;46;-13;40;18;6;4;8;21;26;-5;22;17;4;6;7;12;20;-8;18;2.55;3.3;3;1;1;D
36;09/05/2015;Stoke;35;13;8;14;39;44;-5;47;17;8;3;6;23;21;2;27;18;5;5;8;16;23;-7;20;Tottenham;35;17;7;11;55;50;5;58;18;9;3;6;29;24;5;30;17;8;4;5;26;26;0;28;2.9;3.4;2.6;3;0;H
36;10/05/2015;Chelsea;35;25;8;2;69;27;42;83;17;14;3;0;32;7;25;45;18;11;5;2;37;20;17;38;Liverpool;35;18;7;10;49;38;11;61;18;10;5;3;29;17;12;35;17;8;2;7;20;21;-1;26;2.1;3.5;3.8;1;1;D
36;10/05/2015;Man City;35;21;7;7;71;36;35;70;17;12;3;2;36;14;22;39;18;9;4;5;35;22;13;31;QPR;35;7;6;22;39;61;-22;27;18;5;5;8;21;23;-2;20;17;2;1;14;18;38;-20;7;1.22;7.5;13;6;0;H
36;11/05/2015;Arsenal;35;21;8;6;66;33;33;71;17;11;5;1;37;12;25;38;18;10;3;5;29;21;8;33;Swansea;35;15;8;12;43;44;-1;53;18;9;5;4;25;18;7;32;17;6;3;8;18;26;-8;21;1.3;6;11;0;1;A
37;16/05/2015;Burnley;36;6;11;19;27;53;-26;29;18;4;6;8;14;21;-7;18;18;2;5;11;13;32;-19;11;Stoke;36;14;8;14;42;44;-2;50;18;9;3;6;26;21;5;30;18;5;5;8;16;23;-7;20;2.7;3.3;2.88;0;0;D
37;16/05/2015;Liverpool;36;18;8;10;50;39;11;62;18;10;5;3;29;17;12;35;18;8;3;7;21;22;-1;27;Crystal Palace;36;11;9;16;43;50;-7;42;18;5;3;10;20;27;-7;18;18;6;6;6;23;23;0;24;1.45;4.75;8;1;3;A
37;16/05/2015;QPR;36;7;6;23;39;67;-28;27;18;5;5;8;21;23;-2;20;18;2;1;15;18;44;-26;7;Newcastle;36;9;9;18;37;61;-24;36;18;6;5;7;24;27;-3;23;18;3;4;11;13;34;-21;13;3.1;3.5;2.4;2;1;H
37;16/05/2015;Southampton;36;17;6;13;48;30;18;57;18;10;4;4;31;12;19;34;18;7;2;9;17;18;-1;23;Aston Villa;36;10;8;18;30;50;-20;38;18;5;6;7;18;24;-6;21;18;5;2;11;12;26;-14;17;1.75;3.8;5.25;6;1;H
37;16/05/2015;Sunderland;36;7;16;13;30;50;-20;37;18;4;7;7;16;27;-11;19;18;3;9;6;14;23;-9;18;Leicester;36;10;7;19;41;54;-13;37;18;6;5;7;23;21;2;23;18;4;2;12;18;33;-15;14;2.8;3.3;2.75;0;0;D
37;16/05/2015;Tottenham;36;17;7;12;55;53;2;58;18;9;3;6;29;24;5;30;18;8;4;6;26;29;-3;28;Hull;36;8;10;18;33;49;-16;34;18;5;4;9;19;24;-5;19;18;3;6;9;14;25;-11;15;1.8;3.8;4.75;2;0;H
37;16/05/2015;West Ham;36;12;11;13;43;43;0;47;18;9;4;5;24;16;8;31;18;3;7;8;19;27;-8;16;Everton;36;11;11;14;46;48;-2;44;18;7;7;4;27;20;7;28;18;4;4;10;19;28;-9;16;2.9;3.4;2.6;1;2;A
37;17/05/2015;Man Utd;36;20;8;8;61;36;25;68;18;14;1;3;40;14;26;43;18;6;7;5;21;22;-1;25;Arsenal;36;21;8;7;66;34;32;71;18;11;5;2;37;13;24;38;18;10;3;5;29;21;8;33;2.45;3.5;3;1;1;D
37;17/05/2015;Swansea;36;16;8;12;44;44;0;56;18;9;5;4;25;18;7;32;18;7;3;8;19;26;-7;24;Man City;36;22;7;7;77;36;41;73;18;13;3;2;42;14;28;42;18;9;4;5;35;22;13;31;4.75;4.2;1.75;2;4;A
37;18/05/2015;West Bromwich;36;10;11;15;34;47;-13;41;18;6;4;8;21;26;-5;22;18;4;7;7;13;21;-8;19;Chelsea;36;25;9;2;70;28;42;84;18;14;4;0;33;8;25;46;18;11;5;2;37;20;17;38;4.1;3.5;2;3;0;H
38;24/05/2015;Arsenal;37;21;9;7;67;35;32;72;18;11;5;2;37;13;24;38;19;10;4;5;30;22;8;34;West Bromwich;37;11;11;15;37;47;-10;44;19;7;4;8;24;26;-2;25;18;4;7;7;13;21;-8;19;1.4;5.25;8.5;4;1;H
38;24/05/2015;Aston Villa;37;10;8;19;31;56;-25;38;18;5;6;7;18;24;-6;21;19;5;2;12;13;32;-19;17;Burnley;37;6;12;19;27;53;-26;30;19;4;7;8;14;21;-7;19;18;2;5;11;13;32;-19;11;2.1;3.6;3.75;0;1;A
38;24/05/2015;Chelsea;37;25;9;3;70;31;39;84;18;14;4;0;33;8;25;46;19;11;5;3;37;23;14;38;Sunderland;37;7;17;13;30;50;-20;38;19;4;8;7;16;27;-11;20;18;3;9;6;14;23;-9;18;1.36;5.25;9.5;3;1;H
38;24/05/2015;Crystal Palace;37;12;9;16;46;51;-5;45;18;5;3;10;20;27;-7;18;19;7;6;6;26;24;2;27;Swansea;37;16;8;13;46;48;-2;56;19;9;5;5;27;22;5;32;18;7;3;8;19;26;-7;24;2.25;3.6;3.3;1;0;H
38;24/05/2015;Everton;37;12;11;14;48;49;-1;47;18;7;7;4;27;20;7;28;19;5;4;10;21;29;-8;19;Tottenham;37;18;7;12;57;53;4;61;19;10;3;6;31;24;7;33;18;8;4;6;26;29;-3;28;2.4;3.6;3;0;1;A
38;24/05/2015;Hull;37;8;10;19;33;51;-18;34;18;5;4;9;19;24;-5;19;19;3;6;10;14;27;-13;15;Man Utd;37;20;9;8;62;37;25;69;19;14;2;3;41;15;26;44;18;6;7;5;21;22;-1;25;3.2;3.75;2.25;0;0;D
38;24/05/2015;Leicester;37;10;8;19;41;54;-13;38;18;6;5;7;23;21;2;23;19;4;3;12;18;33;-15;15;QPR;37;8;6;23;41;68;-27;30;19;6;5;8;23;24;-1;23;18;2;1;15;18;44;-26;7;1.6;4.33;6;5;1;H
38;24/05/2015;Man City;37;23;7;7;81;38;43;76;18;13;3;2;42;14;28;42;19;10;4;5;39;24;15;34;Southampton;37;18;6;13;54;31;23;60;19;11;4;4;37;13;24;37;18;7;2;9;17;18;-1;23;1.57;4.5;6;2;0;H
38;24/05/2015;Newcastle;37;9;9;19;38;63;-25;36;18;6;5;7;24;27;-3;23;19;3;4;12;14;36;-22;13;West Ham;37;12;11;14;44;45;-1;47;19;9;4;6;25;18;7;31;18;3;7;8;19;27;-8;16;1.83;4;4.33;2;0;H
38;24/05/2015;Stoke;37;14;9;14;42;44;-2;51;18;9;3;6;26;21;5;30;19;5;6;8;16;23;-7;21;Liverpool;37;18;8;11;51;42;9;62;19;10;5;4;30;20;10;35;18;8;3;7;21;22;-1;27;3.5;3.6;2.15;6;1;H
11;09/11/2013;Aston Villa;10;3;2;5;9;12;-3;11;5;1;0;4;4;9;-5;3;5;2;2;1;5;3;2;8;Cardiff;10;3;3;4;9;13;-4;12;5;2;1;2;5;5;0;7;5;1;2;2;4;8;-4;5;2;3.5;4.2;2;0;H
11;09/11/2013;Chelsea;10;6;2;2;16;8;8;20;5;5;0;0;12;3;9;15;5;1;2;2;4;5;-1;5;West Bromwich;10;3;4;3;10;10;0;13;5;2;1;2;6;4;2;7;5;1;3;1;4;6;-2;6;1.29;6;12;2;2;D
11;09/11/2013;Crystal Palace;10;1;0;9;6;21;-15;3;5;1;0;4;4;10;-6;3;5;0;0;5;2;11;-9;0;Everton;10;5;4;1;14;10;4;19;5;3;2;0;6;3;3;11;5;2;2;1;8;7;1;8;6.5;4;1.62;0;0;D
11;09/11/2013;Liverpool;10;6;2;2;17;10;7;20;5;4;0;1;9;3;6;12;5;2;2;1;8;7;1;8;Fulham;10;3;1;6;10;15;-5;10;5;1;1;3;5;9;-4;4;5;2;0;3;5;6;-1;6;1.25;6.5;15;4;0;H
11;09/11/2013;Norwich;10;2;2;6;6;20;-14;8;5;1;2;2;4;6;-2;5;5;1;0;4;2;14;-12;3;West Ham;10;2;4;4;8;8;0;10;5;1;1;3;5;7;-2;4;5;1;3;1;3;1;2;6;2.63;3.3;2.9;3;1;H
11;09/11/2013;Southampton;10;5;4;1;11;4;7;19;5;3;2;0;7;1;6;11;5;2;2;1;4;3;1;8;Hull;10;4;2;4;8;10;-2;14;5;3;2;0;4;1;3;11;5;1;0;4;4;9;-5;3;1.62;3.8;7;4;1;H
11;10/11/2013;Man Utd;10;5;2;3;17;13;4;17;5;2;2;1;7;5;2;8;5;3;0;2;10;8;2;9;Arsenal;10;8;1;1;22;9;13;25;5;4;0;1;11;5;6;12;5;4;1;0;11;4;7;13;2.35;3.5;3.2;1;0;H
11;10/11/2013;Sunderland;10;1;1;8;7;22;-15;4;5;1;0;4;5;10;-5;3;5;0;1;4;2;12;-10;1;Man City;10;6;1;3;28;11;17;19;5;5;0;0;20;2;18;15;5;1;1;3;8;9;-1;4;9;5;1.4;1;0;H
11;10/11/2013;Swansea;10;3;2;5;12;12;0;11;5;1;2;2;8;8;0;5;5;2;0;3;4;4;0;6;Stoke;10;2;3;5;7;11;-4;9;5;1;3;1;3;3;0;6;5;1;0;4;4;8;-4;3;2;3.4;4.33;3;3;D
11;10/11/2013;Tottenham;10;6;2;2;9;5;4;20;5;3;1;1;5;4;1;10;5;3;1;1;4;1;3;10;Newcastle;10;4;2;4;14;16;-2;14;5;2;2;1;7;5;2;8;5;2;0;3;7;11;-4;6;1.57;4.33;6.5;0;1;A
12;23/11/2013;Arsenal;11;8;1;2;22;10;12;25;5;4;0;1;11;5;6;12;6;4;1;1;11;5;6;13;Southampton;11;6;4;1;15;5;10;22;6;4;2;0;11;2;9;14;5;2;2;1;4;3;1;8;1.62;4.2;6;2;0;H
12;23/11/2013;Everton;11;5;5;1;14;10;4;20;5;3;2;0;6;3;3;11;6;2;3;1;8;7;1;9;Liverpool;11;7;2;2;21;10;11;23;6;5;0;1;13;3;10;15;5;2;2;1;8;7;1;8;3;3.4;2.5;3;3;D
12;23/11/2013;Fulham;11;3;1;7;10;19;-9;10;5;1;1;3;5;9;-4;4;6;2;0;4;5;10;-5;6;Swansea;11;3;3;5;15;15;0;12;6;1;3;2;11;11;0;6;5;2;0;3;4;4;0;6;3.3;3.3;2.38;1;2;A
12;23/11/2013;Hull;11;4;2;5;9;14;-5;14;5;3;2;0;4;1;3;11;6;1;0;5;5;13;-8;3;Crystal Palace;11;1;1;9;6;21;-15;4;6;1;1;4;4;10;-6;4;5;0;0;5;2;11;-9;0;1.85;3.5;5;0;1;A
12;23/11/2013;Newcastle;11;5;2;4;15;16;-1;17;5;2;2;1;7;5;2;8;6;3;0;3;8;11;-3;9;Norwich;11;3;2;6;9;21;-12;11;6;2;2;2;7;7;0;8;5;1;0;4;2;14;-12;3;1.8;3.8;4.75;2;1;H
12;23/11/2013;Stoke;11;2;4;5;10;14;-4;10;5;1;3;1;3;3;0;6;6;1;1;4;7;11;-4;4;Sunderland;11;2;1;8;8;22;-14;7;6;2;0;4;6;10;-4;6;5;0;1;4;2;12;-10;1;2.15;3.3;3.9;2;0;H
12;23/11/2013;West Ham;11;2;4;5;9;11;-2;10;5;1;1;3;5;7;-2;4;6;1;3;2;4;4;0;6;Chelsea;11;6;3;2;18;10;8;21;6;5;1;0;14;5;9;16;5;1;2;2;4;5;-1;5;6;4.2;1.62;0;3;A
12;24/11/2013;Cardiff;11;3;3;5;9;15;-6;12;5;2;1;2;5;5;0;7;6;1;2;3;4;10;-6;5;Man Utd;11;6;2;3;18;13;5;20;6;3;2;1;8;5;3;11;5;3;0;2;10;8;2;9;6;4;1.65;2;2;D
12;24/11/2013;Man City;11;6;1;4;28;12;16;19;5;5;0;0;20;2;18;15;6;1;1;4;8;10;-2;4;Tottenham;11;6;2;3;9;6;3;20;6;3;1;2;5;5;0;10;5;3;1;1;4;1;3;10;1.7;4;5.5;6;0;H
12;25/11/2013;West Bromwich;11;3;5;3;12;12;0;14;5;2;1;2;6;4;2;7;6;1;4;1;6;8;-2;7;Aston Villa;11;4;2;5;11;12;-1;14;6;2;0;4;6;9;-3;6;5;2;2;1;5;3;2;8;2.15;3.4;3.8;2;2;D
13;30/11/2013;Aston Villa;12;4;3;5;13;14;-1;15;6;2;0;4;6;9;-3;6;6;2;3;1;7;5;2;9;Sunderland;12;2;1;9;8;24;-16;7;6;2;0;4;6;10;-4;6;6;0;1;5;2;14;-12;1;2;3.4;4.33;0;0;D
13;30/11/2013;Cardiff;12;3;4;5;11;17;-6;13;6;2;2;2;7;7;0;8;6;1;2;3;4;10;-6;5;Arsenal;12;9;1;2;24;10;14;28;6;5;0;1;13;5;8;15;6;4;1;1;11;5;6;13;6.5;4;1.62;0;3;A
13;30/11/2013;Everton;12;5;6;1;17;13;4;21;6;3;3;0;9;6;3;12;6;2;3;1;8;7;1;9;Stoke;12;3;4;5;12;14;-2;13;6;2;3;1;5;3;2;9;6;1;1;4;7;11;-4;4;1.62;4;6.25;4;0;H
13;30/11/2013;Newcastle;12;6;2;4;17;17;0;20;6;3;2;1;9;6;3;11;6;3;0;3;8;11;-3;9;West Bromwich;12;3;6;3;14;14;0;15;6;2;2;2;8;6;2;8;6;1;4;1;6;8;-2;7;2.05;3.5;4;2;1;H
13;30/11/2013;Norwich;12;3;2;7;10;23;-13;11;6;2;2;2;7;7;0;8;6;1;0;5;3;16;-13;3;Crystal Palace;12;2;1;9;7;21;-14;7;6;1;1;4;4;10;-6;4;6;1;0;5;3;11;-8;3;2;3.4;4.33;1;0;H
13;30/11/2013;West Ham;12;2;4;6;9;14;-5;10;6;1;1;4;5;10;-5;4;6;1;3;2;4;4;0;6;Fulham;12;3;1;8;11;21;-10;10;6;1;1;4;6;11;-5;4;6;2;0;4;5;10;-5;6;1.91;3.5;4.6;3;0;H
13;01/12/2013;Chelsea;12;7;3;2;21;10;11;24;6;5;1;0;14;5;9;16;6;2;2;2;7;5;2;8;Southampton;12;6;4;2;15;7;8;22;6;4;2;0;11;2;9;14;6;2;2;2;4;5;-1;8;1.57;4.2;6.5;3;1;H
13;01/12/2013;Hull;12;4;2;6;9;15;-6;14;6;3;2;1;4;2;2;11;6;1;0;5;5;13;-8;3;Liverpool;12;7;3;2;24;13;11;24;6;5;0;1;13;3;10;15;6;2;3;1;11;10;1;9;6.5;4;1.62;3;1;H
13;01/12/2013;Man City;12;7;1;4;34;12;22;22;6;6;0;0;26;2;24;18;6;1;1;4;8;10;-2;4;Swansea;12;4;3;5;17;16;1;15;6;1;3;2;11;11;0;6;6;3;0;3;6;5;1;9;1.29;6;13;3;0;H
13;01/12/2013;Tottenham;12;6;2;4;9;12;-3;20;6;3;1;2;5;5;0;10;6;3;1;2;4;7;-3;10;Man Utd;12;6;3;3;20;15;5;21;6;3;2;1;8;5;3;11;6;3;1;2;12;10;2;10;2.8;3.5;2.63;2;2;D
14;03/12/2013;Crystal Palace;13;2;1;10;7;22;-15;7;6;1;1;4;4;10;-6;4;7;1;0;6;3;12;-9;3;West Ham;13;3;4;6;12;14;-2;13;7;2;1;4;8;10;-2;7;6;1;3;2;4;4;0;6;3.25;3.3;2.4;1;0;H
14;04/12/2013;Arsenal;13;10;1;2;27;10;17;31;6;5;0;1;13;5;8;15;7;5;1;1;14;5;9;16;Hull;13;5;2;6;12;16;-4;17;7;4;2;1;7;3;4;14;6;1;0;5;5;13;-8;3;1.2;7.5;17;2;0;H
14;04/12/2013;Fulham;13;3;1;9;11;24;-13;10;6;1;1;4;6;11;-5;4;7;2;0;5;5;13;-8;6;Tottenham;13;6;3;4;11;14;-3;21;7;3;2;2;7;7;0;11;6;3;1;2;4;7;-3;10;5.8;3.9;1.67;1;2;A
14;04/12/2013;Liverpool;13;7;3;3;25;16;9;24;6;5;0;1;13;3;10;15;7;2;3;2;12;13;-1;9;Norwich;13;4;2;7;11;23;-12;14;7;3;2;2;8;7;1;11;6;1;0;5;3;16;-13;3;1.29;6;12;5;1;H
14;04/12/2013;Man Utd;13;6;4;3;22;17;5;22;6;3;2;1;8;5;3;11;7;3;2;2;14;12;2;11;Everton;13;6;6;1;21;13;8;24;7;4;3;0;13;6;7;15;6;2;3;1;8;7;1;9;1.73;3.75;5.5;0;1;A
14;04/12/2013;Southampton;13;6;4;3;16;10;6;22;6;4;2;0;11;2;9;14;7;2;2;3;5;8;-3;8;Aston Villa;13;4;4;5;13;14;-1;16;7;2;1;4;6;9;-3;7;6;2;3;1;7;5;2;9;1.7;3.8;5.75;2;3;A
14;04/12/2013;Stoke;13;3;4;6;12;18;-6;13;6;2;3;1;5;3;2;9;7;1;1;5;7;15;-8;4;Cardiff;13;3;4;6;11;20;-9;13;7;2;2;3;7;10;-3;8;6;1;2;3;4;10;-6;5;2.1;3.4;4;0;0;D
14;04/12/2013;Sunderland;13;2;2;9;8;24;-16;8;6;2;0;4;6;10;-4;6;7;0;2;5;2;14;-12;2;Chelsea;13;8;3;2;24;11;13;27;7;6;1;0;17;6;11;19;6;2;2;2;7;5;2;8;6.5;4.33;1.55;3;4;A
14;04/12/2013;Swansea;13;4;3;6;17;19;-2;15;6;1;3;2;11;11;0;6;7;3;0;4;6;8;-2;9;Newcastle;13;7;2;4;19;18;1;23;7;4;2;1;11;7;4;14;6;3;0;3;8;11;-3;9;2.2;3.5;3.5;3;0;H
14;04/12/2013;West Bromwich;13;3;6;4;15;16;-1;15;6;2;2;2;8;6;2;8;7;1;4;2;7;10;-3;7;Man City;13;8;1;4;37;12;25;25;7;7;0;0;29;2;27;21;6;1;1;4;8;10;-2;4;6;4.2;1.62;2;3;A
15;07/12/2013;Crystal Palace;14;3;1;10;8;22;-14;10;7;2;1;4;5;10;-5;7;7;1;0;6;3;12;-9;3;Cardiff;14;3;5;6;11;20;-9;14;7;2;2;3;7;10;-3;8;7;1;3;3;4;10;-6;6;2.8;3.3;2.75;2;0;H
15;07/12/2013;Liverpool;14;8;3;3;30;17;13;27;7;6;0;1;18;4;14;18;7;2;3;2;12;13;-1;9;West Ham;14;3;4;7;12;15;-3;13;7;2;1;4;8;10;-2;7;7;1;3;3;4;5;-1;6;1.29;6;12;4;1;H
15;07/12/2013;Man Utd;14;6;4;4;22;18;4;22;7;3;2;2;8;6;2;11;7;3;2;2;14;12;2;11;Newcastle;14;7;2;5;19;21;-2;23;7;4;2;1;11;7;4;14;7;3;0;4;8;14;-6;9;1.53;4.33;7;0;1;A
15;07/12/2013;Southampton;14;6;4;4;18;13;5;22;7;4;2;1;13;5;8;14;7;2;2;3;5;8;-3;8;Man City;14;9;1;4;40;14;26;28;7;7;0;0;29;2;27;21;7;2;1;4;11;12;-1;7;5.25;3.8;1.75;1;1;D
15;07/12/2013;Stoke;14;3;5;6;12;18;-6;14;7;2;4;1;5;3;2;10;7;1;1;5;7;15;-8;4;Chelsea;14;9;3;2;28;14;14;30;7;6;1;0;17;6;11;19;7;3;2;2;11;8;3;11;6.5;4.2;1.57;3;2;H
15;07/12/2013;Sunderland;14;2;2;10;11;28;-17;8;7;2;0;5;9;14;-5;6;7;0;2;5;2;14;-12;2;Tottenham;14;7;3;4;13;15;-2;24;7;3;2;2;7;7;0;11;7;4;1;2;6;8;-2;13;4.5;3.6;1.91;1;2;A
15;07/12/2013;West Bromwich;14;3;6;5;17;19;-2;15;7;2;2;3;10;9;1;8;7;1;4;2;7;10;-3;7;Norwich;14;4;2;8;12;28;-16;14;7;3;2;2;8;7;1;11;7;1;0;6;4;21;-17;3;1.8;3.75;5;0;2;A
15;08/12/2013;Arsenal;14;11;1;2;29;10;19;34;7;6;0;1;15;5;10;18;7;5;1;1;14;5;9;16;Everton;14;7;6;1;22;13;9;27;7;4;3;0;13;6;7;15;7;3;3;1;9;7;2;12;1.7;3.8;5.75;1;1;D
15;08/12/2013;Fulham;14;3;1;10;12;26;-14;10;7;1;1;5;7;13;-6;4;7;2;0;5;5;13;-8;6;Aston Villa;14;5;4;5;16;16;0;19;7;2;1;4;6;9;-3;7;7;3;3;1;10;7;3;12;2.75;3.3;2.8;2;0;H
15;09/12/2013;Swansea;14;5;3;6;20;19;1;18;7;2;3;2;14;11;3;9;7;3;0;4;6;8;-2;9;Hull;14;5;2;7;12;18;-6;17;7;4;2;1;7;3;4;14;7;1;0;6;5;15;-10;3;1.75;3.75;5.5;1;1;D
16;14/12/2013;Cardiff;15;3;5;7;11;22;-11;14;7;2;2;3;7;10;-3;8;8;1;3;4;4;12;-8;6;West Bromwich;15;3;6;6;17;21;-4;15;8;2;2;4;10;11;-1;8;7;1;4;2;7;10;-3;7;2.63;3.4;2.88;1;0;H
16;14/12/2013;Chelsea;15;9;3;3;30;17;13;30;7;6;1;0;17;6;11;19;8;3;2;3;13;11;2;11;Crystal Palace;15;4;1;10;10;22;-12;13;8;3;1;4;7;10;-3;10;7;1;0;6;3;12;-9;3;1.18;8;19;2;1;H
16;14/12/2013;Everton;15;7;7;1;23;14;9;28;7;4;3;0;13;6;7;15;8;3;4;1;10;8;2;13;Fulham;15;4;1;10;14;26;-12;13;8;2;1;5;9;13;-4;7;7;2;0;5;5;13;-8;6;1.36;5;10.5;4;1;H
16;14/12/2013;Hull;15;5;3;7;13;19;-6;18;7;4;2;1;7;3;4;14;8;1;1;6;6;16;-10;4;Stoke;15;4;5;6;15;20;-5;17;8;3;4;1;8;5;3;13;7;1;1;5;7;15;-8;4;2.3;3.3;3.5;0;0;D
16;14/12/2013;Man City;15;9;2;4;41;15;26;29;7;7;0;0;29;2;27;21;8;2;2;4;12;13;-1;8;Arsenal;15;11;2;2;30;11;19;35;8;6;1;1;16;6;10;19;7;5;1;1;14;5;9;16;1.83;3.75;4.75;6;3;H
16;14/12/2013;Newcastle;15;8;2;5;20;21;-1;26;7;4;2;1;11;7;4;14;8;4;0;4;9;14;-5;12;Southampton;15;6;5;4;19;14;5;23;8;4;3;1;14;6;8;15;7;2;2;3;5;8;-3;8;2.4;3.4;3.2;1;1;D
16;14/12/2013;West Ham;15;3;4;8;13;19;-6;13;7;2;1;4;8;10;-2;7;8;1;3;4;5;9;-4;6;Sunderland;15;2;2;11;12;30;-18;8;8;2;0;6;10;16;-6;6;7;0;2;5;2;14;-12;2;1.95;3.6;4.33;0;0;D
16;15/12/2013;Aston Villa;15;5;4;6;16;18;-2;19;7;2;1;4;6;9;-3;7;8;3;3;2;10;9;1;12;Man Utd;15;6;4;5;22;19;3;22;8;3;2;3;8;7;1;11;7;3;2;2;14;12;2;11;5.25;3.8;1.75;0;3;A
16;15/12/2013;Norwich;15;5;2;8;14;28;-14;17;7;3;2;2;8;7;1;11;8;2;0;6;6;21;-15;6;Swansea;15;5;4;6;21;20;1;19;8;2;4;2;15;12;3;10;7;3;0;4;6;8;-2;9;2.88;3.3;2.7;1;1;D
16;15/12/2013;Tottenham;15;8;3;4;15;16;-1;27;7;3;2;2;7;7;0;11;8;5;1;2;8;9;-1;16;Liverpool;15;9;3;3;34;18;16;30;8;7;0;1;22;5;17;21;7;2;3;2;12;13;-1;9;2.5;3.4;3;0;5;A
17;21/12/2013;Crystal Palace;16;4;1;11;11;24;-13;13;8;3;1;4;7;10;-3;10;8;1;0;7;4;14;-10;3;Newcastle;16;8;3;5;21;22;-1;27;8;4;3;1;12;8;4;15;8;4;0;4;9;14;-5;12;3.25;3.4;2.38;0;3;A
17;21/12/2013;Fulham;16;4;1;11;15;30;-15;13;8;2;1;5;9;13;-4;7;8;2;0;6;6;17;-11;6;Man City;16;10;2;4;47;18;29;32;8;8;0;0;35;5;30;24;8;2;2;4;12;13;-1;8;9.5;5.25;1.36;2;4;A
17;21/12/2013;Liverpool;16;10;3;3;39;18;21;33;8;7;0;1;22;5;17;21;8;3;3;2;17;13;4;12;Cardiff;16;4;5;7;12;22;-10;17;8;3;2;3;8;10;-2;11;8;1;3;4;4;12;-8;6;1.2;7.5;16;3;1;H
17;21/12/2013;Man Utd;16;7;4;5;25;19;6;25;8;3;2;3;8;7;1;11;8;4;2;2;17;12;5;14;West Ham;16;3;5;8;13;19;-6;14;8;2;2;4;8;10;-2;8;8;1;3;4;5;9;-4;6;1.36;5.25;10;3;1;H
17;21/12/2013;Stoke;16;4;6;6;15;20;-5;18;8;3;4;1;8;5;3;13;8;1;2;5;7;15;-8;5;Aston Villa;16;5;4;7;16;21;-5;19;8;2;1;5;6;12;-6;7;8;3;3;2;10;9;1;12;2.3;3.25;3.5;2;1;H
17;21/12/2013;Sunderland;16;2;3;11;12;30;-18;9;8;2;0;6;10;16;-6;6;8;0;3;5;2;14;-12;3;Norwich;16;5;3;8;15;29;-14;18;8;3;3;2;9;8;1;12;8;2;0;6;6;21;-15;6;2.05;3.5;4;0;0;D
17;21/12/2013;West Bromwich;16;3;6;7;17;22;-5;15;8;2;2;4;10;11;-1;8;8;1;4;3;7;11;-4;7;Hull;16;5;4;7;13;19;-6;19;8;4;3;1;7;3;4;15;8;1;1;6;6;16;-10;4;1.95;3.5;4.5;1;1;D
17;22/12/2013;Southampton;16;6;6;4;20;15;5;24;8;4;3;1;14;6;8;15;8;2;3;3;6;9;-3;9;Tottenham;16;8;3;5;15;21;-6;27;8;3;2;3;7;12;-5;11;8;5;1;2;8;9;-1;16;2.55;3.3;3;2;3;A
17;22/12/2013;Swansea;16;5;5;6;22;21;1;20;8;2;4;2;15;12;3;10;8;3;1;4;7;9;-2;10;Everton;16;8;7;1;27;15;12;31;8;5;3;0;17;7;10;18;8;3;4;1;10;8;2;13;3;3.4;2.5;1;2;A
17;23/12/2013;Arsenal;16;11;2;3;33;17;16;35;8;6;1;1;16;6;10;19;8;5;1;2;17;11;6;16;Chelsea;16;10;3;3;32;18;14;33;8;7;1;0;19;7;12;22;8;3;2;3;13;11;2;11;2.38;3.4;3.25;0;0;D
18;26/12/2013;Aston Villa;17;5;4;8;17;23;-6;19;8;2;1;5;6;12;-6;7;9;3;3;3;11;11;0;12;Crystal Palace;17;4;1;12;11;27;-16;13;9;3;1;5;7;13;-6;10;8;1;0;7;4;14;-10;3;1.91;3.5;4.5;0;1;A
18;26/12/2013;Cardiff;17;4;5;8;13;25;-12;17;8;3;2;3;8;10;-2;11;9;1;3;5;5;15;-10;6;Southampton;17;6;6;5;22;18;4;24;9;4;3;2;16;9;7;15;8;2;3;3;6;9;-3;9;3.3;3.3;2.38;0;3;A
18;26/12/2013;Chelsea;17;10;4;3;32;18;14;34;8;7;1;0;19;7;12;22;9;3;3;3;13;11;2;12;Swansea;17;5;5;7;23;23;0;20;9;2;4;3;16;14;2;10;8;3;1;4;7;9;-2;10;1.33;5.5;10;1;0;H
18;26/12/2013;Everton;17;9;7;1;29;16;13;34;8;5;3;0;17;7;10;18;9;4;4;1;12;9;3;16;Sunderland;17;2;4;11;12;30;-18;10;9;2;1;6;10;16;-6;7;8;0;3;5;2;14;-12;3;1.36;5.25;9.5;0;1;A
18;26/12/2013;Hull;17;5;5;7;14;20;-6;20;8;4;3;1;7;3;4;15;9;1;2;6;7;17;-10;5;Man Utd;17;8;4;5;28;20;8;28;9;4;2;3;11;8;3;14;8;4;2;2;17;12;5;14;7;4.2;1.55;2;3;A
18;26/12/2013;Man City;17;11;2;4;51;20;31;35;8;8;0;0;35;5;30;24;9;3;2;4;16;15;1;11;Liverpool;17;11;3;3;42;19;23;36;9;8;0;1;25;6;19;24;8;3;3;2;17;13;4;12;1.75;4.2;4.6;2;1;H
18;26/12/2013;Newcastle;17;9;3;5;24;22;2;30;8;4;3;1;12;8;4;15;9;5;0;4;12;14;-2;15;Stoke;17;5;6;6;17;21;-4;21;9;4;4;1;10;6;4;16;8;1;2;5;7;15;-8;5;1.75;3.8;5.25;5;1;H
18;26/12/2013;Norwich;17;5;4;8;15;29;-14;19;8;3;3;2;9;8;1;12;9;2;1;6;6;21;-15;7;Fulham;17;4;1;12;17;34;-17;13;9;2;1;6;11;17;-6;7;8;2;0;6;6;17;-11;6;2.05;3.5;4;1;2;A
18;26/12/2013;Tottenham;17;9;3;5;18;23;-5;30;8;3;2;3;7;12;-5;11;9;6;1;2;11;11;0;19;West Bromwich;17;3;7;7;18;23;-5;16;9;2;3;4;11;12;-1;9;8;1;4;3;7;11;-4;7;1.53;4.33;7;1;1;D
18;26/12/2013;West Ham;17;3;5;9;14;22;-8;14;8;2;2;4;8;10;-2;8;9;1;3;5;6;12;-6;6;Arsenal;17;11;3;3;33;17;16;36;9;6;2;1;16;6;10;20;8;5;1;2;17;11;6;16;6.5;4;1.62;1;3;A
19;28/12/2013;Aston Villa;18;5;4;9;17;24;-7;19;9;2;1;6;6;13;-7;7;9;3;3;3;11;11;0;12;Swansea;18;5;5;8;23;24;-1;20;9;2;4;3;16;14;2;10;9;3;1;5;7;10;-3;10;3;3.3;2.55;1;1;D
19;28/12/2013;Cardiff;18;4;5;9;13;28;-15;17;9;3;2;4;8;13;-5;11;9;1;3;5;5;15;-10;6;Sunderland;18;3;4;11;13;30;-17;13;9;2;1;6;10;16;-6;7;9;1;3;5;3;14;-11;6;2.38;3.25;3.4;2;2;D
19;28/12/2013;Hull;18;5;5;8;16;23;-7;20;9;4;3;2;9;6;3;15;9;1;2;6;7;17;-10;5;Fulham;18;5;1;12;19;35;-16;16;9;2;1;6;11;17;-6;7;9;3;0;6;8;18;-10;9;2.05;3.4;4.1;6;0;H
19;28/12/2013;Man City;18;12;2;4;53;21;32;38;9;9;0;0;37;6;31;27;9;3;2;4;16;15;1;11;Crystal Palace;18;5;1;12;12;27;-15;16;9;3;1;5;7;13;-6;10;9;2;0;7;5;14;-9;6;1.13;9.5;29;1;0;H
19;28/12/2013;Norwich;18;5;4;9;16;31;-15;19;9;3;3;3;10;10;0;12;9;2;1;6;6;21;-15;7;Man Utd;18;9;4;5;31;22;9;31;9;4;2;3;11;8;3;14;9;5;2;2;20;14;6;17;6.5;4.2;1.57;0;1;A
19;28/12/2013;West Ham;18;3;5;10;15;25;-10;14;9;2;2;5;9;13;-4;8;9;1;3;5;6;12;-6;6;West Bromwich;18;3;8;7;19;24;-5;17;9;2;3;4;11;12;-1;9;9;1;5;3;8;12;-4;8;2.38;3.4;3.25;3;3;D
19;29/12/2013;Chelsea;18;11;4;3;33;18;15;37;9;8;1;0;20;7;13;25;9;3;3;3;13;11;2;12;Liverpool;18;11;3;4;43;21;22;36;9;8;0;1;25;6;19;24;9;3;3;3;18;15;3;12;2.2;3.5;3.5;2;1;H
19;29/12/2013;Everton;18;9;7;2;29;17;12;34;9;5;3;1;17;8;9;18;9;4;4;1;12;9;3;16;Southampton;18;7;6;5;25;18;7;27;9;4;3;2;16;9;7;15;9;3;3;3;9;9;0;12;1.83;3.7;4.75;2;1;H
19;29/12/2013;Newcastle;18;10;3;5;29;23;6;33;9;5;3;1;17;9;8;18;9;5;0;4;12;14;-2;15;Arsenal;18;12;3;3;36;18;18;39;9;6;2;1;16;6;10;20;9;6;1;2;20;12;8;19;4;3.7;2;0;1;A
19;29/12/2013;Tottenham;18;9;4;5;19;24;-5;31;9;3;3;3;8;13;-5;12;9;6;1;2;11;11;0;19;Stoke;18;5;6;7;18;26;-8;21;9;4;4;1;10;6;4;16;9;1;2;6;8;20;-12;5;1.44;4.33;8;3;0;H
20;01/01/2014;Arsenal;19;13;3;3;37;18;19;42;9;6;2;1;16;6;10;20;10;7;1;2;21;12;9;22;Cardiff;19;4;6;9;15;30;-15;18;10;3;3;4;10;15;-5;12;9;1;3;5;5;15;-10;6;1.29;6;13;2;0;H
20;01/01/2014;Crystal Palace;19;5;1;13;12;28;-16;16;9;3;1;5;7;13;-6;10;10;2;0;8;5;15;-10;6;Norwich;19;5;4;10;16;32;-16;19;10;3;3;4;10;11;-1;12;9;2;1;6;6;21;-15;7;2.38;3.3;3.3;1;1;D
20;01/01/2014;Fulham;19;5;1;13;19;41;-22;16;9;2;1;6;11;17;-6;7;10;3;0;7;8;24;-16;9;West Ham;19;3;6;10;18;28;-10;15;10;2;3;5;12;16;-4;9;9;1;3;5;6;12;-6;6;2.5;3.3;3.1;2;1;H
20;01/01/2014;Liverpool;19;11;3;5;44;23;21;36;9;8;0;1;25;6;19;24;10;3;3;4;19;17;2;12;Hull;19;6;5;8;22;23;-1;23;10;5;3;2;15;6;9;18;9;1;2;6;7;17;-10;5;1.3;6;11;2;0;H
20;01/01/2014;Man Utd;19;10;4;5;32;22;10;34;9;4;2;3;11;8;3;14;10;6;2;2;21;14;7;20;Tottenham;19;10;4;5;22;24;-2;34;10;4;3;3;11;13;-2;15;9;6;1;2;11;11;0;19;1.8;3.8;4.75;1;2;A
20;01/01/2014;Southampton;19;7;6;6;26;20;6;27;9;4;3;2;16;9;7;15;10;3;3;4;10;11;-1;12;Chelsea;19;12;4;3;35;19;16;40;10;9;1;0;22;8;14;28;9;3;3;3;13;11;2;12;4;3.5;2.05;0;3;A
20;01/01/2014;Stoke;19;5;6;8;18;29;-11;21;9;4;4;1;10;6;4;16;10;1;2;7;8;23;-15;5;Everton;19;10;7;2;31;18;13;37;10;6;3;1;19;9;10;21;9;4;4;1;12;9;3;16;4;3.3;2.1;1;1;D
20;01/01/2014;Sunderland;19;3;5;11;15;32;-17;14;9;2;1;6;10;16;-6;7;10;1;4;5;5;16;-11;7;Aston Villa;19;5;5;9;18;25;-7;20;10;2;2;6;7;14;-7;8;9;3;3;3;11;11;0;12;2.15;3.4;3.75;0;1;A
20;01/01/2014;Swansea;19;5;6;8;24;25;-1;21;9;2;4;3;16;14;2;10;10;3;2;5;8;11;-3;11;Man City;19;13;2;4;54;21;33;41;10;10;0;0;38;6;32;30;9;3;2;4;16;15;1;11;5.75;4.25;1.62;2;3;A
20;01/01/2014;West Bromwich;19;3;9;7;22;27;-5;18;9;2;3;4;11;12;-1;9;10;1;6;3;11;15;-4;9;Newcastle;19;10;3;6;29;24;5;33;10;5;3;2;17;10;7;18;9;5;0;4;12;14;-2;15;2.6;3.4;2.88;1;0;H
21;11/01/2014;Cardiff;20;4;6;10;15;32;-17;18;10;3;3;4;10;15;-5;12;10;1;3;6;5;17;-12;6;West Ham;20;3;6;11;19;30;-11;15;10;2;3;5;12;16;-4;9;10;1;3;6;7;14;-7;6;2;3.5;4.1;0;2;A
21;11/01/2014;Everton;20;10;8;2;32;19;13;38;10;6;3;1;19;9;10;21;10;4;5;1;13;10;3;17;Norwich;20;5;5;10;17;33;-16;20;10;3;3;4;10;11;-1;12;10;2;2;6;7;22;-15;8;1.4;5;9;2;0;H
21;11/01/2014;Fulham;20;6;1;13;21;42;-21;19;10;3;1;6;13;18;-5;10;10;3;0;7;8;24;-16;9;Sunderland;20;3;5;12;15;33;-18;14;10;2;1;7;10;17;-7;7;10;1;4;5;5;16;-11;7;2.2;3.3;3.75;1;4;A
21;11/01/2014;Hull;20;6;5;9;22;25;-3;23;10;5;3;2;15;6;9;18;10;1;2;7;7;19;-12;5;Chelsea;20;13;4;3;38;19;19;43;10;9;1;0;22;8;14;28;10;4;3;3;16;11;5;15;6.5;4;1.6;0;2;A
21;11/01/2014;Man Utd;20;10;4;6;33;24;9;34;10;4;2;4;12;10;2;14;10;6;2;2;21;14;7;20;Swansea;20;5;6;9;26;28;-2;21;10;2;4;4;18;17;1;10;10;3;2;5;8;11;-3;11;1.57;4;7;2;0;H
21;11/01/2014;Southampton;20;7;6;7;26;23;3;27;10;4;3;3;16;12;4;15;10;3;3;4;10;11;-1;12;West Bromwich;20;4;9;7;23;27;-4;21;10;3;3;4;12;12;0;12;10;1;6;3;11;15;-4;9;1.83;3.7;4.75;1;0;H
21;11/01/2014;Tottenham;20;11;4;5;24;25;-1;37;10;4;3;3;11;13;-2;15;10;7;1;2;13;12;1;22;Crystal Palace;20;5;2;13;13;29;-16;17;10;3;2;5;8;14;-6;11;10;2;0;8;5;15;-10;6;1.36;5;10;2;0;H
21;12/01/2014;Newcastle;20;10;3;7;29;25;4;33;10;5;3;2;17;10;7;18;10;5;0;5;12;15;-3;15;Man City;20;14;2;4;57;23;34;44;10;10;0;0;38;6;32;30;10;4;2;4;19;17;2;14;5.25;4;1.7;0;2;A
21;12/01/2014;Stoke;20;5;7;8;19;30;-11;22;10;4;5;1;11;7;4;17;10;1;2;7;8;23;-15;5;Liverpool;20;12;3;5;46;23;23;39;10;9;0;1;27;6;21;27;10;3;3;4;19;17;2;12;5.75;4;1.67;3;5;A
21;13/01/2014;Aston Villa;20;6;5;9;19;25;-6;23;10;2;2;6;7;14;-7;8;10;4;3;3;12;11;1;15;Arsenal;20;14;3;3;39;18;21;45;10;7;2;1;18;6;12;23;10;7;1;2;21;12;9;22;6;4.2;1.62;1;2;A
22;18/01/2014;Arsenal;21;15;3;3;41;19;22;48;10;7;2;1;18;6;12;23;11;8;1;2;23;13;10;25;Fulham;21;6;1;14;22;46;-24;19;11;3;1;7;14;22;-8;10;10;3;0;7;8;24;-16;9;1.22;7;15;2;0;H
22;18/01/2014;Crystal Palace;21;5;2;14;13;31;-18;17;10;3;2;5;8;14;-6;11;11;2;0;9;5;17;-12;6;Stoke;21;5;7;9;22;35;-13;22;11;4;5;2;14;12;2;17;10;1;2;7;8;23;-15;5;2.35;3.2;3.5;1;0;H
22;18/01/2014;Liverpool;21;13;3;5;51;26;25;42;10;9;0;1;27;6;21;27;11;4;3;4;24;20;4;15;Aston Villa;21;6;5;10;20;27;-7;23;11;2;2;7;8;16;-8;8;10;4;3;3;12;11;1;15;1.22;7;15;2;2;D
22;18/01/2014;Man City;21;15;2;4;59;23;36;47;10;10;0;0;38;6;32;30;11;5;2;4;21;17;4;17;Cardiff;21;4;6;11;15;34;-19;18;11;3;3;5;10;17;-7;12;10;1;3;6;5;17;-12;6;1.13;11;23;4;2;H
22;18/01/2014;Norwich;21;5;5;11;17;35;-18;20;10;3;3;4;10;11;-1;12;11;2;2;7;7;24;-17;8;Hull;21;6;5;10;22;27;-5;23;11;5;3;3;15;8;7;18;10;1;2;7;7;19;-12;5;2.4;3.3;3.25;1;0;H
22;18/01/2014;Sunderland;21;4;5;12;19;34;-15;17;10;2;1;7;10;17;-7;7;11;2;4;5;9;17;-8;10;Southampton;21;8;6;7;27;23;4;30;11;5;3;3;17;12;5;18;10;3;3;4;10;11;-1;12;3.2;3.3;2.45;2;2;D
22;18/01/2014;West Ham;21;4;6;11;21;30;-9;18;10;2;3;5;12;16;-4;9;11;2;3;6;9;14;-5;9;Newcastle;21;10;3;8;29;27;2;33;11;5;3;3;17;12;5;18;10;5;0;5;12;15;-3;15;3;3.4;2.5;1;3;A
22;19/01/2014;Chelsea;21;14;4;3;40;19;21;46;10;9;1;0;22;8;14;28;11;5;3;3;18;11;7;18;Man Utd;21;11;4;6;35;24;11;37;11;5;2;4;14;10;4;17;10;6;2;2;21;14;7;20;1.73;3.8;5.5;3;1;H
22;19/01/2014;Swansea;21;5;6;10;26;30;-4;21;10;2;4;4;18;17;1;10;11;3;2;6;8;13;-5;11;Tottenham;21;12;4;5;26;25;1;40;11;5;3;3;13;13;0;18;10;7;1;2;13;12;1;22;3.25;3.4;2.38;1;3;A
22;20/01/2014;West Bromwich;21;4;9;8;23;28;-5;21;10;3;3;4;12;12;0;12;11;1;6;4;11;16;-5;9;Everton;21;11;8;2;34;19;15;41;11;7;3;1;21;9;12;24;10;4;5;1;13;10;3;17;3.5;3.4;2.25;1;1;D
23;28/01/2014;Crystal Palace;22;6;2;14;14;31;-17;20;11;4;2;5;9;14;-5;14;11;2;0;9;5;17;-12;6;Hull;22;6;5;11;22;28;-6;23;11;5;3;3;15;8;7;18;11;1;2;8;7;20;-13;5;2.5;3.2;3.2;1;0;H
23;28/01/2014;Liverpool;22;13;4;5;53;28;25;43;11;9;1;1;29;8;21;28;11;4;3;4;24;20;4;15;Everton;22;11;9;2;35;20;15;42;11;7;3;1;21;9;12;24;11;4;6;1;14;11;3;18;1.83;3.9;4.5;4;0;H
23;28/01/2014;Man Utd;22;11;4;7;36;27;9;37;11;5;2;4;14;10;4;17;11;6;2;3;22;17;5;20;Cardiff;22;4;6;12;17;38;-21;18;11;3;3;5;10;17;-7;12;11;1;3;7;7;21;-14;6;1.25;6.5;15;2;0;H
23;28/01/2014;Norwich;22;6;5;11;18;35;-17;23;11;4;3;4;11;11;0;15;11;2;2;7;7;24;-17;8;Newcastle;22;11;3;8;32;28;4;36;11;5;3;3;17;12;5;18;11;6;0;5;15;16;-1;18;2.7;3.4;2.8;0;0;D
23;28/01/2014;Southampton;22;8;7;7;29;25;4;31;11;5;3;3;17;12;5;18;11;3;4;4;12;13;-1;13;Arsenal;22;16;3;3;43;19;24;51;11;8;2;1;20;6;14;26;11;8;1;2;23;13;10;25;4.33;3.5;1.95;2;2;D
23;28/01/2014;Swansea;22;5;6;11;27;33;-6;21;11;2;4;5;19;20;-1;10;11;3;2;6;8;13;-5;11;Fulham;22;6;1;15;22;48;-26;19;11;3;1;7;14;22;-8;10;11;3;0;8;8;26;-18;9;1.75;3.75;5.25;2;0;H
23;29/01/2014;Aston Villa;22;6;6;10;22;29;-7;24;11;2;2;7;8;16;-8;8;11;4;4;3;14;13;1;16;West Bromwich;22;4;10;8;24;29;-5;22;11;3;4;4;13;13;0;13;11;1;6;4;11;16;-5;9;2.6;3.3;3;4;3;H
23;29/01/2014;Chelsea;22;15;4;3;43;20;23;49;11;10;1;0;25;9;16;31;11;5;3;3;18;11;7;18;West Ham;22;4;6;12;22;33;-11;18;11;2;3;6;13;19;-6;9;11;2;3;6;9;14;-5;9;1.18;8;19;0;0;D
23;29/01/2014;Sunderland;22;4;6;12;21;36;-15;18;11;2;2;7;12;19;-7;8;11;2;4;5;9;17;-8;10;Stoke;22;5;7;10;22;36;-14;22;11;4;5;2;14;12;2;17;11;1;2;8;8;24;-16;5;2.1;3.4;3.9;1;0;H
23;29/01/2014;Tottenham;22;13;4;5;29;26;3;43;11;5;3;3;13;13;0;18;11;8;1;2;16;13;3;25;Man City;22;16;2;4;63;25;38;50;11;11;0;0;42;8;34;33;11;5;2;4;21;17;4;17;3.75;3.75;2.05;1;5;A
24;01/02/2014;Cardiff;23;4;6;13;17;40;-23;18;11;3;3;5;10;17;-7;12;12;1;3;8;7;23;-16;6;Norwich;23;6;6;11;18;35;-17;24;12;4;4;4;11;11;0;16;11;2;2;7;7;24;-17;8;2.3;3.4;3.4;2;1;H
24;01/02/2014;Everton;23;11;9;3;35;24;11;42;11;7;3;1;21;9;12;24;12;4;6;2;14;15;-1;18;Aston Villa;23;7;6;10;26;32;-6;27;12;3;2;7;12;19;-7;11;11;4;4;3;14;13;1;16;1.53;4.33;7;2;1;H
24;01/02/2014;Fulham;23;6;1;16;22;50;-28;19;11;3;1;7;14;22;-8;10;12;3;0;9;8;28;-20;9;Southampton;23;8;8;7;31;27;4;32;12;5;4;3;19;14;5;19;11;3;4;4;12;13;-1;13;3.6;3.4;2.2;0;3;A
24;01/02/2014;Hull;23;6;5;12;22;29;-7;23;11;5;3;3;15;8;7;18;12;1;2;9;7;21;-14;5;Tottenham;23;13;4;6;30;31;-1;43;12;5;3;4;14;18;-4;18;11;8;1;2;16;13;3;25;4;3.5;2.05;1;1;D
24;01/02/2014;Newcastle;23;11;4;8;32;28;4;37;11;5;3;3;17;12;5;18;12;6;1;5;15;16;-1;19;Sunderland;23;5;6;12;22;36;-14;21;12;3;2;7;13;19;-6;11;11;2;4;5;9;17;-8;10;1.95;3.5;4.33;0;3;A
24;01/02/2014;Stoke;23;5;7;11;22;37;-15;22;11;4;5;2;14;12;2;17;12;1;2;9;8;25;-17;5;Man Utd;23;12;4;7;38;27;11;40;12;6;2;4;16;10;6;20;11;6;2;3;22;17;5;20;7;4;1.57;2;1;H
24;01/02/2014;West Ham;23;4;7;12;22;33;-11;19;11;2;3;6;13;19;-6;9;12;2;4;6;9;14;-5;10;Swansea;23;6;6;11;29;33;-4;24;12;3;4;5;21;20;1;13;11;3;2;6;8;13;-5;11;2.9;3.4;2.6;2;0;H
24;02/02/2014;Arsenal;23;16;4;3;45;21;24;52;11;8;2;1;20;6;14;26;12;8;2;2;25;15;10;26;Crystal Palace;23;7;2;14;15;31;-16;23;12;5;2;5;10;14;-4;17;11;2;0;9;5;17;-12;6;1.22;7;16;2;0;H
24;02/02/2014;West Bromwich;23;4;10;9;27;33;-6;22;11;3;4;4;13;13;0;13;12;1;6;5;14;20;-6;9;Liverpool;23;14;4;5;57;28;29;46;12;10;1;1;33;8;25;31;11;4;3;4;24;20;4;15;5.75;4.33;1.62;1;1;D
24;03/02/2014;Man City;23;17;2;4;68;26;42;53;11;11;0;0;42;8;34;33;12;6;2;4;26;18;8;20;Chelsea;23;15;5;3;43;20;23;50;12;10;2;0;25;9;16;32;11;5;3;3;18;11;7;18;1.85;3.8;4.5;0;1;A
25;08/02/2014;Aston Villa;24;7;6;11;27;34;-7;27;12;3;2;7;12;19;-7;11;12;4;4;4;15;15;0;16;West Ham;24;5;7;12;24;33;-9;22;12;3;3;6;15;19;-4;12;12;2;4;6;9;14;-5;10;2.1;3.5;3.8;0;2;A
25;08/02/2014;Chelsea;24;16;5;3;44;20;24;53;12;10;2;0;25;9;16;32;12;6;3;3;19;11;8;21;Newcastle;24;11;4;9;32;31;1;37;12;5;3;4;17;15;2;18;12;6;1;5;15;16;-1;19;1.25;6.25;15;3;0;H
25;08/02/2014;Crystal Palace;24;7;2;15;15;33;-18;23;12;5;2;5;10;14;-4;17;12;2;0;10;5;19;-14;6;West Bromwich;24;4;11;9;28;34;-6;23;12;3;5;4;14;14;0;14;12;1;6;5;14;20;-6;9;2.6;3.3;3;3;1;H
25;08/02/2014;Liverpool;24;14;5;5;58;29;29;47;12;10;1;1;33;8;25;31;12;4;4;4;25;21;4;16;Arsenal;24;17;4;3;47;21;26;55;12;9;2;1;22;6;16;29;12;8;2;2;25;15;10;26;2.2;3.6;3.4;5;1;H
25;08/02/2014;Norwich;24;6;6;12;19;37;-18;24;12;4;4;4;11;11;0;16;12;2;2;8;8;26;-18;8;Man City;24;17;2;5;68;27;41;53;12;11;0;1;42;9;33;33;12;6;2;4;26;18;8;20;9;5.5;1.36;0;0;D
25;08/02/2014;Southampton;24;9;8;7;34;27;7;35;12;5;4;3;19;14;5;19;12;4;4;4;15;13;2;16;Stoke;24;6;7;11;24;38;-14;25;12;5;5;2;16;13;3;20;12;1;2;9;8;25;-17;5;1.55;4;7.5;2;2;D
25;08/02/2014;Sunderland;24;6;6;12;25;36;-11;24;12;3;2;7;13;19;-6;11;12;3;4;5;12;17;-5;13;Hull;24;6;6;12;23;30;-7;24;12;5;4;3;16;9;7;19;12;1;2;9;7;21;-14;5;2.15;3.4;3.8;0;2;A
25;08/02/2014;Swansea;24;6;6;12;29;35;-6;24;12;3;4;5;21;20;1;13;12;3;2;7;8;15;-7;11;Cardiff;24;5;6;13;19;41;-22;21;12;4;3;5;12;18;-6;15;12;1;3;8;7;23;-16;6;1.85;3.6;4.75;3;0;H
25;09/02/2014;Man Utd;24;12;4;8;39;29;10;40;12;6;2;4;16;10;6;20;12;6;2;4;23;19;4;20;Fulham;24;6;1;17;22;53;-31;19;12;3;1;8;14;25;-11;10;12;3;0;9;8;28;-20;9;1.2;7;19;2;2;D
25;09/02/2014;Tottenham;24;13;5;6;31;32;-1;44;12;5;3;4;14;18;-4;18;12;8;2;2;17;14;3;26;Everton;24;12;9;3;37;25;12;45;12;8;3;1;23;10;13;27;12;4;6;2;14;15;-1;18;2.1;3.5;3.75;1;0;H
26;11/02/2014;Cardiff;25;5;6;14;19;44;-25;21;12;4;3;5;12;18;-6;15;13;1;3;9;7;26;-19;6;Aston Villa;25;7;6;12;27;36;-9;27;13;3;2;8;12;21;-9;11;12;4;4;4;15;15;0;16;2.5;3.4;3;0;0;D
26;11/02/2014;Hull;25;7;6;12;25;30;-5;27;12;5;4;3;16;9;7;19;13;2;2;9;9;21;-12;8;Southampton;25;9;9;7;36;29;7;36;13;5;5;3;21;16;5;20;12;4;4;4;15;13;2;16;3;3.25;2.6;0;1;A
26;11/02/2014;West Bromwich;25;4;11;10;29;37;-8;23;12;3;5;4;14;14;0;14;13;1;6;6;15;23;-8;9;Chelsea;25;17;5;3;47;20;27;56;13;11;2;0;28;9;19;35;12;6;3;3;19;11;8;21;7.5;4.5;1.5;1;1;D
26;11/02/2014;West Ham;25;6;7;12;26;33;-7;25;12;3;3;6;15;19;-4;12;13;3;4;6;11;14;-3;13;Norwich;25;6;7;12;19;37;-18;25;13;4;5;4;11;11;0;17;12;2;2;8;8;26;-18;8;2.05;3.5;4;2;0;H
26;12/02/2014;Arsenal;25;17;4;4;48;26;22;55;12;9;2;1;22;6;16;29;13;8;2;3;26;20;6;26;Man Utd;25;12;5;8;41;31;10;41;13;6;3;4;18;12;6;21;12;6;2;4;23;19;4;20;2.15;3.5;3.6;0;0;D
26;12/02/2014;Fulham;25;6;2;17;24;55;-31;20;12;3;1;8;14;25;-11;10;13;3;1;9;10;30;-20;10;Liverpool;25;15;5;5;63;30;33;50;13;11;1;1;38;9;29;34;12;4;4;4;25;21;4;16;8;5.25;1.4;2;3;A
26;12/02/2014;Newcastle;25;11;4;10;32;34;-2;37;12;5;3;4;17;15;2;18;13;6;1;6;15;19;-4;19;Tottenham;25;14;5;6;32;32;0;47;13;6;3;4;15;18;-3;21;12;8;2;2;17;14;3;26;3.3;3.5;2.3;0;4;A
26;12/02/2014;Stoke;25;6;8;11;26;40;-14;26;12;5;5;2;16;13;3;20;13;1;3;9;10;27;-17;6;Swansea;25;7;6;12;32;35;-3;27;13;4;4;5;24;20;4;16;12;3;2;7;8;15;-7;11;2.7;3.25;2.9;1;1;D
27;22/02/2014;Arsenal;26;17;5;4;48;26;22;56;13;9;3;1;22;6;16;30;13;8;2;3;26;20;6;26;Sunderland;26;6;7;13;27;40;-13;25;13;3;2;8;13;21;-8;11;13;3;5;5;14;19;-5;14;1.33;5.5;11;4;1;H
27;22/02/2014;Cardiff;26;5;7;14;19;44;-25;22;13;4;4;5;12;18;-6;16;13;1;3;9;7;26;-19;6;Hull;26;7;6;13;25;31;-6;27;13;5;4;4;16;10;6;19;13;2;2;9;9;21;-12;8;2.75;3.2;2.88;0;4;A
27;22/02/2014;Chelsea;26;17;6;3;48;21;27;57;13;11;2;0;28;9;19;35;13;6;4;3;20;12;8;22;Everton;26;12;9;5;39;29;10;45;13;8;3;2;25;13;12;27;13;4;6;3;14;16;-2;18;1.57;4;7;1;0;H
27;22/02/2014;Crystal Palace;26;9;2;15;21;36;-15;29;13;6;2;5;13;15;-2;20;13;3;0;10;8;21;-13;9;Man Utd;26;12;6;8;41;31;10;42;13;6;3;4;18;12;6;21;13;6;3;4;23;19;4;21;6.5;4;1.6;0;2;A
27;22/02/2014;Man City;26;17;4;5;70;29;41;55;13;11;1;1;44;11;33;34;13;6;3;4;26;18;8;21;Stoke;26;6;9;11;27;41;-14;27;13;5;6;2;17;14;3;21;13;1;3;9;10;27;-17;6;1.18;8;19;1;0;H
27;22/02/2014;West Bromwich;26;4;12;10;30;38;-8;24;13;3;6;4;15;15;0;15;13;1;6;6;15;23;-8;9;Fulham;26;6;2;18;26;58;-32;20;13;3;1;9;16;28;-12;10;13;3;1;9;10;30;-20;10;1.8;3.9;4.75;1;1;D
27;22/02/2014;West Ham;26;7;7;12;28;33;-5;28;13;4;3;6;17;19;-2;15;13;3;4;6;11;14;-3;13;Southampton;26;10;9;7;37;29;8;39;13;5;5;3;21;16;5;20;13;5;4;4;16;13;3;19;3.2;3.4;2.4;3;1;H
27;23/02/2014;Liverpool;26;16;5;5;66;32;34;53;13;11;1;1;38;9;29;34;13;5;4;4;28;23;5;19;Swansea;26;7;7;12;33;36;-3;28;13;4;4;5;24;20;4;16;13;3;3;7;9;16;-7;12;1.3;5.75;12;4;3;H
27;23/02/2014;Newcastle;26;11;4;11;32;38;-6;37;13;5;3;5;17;19;-2;18;13;6;1;6;15;19;-4;19;Aston Villa;26;7;7;12;27;36;-9;28;13;3;2;8;12;21;-9;11;13;4;5;4;15;15;0;17;2.1;3.4;3.9;1;0;H
27;23/02/2014;Norwich;26;6;7;13;19;39;-20;25;13;4;5;4;11;11;0;17;13;2;2;9;8;28;-20;8;Tottenham;26;15;5;6;36;32;4;50;13;6;3;4;15;18;-3;21;13;9;2;2;21;14;7;29;3.8;3.5;2.1;1;0;H
28;01/03/2014;Everton;27;12;9;6;39;30;9;45;13;8;3;2;25;13;12;27;14;4;6;4;14;17;-3;18;West Ham;27;8;7;12;31;34;-3;31;14;5;3;6;20;20;0;18;13;3;4;6;11;14;-3;13;1.53;4.2;7.5;1;0;H
28;01/03/2014;Fulham;27;6;3;18;27;59;-32;21;13;3;1;9;16;28;-12;10;14;3;2;9;11;31;-20;11;Chelsea;27;18;6;3;49;21;28;60;14;12;2;0;29;9;20;38;13;6;4;3;20;12;8;22;8;4.75;1.45;1;3;A
28;01/03/2014;Hull;27;8;6;13;29;31;-2;30;13;5;4;4;16;10;6;19;14;3;2;9;13;21;-8;11;Newcastle;27;12;4;11;33;38;-5;40;14;6;3;5;18;19;-1;21;13;6;1;6;15;19;-4;19;2.45;3.2;3.3;1;4;A
28;01/03/2014;Southampton;27;10;9;8;38;32;6;39;13;5;5;3;21;16;5;20;14;5;4;5;17;16;1;19;Liverpool;27;17;5;5;70;35;35;56;14;12;1;1;42;12;30;37;13;5;4;4;28;23;5;19;3.75;3.75;2.05;0;3;A
28;01/03/2014;Stoke;27;6;9;12;27;42;-15;27;13;5;6;2;17;14;3;21;14;1;3;10;10;28;-18;6;Arsenal;27;18;5;4;52;27;25;59;14;10;3;1;26;7;19;33;13;8;2;3;26;20;6;26;5.5;3.8;1.73;1;0;H
28;02/03/2014;Aston Villa;27;7;7;13;27;37;-10;28;13;3;2;8;12;21;-9;11;14;4;5;5;15;16;-1;17;Norwich;27;7;7;13;20;39;-19;28;14;5;5;4;12;11;1;20;13;2;2;9;8;28;-20;8;2.1;3.4;3.9;4;1;H
28;02/03/2014;Swansea;27;7;7;13;36;40;-4;28;13;4;4;5;24;20;4;16;14;3;3;8;12;20;-8;12;Crystal Palace;27;9;2;16;21;38;-17;29;14;6;2;6;13;17;-4;20;13;3;0;10;8;21;-13;9;1.85;3.5;5;1;1;D
28;02/03/2014;Tottenham;27;15;5;7;36;33;3;50;13;6;3;4;15;18;-3;21;14;9;2;3;21;15;6;29;Cardiff;27;5;7;15;19;48;-29;22;14;4;4;6;12;22;-10;16;13;1;3;9;7;26;-19;6;1.33;5.25;12;1;0;H
29;08/03/2014;Cardiff;28;5;7;16;19;49;-30;22;14;4;4;6;12;22;-10;16;14;1;3;10;7;27;-20;6;Fulham;28;6;3;19;28;62;-34;21;14;3;1;10;17;31;-14;10;14;3;2;9;11;31;-20;11;2.35;3.5;3.2;3;1;H
29;08/03/2014;Chelsea;28;19;6;3;52;22;30;63;14;12;2;0;29;9;20;38;14;7;4;3;23;13;10;25;Tottenham;28;16;5;7;37;33;4;53;14;7;3;4;16;18;-2;24;14;9;2;3;21;15;6;29;1.57;4;7;4;0;H
29;08/03/2014;Crystal Palace;28;9;3;16;22;39;-17;30;14;6;2;6;13;17;-4;20;14;3;1;10;9;22;-13;10;Southampton;28;10;9;9;38;35;3;39;14;5;5;4;21;19;2;20;14;5;4;5;17;16;1;19;3.9;3.3;2.15;0;1;A
29;08/03/2014;Norwich;28;7;7;14;21;43;-22;28;14;5;5;4;12;11;1;20;14;2;2;10;9;32;-23;8;Stoke;28;7;9;12;28;42;-14;30;14;6;6;2;18;14;4;24;14;1;3;10;10;28;-18;6;2.25;3.3;3.6;1;1;D
29;08/03/2014;West Bromwich;28;4;13;11;31;41;-10;25;14;3;7;4;16;16;0;16;14;1;6;7;15;25;-10;9;Man Utd;28;13;6;9;43;34;9;45;14;6;3;5;18;15;3;21;14;7;3;4;25;19;6;24;5;3.6;1.83;0;3;A
29;25/03/2014;Arsenal;28;18;5;5;52;28;24;59;14;10;3;1;26;7;19;33;14;8;2;4;26;21;5;26;Swansea;28;7;8;13;37;41;-4;29;14;4;5;5;25;21;4;17;14;3;3;8;12;20;-8;12;1.57;4.2;6.5;2;2;D
29;25/03/2014;Newcastle;28;13;4;11;37;39;-2;43;14;6;3;5;18;19;-1;21;14;7;1;6;19;20;-1;22;Everton;28;13;9;6;40;30;10;48;14;9;3;2;26;13;13;30;14;4;6;4;14;17;-3;18;3.5;3.4;2.25;0;3;A
29;26/03/2014;Liverpool;28;18;5;5;73;35;38;59;14;12;1;1;42;12;30;37;14;6;4;4;31;23;8;22;Sunderland;28;7;7;14;30;44;-14;28;14;4;2;8;15;21;-6;14;14;3;5;6;15;23;-8;14;1.17;9;19;2;1;H
29;26/03/2014;West Ham;28;8;7;13;31;35;-4;31;14;5;3;6;20;20;0;18;14;3;4;7;11;15;-4;13;Hull;28;8;6;14;30;35;-5;30;14;5;4;5;17;14;3;19;14;3;2;9;13;21;-8;11;2.4;3.3;3.3;2;1;H
30;15/03/2014;Aston Villa;29;8;7;14;31;42;-11;31;14;4;2;8;16;22;-6;14;15;4;5;6;15;20;-5;17;Chelsea;29;20;6;3;56;22;34;66;15;13;2;0;33;9;24;41;14;7;4;3;23;13;10;25;7;4.33;1.53;1;0;H
30;15/03/2014;Everton;29;14;9;6;43;30;13;51;14;9;3;2;26;13;13;30;15;5;6;4;17;17;0;21;Cardiff;29;6;7;16;22;50;-28;25;15;5;4;6;15;23;-8;19;14;1;3;10;7;27;-20;6;1.36;5;11;2;1;H
30;15/03/2014;Fulham;29;6;3;20;29;65;-36;21;14;3;1;10;17;31;-14;10;15;3;2;10;12;34;-22;11;Newcastle;29;13;4;12;37;42;-5;43;15;6;3;6;18;22;-4;21;14;7;1;6;19;20;-1;22;2.9;3.4;2.6;1;0;H
30;15/03/2014;Hull;29;8;6;15;31;37;-6;30;14;5;4;5;17;14;3;19;15;3;2;10;14;23;-9;11;Man City;29;20;4;5;78;29;49;64;15;13;1;1;49;11;38;40;14;7;3;4;29;18;11;24;6.5;4.33;1.57;0;2;A
30;15/03/2014;Southampton;29;11;9;9;39;35;4;42;14;5;5;4;21;19;2;20;15;6;4;5;18;16;2;22;Norwich;29;7;8;14;22;44;-22;29;15;5;6;4;13;12;1;21;14;2;2;10;9;32;-23;8;1.62;4;6.5;4;2;H
30;15/03/2014;Stoke;29;7;10;12;29;43;-14;31;14;6;6;2;18;14;4;24;15;1;4;10;11;29;-18;7;West Ham;29;9;7;13;33;36;-3;34;15;6;3;6;22;21;1;21;14;3;4;7;11;15;-4;13;2.25;3.3;3.6;3;1;H
30;15/03/2014;Sunderland;29;7;7;15;31;46;-15;28;14;4;2;8;15;21;-6;14;15;3;5;7;16;25;-9;14;Crystal Palace;29;9;3;17;22;40;-18;30;15;6;2;7;13;18;-5;20;14;3;1;10;9;22;-13;10;2.15;3.3;3.9;0;0;D
30;15/03/2014;Swansea;29;7;9;13;39;43;-4;30;14;4;5;5;25;21;4;17;15;3;4;8;14;22;-8;13;West Bromwich;29;4;13;12;31;44;-13;25;15;3;7;5;16;19;-3;16;14;1;6;7;15;25;-10;9;1.95;3.6;4.33;1;2;A
30;16/03/2014;Man Utd;29;14;6;9;46;34;12;48;14;6;3;5;18;15;3;21;15;8;3;4;28;19;9;27;Liverpool;29;19;5;5;75;36;39;62;15;13;1;1;44;13;31;40;14;6;4;4;31;23;8;22;2.5;3.6;2.9;0;3;A
30;16/03/2014;Tottenham;29;16;5;8;37;37;0;53;14;7;3;4;16;18;-2;24;15;9;2;4;21;19;2;29;Arsenal;29;18;6;5;54;30;24;60;15;10;4;1;28;9;19;34;14;8;2;4;26;21;5;26;3.1;3.4;2.45;0;1;A
31;22/03/2014;Cardiff;30;6;7;17;23;52;-29;25;15;5;4;6;15;23;-8;19;15;1;3;11;8;29;-21;6;Liverpool;30;20;5;5;78;36;42;65;15;13;1;1;44;13;31;40;15;7;4;4;34;23;11;25;9.5;5.25;1.36;3;6;A
31;22/03/2014;Chelsea;30;20;6;4;56;23;33;66;15;13;2;0;33;9;24;41;15;7;4;4;23;14;9;25;Arsenal;30;19;6;5;55;30;25;63;15;10;4;1;28;9;19;34;15;9;2;4;27;21;6;29;1.85;3.6;4.75;6;0;H
31;22/03/2014;Everton;30;15;9;6;45;31;14;54;15;10;3;2;28;14;14;33;15;5;6;4;17;17;0;21;Swansea;30;7;9;14;40;45;-5;30;15;4;5;6;26;23;3;17;15;3;4;8;14;22;-8;13;1.67;3.9;6;3;2;H
31;22/03/2014;Hull;30;8;6;16;31;39;-8;30;15;5;4;6;17;16;1;19;15;3;2;10;14;23;-9;11;West Bromwich;30;5;13;12;33;45;-12;28;15;3;7;5;16;19;-3;16;15;2;6;7;17;26;-9;12;2.25;3.3;3.6;2;0;H
31;22/03/2014;Man City;30;21;4;5;80;29;51;67;15;13;1;1;49;11;38;40;15;8;3;4;31;18;13;27;Fulham;30;7;3;20;30;65;-35;24;15;4;1;10;18;31;-13;13;15;3;2;10;12;34;-22;11;1.17;9;17;5;0;H
31;22/03/2014;Newcastle;30;13;4;13;37;43;-6;43;15;6;3;6;18;22;-4;21;15;7;1;7;19;21;-2;22;Crystal Palace;30;9;4;17;22;40;-18;31;15;6;2;7;13;18;-5;20;15;3;2;10;9;22;-13;11;1.85;3.6;4.75;1;0;H
31;22/03/2014;Norwich;30;7;8;15;24;48;-24;29;15;5;6;4;13;12;1;21;15;2;2;11;11;36;-25;8;Sunderland;30;7;8;15;31;46;-15;29;15;4;3;8;15;21;-6;15;15;3;5;7;16;25;-9;14;2.2;3.3;3.75;2;0;H
31;22/03/2014;West Ham;30;9;7;14;34;39;-5;34;15;6;3;6;22;21;1;21;15;3;4;8;12;18;-6;13;Man Utd;30;14;6;10;46;37;9;48;15;6;3;6;18;18;0;21;15;8;3;4;28;19;9;27;4.5;3.6;1.91;0;2;A
31;23/03/2014;Aston Villa;30;9;7;14;32;42;-10;34;15;5;2;8;17;22;-5;17;15;4;5;6;15;20;-5;17;Stoke;30;8;10;12;32;44;-12;34;15;7;6;2;21;15;6;27;15;1;4;10;11;29;-18;7;2.2;3.3;3.75;1;4;A
31;23/03/2014;Tottenham;30;16;5;9;37;38;-1;53;15;7;3;5;16;19;-3;24;15;9;2;4;21;19;2;29;Southampton;30;12;9;9;43;37;6;45;15;6;5;4;25;21;4;23;15;6;4;5;18;16;2;22;2.25;3.4;3.5;3;2;H
32;29/03/2014;Arsenal;31;19;6;6;55;36;19;63;15;10;4;1;28;9;19;34;16;9;2;5;27;27;0;29;Man City;31;22;4;5;85;29;56;70;16;14;1;1;54;11;43;43;15;8;3;4;31;18;13;27;3.6;3.5;2.15;1;1;D
32;29/03/2014;Crystal Palace;31;9;4;18;22;41;-19;31;15;6;2;7;13;18;-5;20;16;3;2;11;9;23;-14;11;Chelsea;31;21;6;4;62;23;39;69;16;14;2;0;39;9;30;44;15;7;4;4;23;14;9;25;10;4.75;1.4;1;0;H
32;29/03/2014;Man Utd;31;15;6;10;48;37;11;51;15;6;3;6;18;18;0;21;16;9;3;4;30;19;11;30;Aston Villa;31;9;7;15;33;46;-13;34;16;5;2;9;18;26;-8;17;15;4;5;6;15;20;-5;17;1.45;4.75;8;4;1;H
32;29/03/2014;Southampton;31;12;9;10;45;40;5;45;15;6;5;4;25;21;4;23;16;6;4;6;20;19;1;22;Newcastle;31;14;4;13;38;43;-5;46;16;7;3;6;19;22;-3;24;15;7;1;7;19;21;-2;22;1.75;3.8;5.25;4;0;H
32;29/03/2014;Stoke;31;9;10;12;36;45;-9;37;15;7;6;2;21;15;6;27;16;2;4;10;15;30;-15;10;Hull;31;9;6;16;33;39;-6;33;16;6;4;6;19;16;3;22;15;3;2;10;14;23;-9;11;2.15;3.3;3.9;1;0;H
32;29/03/2014;Swansea;31;7;9;15;42;48;-6;30;15;4;5;6;26;23;3;17;16;3;4;9;16;25;-9;13;Norwich;31;8;8;15;26;48;-22;32;16;6;6;4;15;12;3;24;15;2;2;11;11;36;-25;8;1.73;3.9;5.25;3;0;H
32;29/03/2014;West Bromwich;31;5;13;13;33;47;-14;28;15;3;7;5;16;19;-3;16;16;2;6;8;17;28;-11;12;Cardiff;31;6;7;18;26;58;-32;25;16;5;4;7;18;29;-11;19;15;1;3;11;8;29;-21;6;1.83;3.75;4.75;3;3;D
32;30/03/2014;Fulham;31;7;3;21;30;70;-40;24;15;4;1;10;18;31;-13;13;16;3;2;11;12;39;-27;11;Everton;31;16;9;6;48;33;15;57;16;11;3;2;31;16;15;36;15;5;6;4;17;17;0;21;5;3.75;1.8;1;3;A
32;30/03/2014;Liverpool;31;21;5;5;84;39;45;68;15;13;1;1;44;13;31;40;16;8;4;4;40;26;14;28;Tottenham;31;17;5;9;40;40;0;56;16;8;3;5;19;21;-2;27;15;9;2;4;21;19;2;29;1.48;4.75;7.5;4;0;H
32;31/03/2014;Sunderland;31;7;8;16;31;48;-17;29;15;4;3;8;15;21;-6;15;16;3;5;8;16;27;-11;14;West Ham;31;9;7;15;34;41;-7;34;16;6;3;7;22;23;-1;21;15;3;4;8;12;18;-6;13;2.3;3.3;3.5;1;2;A
33;05/04/2014;Aston Villa;32;9;7;16;34;50;-16;34;16;5;2;9;18;26;-8;17;16;4;5;7;16;24;-8;17;Fulham;32;7;3;22;31;73;-42;24;16;4;1;11;19;34;-15;13;16;3;2;11;12;39;-27;11;2.05;3.5;4;1;2;A
33;05/04/2014;Cardiff;32;6;8;18;29;61;-32;26;16;5;4;7;18;29;-11;19;16;1;4;11;11;32;-21;7;Crystal Palace;32;10;4;18;23;41;-18;34;16;7;2;7;14;18;-4;23;16;3;2;11;9;23;-14;11;2.45;3.25;3.25;0;3;A
33;05/04/2014;Chelsea;32;21;6;5;62;24;38;69;16;14;2;0;39;9;30;44;16;7;4;5;23;15;8;25;Stoke;32;10;10;12;37;45;-8;40;16;8;6;2;22;15;7;30;16;2;4;10;15;30;-15;10;1.29;6;13;3;0;H
33;05/04/2014;Hull;32;9;6;17;33;40;-7;33;16;6;4;6;19;16;3;22;16;3;2;11;14;24;-10;11;Swansea;32;8;9;15;45;48;-3;33;16;5;5;6;29;23;6;20;16;3;4;9;16;25;-9;13;2.75;3.3;2.8;1;0;H
33;05/04/2014;Man City;32;22;5;5;86;30;56;71;16;14;1;1;54;11;43;43;16;8;4;4;32;19;13;28;Southampton;32;13;9;10;49;40;9;48;16;7;5;4;29;21;8;26;16;6;4;6;20;19;1;22;1.33;5.75;10;4;1;H
33;05/04/2014;Newcastle;32;14;4;14;38;47;-9;46;16;7;3;6;19;22;-3;24;16;7;1;8;19;25;-6;22;Man Utd;32;16;6;10;52;38;14;54;16;7;3;6;22;19;3;24;16;9;3;4;30;19;11;30;4.2;3.7;1.95;0;4;A
33;05/04/2014;Norwich;32;8;8;16;26;51;-25;32;16;6;6;4;15;12;3;24;16;2;2;12;11;39;-28;8;West Bromwich;32;5;14;13;36;50;-14;29;16;3;8;5;19;22;-3;17;16;2;6;8;17;28;-11;12;2.4;3.3;3.25;0;1;A
33;06/04/2014;Everton;32;17;9;6;51;34;17;60;16;11;3;2;31;16;15;36;16;6;6;4;20;18;2;24;Arsenal;32;19;7;6;56;37;19;64;16;10;5;1;29;10;19;35;16;9;2;5;27;27;0;29;2.5;3.4;3;3;0;H
33;06/04/2014;West Ham;32;10;7;15;36;42;-6;37;16;6;3;7;22;23;-1;21;16;4;4;8;14;19;-5;16;Liverpool;32;22;5;5;88;39;49;71;16;14;1;1;48;13;35;43;16;8;4;4;40;26;14;28;9;5;1.4;1;2;A
33;07/04/2014;Tottenham;32;17;5;10;40;44;-4;56;16;8;3;5;19;21;-2;27;16;9;2;5;21;23;-2;29;Sunderland;32;7;8;17;32;50;-18;29;16;4;3;9;16;23;-7;15;16;3;5;8;16;27;-11;14;1.57;4.2;6.5;5;1;H
34;12/04/2014;Crystal Palace;33;11;4;18;26;41;-15;37;16;7;2;7;14;18;-4;23;17;4;2;11;12;23;-11;14;Aston Villa;33;9;7;17;35;52;-17;34;17;5;2;10;19;28;-9;17;16;4;5;7;16;24;-8;17;2.15;3.3;3.9;1;0;H
34;12/04/2014;Fulham;33;8;3;22;33;74;-41;27;16;4;1;11;19;34;-15;13;17;4;2;11;14;40;-26;14;Norwich;33;8;8;17;26;52;-26;32;17;6;6;5;15;13;2;24;16;2;2;12;11;39;-28;8;2.15;3.5;3.6;1;0;H
34;12/04/2014;Southampton;33;13;9;11;50;44;6;48;16;7;5;4;29;21;8;26;17;6;4;7;21;23;-2;22;Cardiff;33;6;8;19;29;64;-35;26;17;5;4;8;18;32;-14;19;16;1;4;11;11;32;-21;7;1.45;4.75;8;0;1;A
34;12/04/2014;Stoke;33;10;10;13;37;48;-11;40;16;8;6;2;22;15;7;30;17;2;4;11;15;33;-18;10;Newcastle;33;14;4;15;38;51;-13;46;17;7;3;7;19;26;-7;24;16;7;1;8;19;25;-6;22;2.1;3.4;3.9;1;0;H
34;12/04/2014;Sunderland;33;7;8;18;33;55;-22;29;16;4;3;9;16;23;-7;15;17;3;5;9;17;32;-15;14;Everton;33;18;9;6;54;34;20;63;17;12;3;2;34;16;18;39;16;6;6;4;20;18;2;24;4.75;3.7;1.83;0;1;A
34;12/04/2014;West Bromwich;33;6;14;13;37;50;-13;32;16;3;8;5;19;22;-3;17;17;3;6;8;18;28;-10;15;Tottenham;33;18;5;10;45;45;0;59;17;9;3;5;24;22;2;30;16;9;2;5;21;23;-2;29;3.1;3.6;2.38;3;3;D
34;13/04/2014;Liverpool;33;23;5;5;90;40;50;74;16;14;1;1;48;13;35;43;17;9;4;4;42;27;15;31;Man City;33;23;5;5;90;31;59;74;17;15;1;1;58;12;46;46;16;8;4;4;32;19;13;28;2.45;3.7;2.9;3;2;H
34;13/04/2014;Swansea;33;8;9;16;45;49;-4;33;16;5;5;6;29;23;6;20;17;3;4;10;16;26;-10;13;Chelsea;33;22;6;5;65;24;41;72;17;15;2;0;42;9;33;47;16;7;4;5;23;15;8;25;5;3.6;1.83;0;1;A
34;15/04/2014;Arsenal;33;19;7;7;56;40;16;64;16;10;5;1;29;10;19;35;17;9;2;6;27;30;-3;29;West Ham;33;10;7;16;37;44;-7;37;17;6;3;8;23;25;-2;21;16;4;4;8;14;19;-5;16;1.4;5;9;3;1;H
35;19/04/2014;Aston Villa;34;9;7;18;35;53;-18;34;17;5;2;10;19;28;-9;17;17;4;5;8;16;25;-9;17;Southampton;34;13;9;12;50;45;5;48;17;7;5;5;29;22;7;26;17;6;4;7;21;23;-2;22;3.4;3.4;2.1;0;0;D
35;19/04/2014;Cardiff;34;7;8;19;30;64;-34;29;17;5;4;8;18;32;-14;19;17;2;4;11;12;32;-20;10;Stoke;34;11;10;13;38;48;-10;43;17;9;6;2;23;15;8;33;17;2;4;11;15;33;-18;10;2.38;3.2;3;1;1;D
35;19/04/2014;Chelsea;34;23;6;5;66;24;42;75;17;15;2;0;42;9;33;47;17;8;4;5;24;15;9;28;Sunderland;34;7;8;19;33;56;-23;29;17;4;3;10;16;24;-8;15;17;3;5;9;17;32;-15;14;1.18;7;13;1;2;A
35;19/04/2014;Newcastle;34;14;4;16;38;52;-14;46;17;7;3;7;19;26;-7;24;17;7;1;9;19;26;-7;22;Swansea;34;8;9;17;45;50;-5;33;17;5;5;7;29;24;5;20;17;3;4;10;16;26;-10;13;2.63;3.3;2.6;1;2;A
35;19/04/2014;Tottenham;34;18;6;10;48;48;0;60;17;9;3;5;24;22;2;30;17;9;3;5;24;26;-2;30;Fulham;34;9;3;22;34;74;-40;30;17;5;1;11;20;34;-14;16;17;4;2;11;14;40;-26;14;1.5;4.2;6.5;3;1;H
35;19/04/2014;West Ham;34;10;7;17;38;47;-9;37;17;6;3;8;23;25;-2;21;17;4;4;9;15;22;-7;16;Crystal Palace;34;12;4;18;27;41;-14;40;17;8;2;7;15;18;-3;26;17;4;2;11;12;23;-11;14;2.2;3.2;3.4;0;1;A
35;20/04/2014;Everton;34;19;9;6;55;34;21;66;17;12;3;2;34;16;18;39;17;7;6;4;21;18;3;27;Man Utd;34;18;6;10;59;39;20;60;17;8;3;6;25;20;5;27;17;10;3;4;34;19;15;33;2.4;3.4;2.8;2;0;H
35;20/04/2014;Hull;34;10;6;18;35;43;-8;36;17;7;4;6;20;16;4;25;17;3;2;12;15;27;-12;11;Arsenal;34;20;7;7;59;41;18;67;17;11;5;1;32;11;21;38;17;9;2;6;27;30;-3;29;4.5;3.6;1.8;0;3;A
35;20/04/2014;Norwich;34;8;8;18;26;53;-27;32;17;6;6;5;15;13;2;24;17;2;2;13;11;40;-29;8;Liverpool;34;24;5;5;93;42;51;77;17;15;1;1;51;15;36;46;17;9;4;4;42;27;15;31;8.5;5;1.33;2;3;A
35;21/04/2014;Man City;34;23;5;6;92;34;58;74;17;15;1;1;58;12;46;46;17;8;4;5;34;22;12;28;West Bromwich;34;6;15;13;40;53;-13;33;17;3;9;5;22;25;-3;18;17;3;6;8;18;28;-10;15;1.2;7;11;3;1;H
36;26/04/2014;Fulham;35;9;3;23;35;77;-42;30;17;5;1;11;20;34;-14;16;18;4;2;12;15;43;-28;14;Hull;35;10;6;19;35;46;-11;36;18;7;4;7;20;19;1;25;17;3;2;12;15;27;-12;11;2.3;3.4;3.4;2;2;D
36;26/04/2014;Man Utd;35;18;6;11;59;41;18;60;17;8;3;6;25;20;5;27;18;10;3;5;34;21;13;33;Norwich;35;8;8;19;28;56;-28;32;18;6;6;6;17;16;1;24;17;2;2;13;11;40;-29;8;1.36;5.25;9.5;4;0;H
36;26/04/2014;Southampton;35;13;10;12;50;45;5;49;17;7;5;5;29;22;7;26;18;6;5;7;21;23;-2;23;Everton;35;20;9;6;57;34;23;69;18;13;3;2;36;16;20;42;17;7;6;4;21;18;3;27;2.8;3.5;2.6;2;0;H
36;26/04/2014;Stoke;35;11;11;13;39;49;-10;44;17;9;6;2;23;15;8;33;18;2;5;11;16;34;-18;11;Tottenham;35;19;6;10;51;49;2;63;18;10;3;5;27;23;4;33;17;9;3;5;24;26;-2;30;3.2;3.4;2.38;0;1;A
36;26/04/2014;Swansea;35;9;9;17;47;51;-4;36;17;5;5;7;29;24;5;20;18;4;4;10;18;27;-9;16;Aston Villa;35;9;8;18;35;53;-18;35;18;5;3;10;19;28;-9;18;17;4;5;8;16;25;-9;17;1.7;3.75;6;4;1;H
36;26/04/2014;West Bromwich;35;6;15;14;41;56;-15;33;17;3;9;5;22;25;-3;18;18;3;6;9;19;31;-12;15;West Ham;35;10;7;18;38;48;-10;37;18;6;3;9;23;26;-3;21;17;4;4;9;15;22;-7;16;1.91;3.75;4.33;1;0;H
36;27/04/2014;Crystal Palace;35;13;4;18;28;41;-13;43;17;8;2;7;15;18;-3;26;18;5;2;11;13;23;-10;17;Man City;35;24;5;6;95;35;60;77;18;16;1;1;61;13;48;49;17;8;4;5;34;22;12;28;7.5;5;1.44;0;2;A
36;27/04/2014;Liverpool;35;25;5;5;96;44;52;80;17;15;1;1;51;15;36;46;18;10;4;4;45;29;16;34;Chelsea;35;23;6;6;67;26;41;75;18;15;2;1;43;11;32;47;17;8;4;5;24;15;9;28;1.67;4.2;5.25;0;2;A
36;27/04/2014;Sunderland;35;8;8;19;35;57;-22;32;17;4;3;10;16;24;-8;15;18;4;5;9;19;33;-14;17;Cardiff;35;7;9;19;31;65;-34;30;18;5;5;8;19;33;-14;20;17;2;4;11;12;32;-20;10;1.91;3.75;4.33;4;0;H
36;28/04/2014;Arsenal;35;21;7;7;62;41;21;70;17;11;5;1;32;11;21;38;18;10;2;6;30;30;0;32;Newcastle;35;14;4;17;39;54;-15;46;18;7;3;8;20;28;-8;24;17;7;1;9;19;26;-7;22;1.29;6;12;3;0;H
37;03/05/2014;Aston Villa;36;9;8;19;36;57;-21;35;18;5;3;10;19;28;-9;18;18;4;5;9;17;29;-12;17;Hull;36;10;7;19;37;48;-11;37;18;7;4;7;20;19;1;25;18;3;3;12;17;29;-12;12;2.5;3.3;3.1;3;1;H
37;03/05/2014;Everton;36;20;9;7;57;36;21;69;18;13;3;2;36;16;20;42;18;7;6;5;21;20;1;27;Man City;36;25;5;6;97;35;62;80;18;16;1;1;61;13;48;49;18;9;4;5;36;22;14;31;5;4;1.75;2;3;A
37;03/05/2014;Man Utd;36;19;6;11;63;41;22;63;18;9;3;6;29;20;9;30;18;10;3;5;34;21;13;33;Sunderland;36;9;8;19;39;57;-18;35;18;5;3;10;20;24;-4;18;18;4;5;9;19;33;-14;17;1.36;5.75;8.5;0;1;A
37;03/05/2014;Newcastle;36;14;4;18;39;57;-18;46;18;7;3;8;20;28;-8;24;18;7;1;10;19;29;-10;22;Cardiff;36;7;9;20;31;69;-38;30;18;5;5;8;19;33;-14;20;18;2;4;12;12;36;-24;10;2.05;3.6;3.8;3;0;H
37;03/05/2014;Stoke;36;11;11;14;39;50;-11;44;18;9;6;3;23;16;7;33;18;2;5;11;16;34;-18;11;Fulham;36;9;4;23;37;79;-42;31;18;5;2;11;22;36;-14;17;18;4;2;12;15;43;-28;14;2.3;3.6;3.25;4;1;H
37;03/05/2014;Swansea;36;10;9;17;51;52;-1;39;18;6;5;7;33;25;8;23;18;4;4;10;18;27;-9;16;Southampton;36;14;10;12;52;45;7;52;18;8;5;5;31;22;9;29;18;6;5;7;21;23;-2;23;2.5;3.4;3;0;1;A
37;03/05/2014;West Ham;36;10;7;19;38;49;-11;37;18;6;3;9;23;26;-3;21;18;4;4;10;15;23;-8;16;Tottenham;36;20;6;10;52;49;3;66;18;10;3;5;27;23;4;33;18;10;3;5;25;26;-1;33;4.33;3.75;1.91;2;0;H
37;04/05/2014;Arsenal;36;22;7;7;65;41;24;73;18;12;5;1;35;11;24;41;18;10;2;6;30;30;0;32;West Bromwich;36;7;15;14;42;56;-14;36;18;4;9;5;23;25;-2;21;18;3;6;9;19;31;-12;15;1.29;6;13;1;0;H
37;04/05/2014;Chelsea;36;24;6;6;69;26;43;78;18;15;2;1;43;11;32;47;18;9;4;5;26;15;11;31;Norwich;36;8;8;20;28;60;-32;32;18;6;6;6;17;16;1;24;18;2;2;14;11;44;-33;8;1.2;7.5;17;0;0;D
37;05/05/2014;Crystal Palace;36;13;4;19;28;43;-15;43;18;8;2;8;15;20;-5;26;18;5;2;11;13;23;-10;17;Liverpool;36;25;5;6;96;46;50;80;18;15;1;2;51;17;34;46;18;10;4;4;45;29;16;34;9;5;1.4;3;3;D
38;11/05/2014;Cardiff;37;7;9;21;31;72;-41;30;18;5;5;8;19;33;-14;20;19;2;4;13;12;39;-27;10;Chelsea;37;24;7;6;69;26;43;79;19;15;3;1;43;11;32;48;18;9;4;5;26;15;11;31;8;4.75;1.44;1;2;A
38;11/05/2014;Fulham;37;9;4;24;38;83;-45;31;18;5;2;11;22;36;-14;17;19;4;2;13;16;47;-31;14;Crystal Palace;37;13;5;19;31;46;-15;44;19;8;3;8;18;23;-5;27;18;5;2;11;13;23;-10;17;2.63;3.5;2.8;2;2;D
38;11/05/2014;Hull;37;10;7;20;38;51;-13;37;18;7;4;7;20;19;1;25;19;3;3;13;18;32;-14;12;Everton;37;20;9;8;59;39;20;69;19;13;3;3;38;19;19;42;18;7;6;5;21;20;1;27;4;3.6;2;0;2;A
38;11/05/2014;Liverpool;37;25;6;6;99;49;50;81;18;15;1;2;51;17;34;46;19;10;5;4;48;32;16;35;Newcastle;37;15;4;18;42;57;-15;49;19;8;3;8;23;28;-5;27;18;7;1;10;19;29;-10;22;1.22;7.5;13;2;1;H
38;11/05/2014;Man City;37;26;5;6;100;37;63;83;18;16;1;1;61;13;48;49;19;10;4;5;39;24;15;34;West Ham;37;11;7;19;40;49;-9;40;19;7;3;9;25;26;-1;24;18;4;4;10;15;23;-8;16;1.17;9;17;2;0;H
38;11/05/2014;Norwich;37;8;9;20;28;60;-32;33;18;6;6;6;17;16;1;24;19;2;3;14;11;44;-33;9;Arsenal;37;23;7;7;66;41;25;76;19;13;5;1;36;11;25;44;18;10;2;6;30;30;0;32;4.5;3.8;1.85;0;2;A
38;11/05/2014;Southampton;37;15;10;12;53;45;8;55;18;8;5;5;31;22;9;29;19;7;5;7;22;23;-1;26;Man Utd;37;19;6;12;63;42;21;63;19;9;3;7;29;21;8;30;18;10;3;5;34;21;13;33;2.63;3.5;2.8;1;1;D
38;11/05/2014;Sunderland;37;10;8;19;40;57;-17;38;18;5;3;10;20;24;-4;18;19;5;5;9;20;33;-13;20;Swansea;37;10;9;18;51;53;-2;39;19;6;5;8;33;26;7;23;18;4;4;10;18;27;-9;16;2.3;3.4;3.4;1;3;A
38;11/05/2014;Tottenham;37;20;6;11;52;51;1;66;18;10;3;5;27;23;4;33;19;10;3;6;25;28;-3;33;Aston Villa;37;10;8;19;39;58;-19;38;19;6;3;10;22;29;-7;21;18;4;5;9;17;29;-12;17;1.5;4.5;7.5;3;0;H
38;11/05/2014;West Bromwich;37;7;15;15;42;57;-15;36;18;4;9;5;23;25;-2;21;19;3;6;10;19;32;-13;15;Stoke;37;12;11;14;43;51;-8;47;19;10;6;3;27;17;10;36;18;2;5;11;16;34;-18;11;2.1;3.6;3.75;1;2;A
11;10/11/2012;Arsenal;10;4;3;3;15;8;7;15;4;2;1;1;8;3;5;7;6;2;2;2;7;5;2;8;Fulham;10;4;3;3;21;16;5;15;5;3;1;1;12;4;8;10;5;1;2;2;9;12;-3;5;1.53;4.2;6;3;3;D
11;10/11/2012;Aston Villa;10;2;3;5;8;14;-6;9;4;1;2;1;5;5;0;5;6;1;1;4;3;9;-6;4;Man Utd;10;8;0;2;26;14;12;24;5;4;0;1;15;8;7;12;5;4;0;1;11;6;5;12;7;4.5;1.44;2;3;A
11;10/11/2012;Everton;10;4;5;1;19;13;6;17;4;2;2;0;8;5;3;8;6;2;3;1;11;8;3;9;Sunderland;10;2;6;2;9;9;0;12;5;2;2;1;6;3;3;8;5;0;4;1;3;6;-3;4;1.44;4.2;8;2;1;H
11;10/11/2012;Reading;10;0;5;5;12;21;-9;5;4;0;3;1;7;9;-2;3;6;0;2;4;5;12;-7;2;Norwich;10;2;4;4;8;18;-10;10;5;2;2;1;5;6;-1;8;5;0;2;3;3;12;-9;2;2.25;3.4;3.2;0;0;D
11;10/11/2012;Southampton;10;1;1;8;14;28;-14;4;5;1;1;3;9;10;-1;4;5;0;0;5;5;18;-13;0;Swansea;10;3;3;4;15;14;1;12;6;2;3;1;10;9;1;9;4;1;0;3;5;5;0;3;2.38;3.5;2.88;1;1;D
11;10/11/2012;Stoke;10;1;6;3;8;10;-2;9;4;1;3;0;3;1;2;6;6;0;3;3;5;9;-4;3;QPR;10;0;4;6;8;19;-11;4;5;0;3;2;3;9;-6;3;5;0;1;4;5;10;-5;1;1.91;3.4;4.2;1;0;H
11;10/11/2012;Wigan;10;3;2;5;11;16;-5;11;5;1;2;2;7;9;-2;5;5;2;0;3;4;7;-3;6;West Bromwich;10;5;2;3;15;11;4;17;6;5;0;1;12;4;8;15;4;0;2;2;3;7;-4;2;2.3;3.4;3.1;1;2;A
11;11/11/2012;Chelsea;10;7;2;1;22;10;12;23;5;4;0;1;13;6;7;12;5;3;2;0;9;4;5;11;Liverpool;10;2;5;3;13;15;-2;11;6;1;3;2;5;7;-2;6;4;1;2;1;8;8;0;5;1.95;3.5;4;1;1;D
11;11/11/2012;Man City;10;6;4;0;18;9;9;22;5;4;1;0;11;4;7;13;5;2;3;0;7;5;2;9;Tottenham;10;5;2;3;17;14;3;17;6;2;2;2;8;8;0;8;4;3;0;1;9;6;3;9;1.57;4;6;2;1;H
11;11/11/2012;Newcastle;10;3;5;2;12;14;-2;14;5;3;1;1;6;6;0;10;5;0;4;1;6;8;-2;4;West Ham;10;4;3;3;13;11;2;15;6;3;2;1;10;5;5;11;4;1;1;2;3;6;-3;4;1.95;3.6;3.8;0;1;A
12;17/11/2012;Arsenal;11;4;4;3;18;11;7;16;5;2;2;1;11;6;5;8;6;2;2;2;7;5;2;8;Tottenham;11;5;2;4;18;16;2;17;6;2;2;2;8;8;0;8;5;3;0;2;10;8;2;9;1.91;3.75;3.8;5;2;H
12;17/11/2012;Liverpool;11;2;6;3;14;16;-2;12;6;1;3;2;5;7;-2;6;5;1;3;1;9;9;0;6;Wigan;11;3;2;6;12;18;-6;11;6;1;2;3;8;11;-3;5;5;2;0;3;4;7;-3;6;1.44;4.33;7.5;3;0;H
12;17/11/2012;Man City;11;7;4;0;20;10;10;25;6;5;1;0;13;5;8;16;5;2;3;0;7;5;2;9;Aston Villa;11;2;3;6;10;17;-7;9;5;1;2;2;7;8;-1;5;6;1;1;4;3;9;-6;4;1.2;6.5;15;5;0;H
12;17/11/2012;Newcastle;11;3;5;3;12;15;-3;14;6;3;1;2;6;7;-1;10;5;0;4;1;6;8;-2;4;Swansea;11;3;4;4;16;15;1;13;6;2;3;1;10;9;1;9;5;1;1;3;6;6;0;4;1.91;3.6;4;1;2;A
12;17/11/2012;Norwich;11;2;5;4;8;18;-10;11;5;2;2;1;5;6;-1;8;6;0;3;3;3;12;-9;3;Man Utd;11;9;0;2;29;16;13;27;5;4;0;1;15;8;7;12;6;5;0;1;14;8;6;15;7;4.5;1.44;1;0;H
12;17/11/2012;QPR;11;0;4;7;8;20;-12;4;5;0;3;2;3;9;-6;3;6;0;1;5;5;11;-6;1;Southampton;11;1;2;8;15;29;-14;5;6;1;2;3;10;11;-1;5;5;0;0;5;5;18;-13;0;1.91;3.6;4;1;3;A
12;17/11/2012;Reading;11;0;6;5;12;21;-9;6;5;0;4;1;7;9;-2;4;6;0;2;4;5;12;-7;2;Everton;11;5;5;1;21;14;7;20;5;3;2;0;10;6;4;11;6;2;3;1;11;8;3;9;4.33;3.6;1.83;2;1;H
12;17/11/2012;West Bromwich;11;6;2;3;17;12;5;20;6;5;0;1;12;4;8;15;5;1;2;2;5;8;-3;5;Chelsea;11;7;3;1;23;11;12;24;6;4;1;1;14;7;7;13;5;3;2;0;9;4;5;11;3.75;3.5;2;2;1;H
12;18/11/2012;Fulham;11;4;4;3;24;19;5;16;5;3;1;1;12;4;8;10;6;1;3;2;12;15;-3;6;Sunderland;11;2;6;3;10;11;-1;12;5;2;2;1;6;3;3;8;6;0;4;2;4;8;-4;4;1.67;3.75;5.25;1;3;A
12;19/11/2012;West Ham;11;5;3;3;14;11;3;18;6;3;2;1;10;5;5;11;5;2;1;2;4;6;-2;7;Stoke;11;2;6;3;9;10;-1;12;5;2;3;0;4;1;3;9;6;0;3;3;5;9;-4;3;2;3.4;3.8;1;1;D
13;24/11/2012;Aston Villa;12;2;3;7;10;22;-12;9;5;1;2;2;7;8;-1;5;7;1;1;5;3;14;-11;4;Arsenal;12;5;4;3;23;13;10;19;6;3;2;1;16;8;8;11;6;2;2;2;7;5;2;8;4.75;3.75;1.73;0;0;D
13;24/11/2012;Everton;12;5;5;2;22;16;6;20;5;3;2;0;10;6;4;11;7;2;3;2;12;10;2;9;Norwich;12;3;5;4;9;18;-9;14;6;3;2;1;6;6;0;11;6;0;3;3;3;12;-9;3;1.44;4.33;7.5;1;1;D
13;24/11/2012;Man Utd;12;9;0;3;29;17;12;27;5;4;0;1;15;8;7;12;7;5;0;2;14;9;5;15;QPR;12;0;4;8;9;23;-14;4;6;0;3;3;4;12;-8;3;6;0;1;5;5;11;-6;1;1.17;7.5;15;3;1;H
13;24/11/2012;Stoke;12;2;7;3;10;11;-1;13;5;2;3;0;4;1;3;9;7;0;4;3;6;10;-4;4;Fulham;12;4;4;4;25;22;3;16;6;3;1;2;13;7;6;10;6;1;3;2;12;15;-3;6;2.2;3.3;3.4;1;0;H
13;24/11/2012;Sunderland;12;3;6;3;13;12;1;15;5;2;2;1;6;3;3;8;7;1;4;2;7;9;-2;7;West Bromwich;12;7;2;3;19;13;6;23;7;6;0;1;14;5;9;18;5;1;2;2;5;8;-3;5;2.5;3.3;2.88;2;4;A
13;24/11/2012;Wigan;12;3;2;7;12;21;-9;11;6;1;2;3;8;11;-3;5;6;2;0;4;4;10;-6;6;Reading;12;1;6;5;14;22;-8;9;6;1;4;1;9;10;-1;7;6;0;2;4;5;12;-7;2;1.83;3.6;4.33;3;2;H
13;25/11/2012;Chelsea;12;7;3;2;24;13;11;24;6;4;1;1;14;7;7;13;6;3;2;1;10;6;4;11;Man City;12;8;4;0;25;10;15;28;7;6;1;0;18;5;13;19;5;2;3;0;7;5;2;9;2.5;3.5;2.7;0;0;D
13;25/11/2012;Southampton;12;2;2;8;18;30;-12;8;6;1;2;3;10;11;-1;5;6;1;0;5;8;19;-11;3;Newcastle;12;3;5;4;13;17;-4;14;7;3;1;3;7;9;-2;10;5;0;4;1;6;8;-2;4;2.3;3.5;3;2;0;H
13;25/11/2012;Swansea;12;4;4;4;18;16;2;16;6;2;3;1;10;9;1;9;6;2;1;3;8;7;1;7;Liverpool;12;3;6;3;17;16;1;15;7;2;3;2;8;7;1;9;5;1;3;1;9;9;0;6;3.4;3.5;2.1;0;0;D
13;25/11/2012;Tottenham;12;5;2;5;20;21;-1;17;6;2;2;2;8;8;0;8;6;3;0;3;12;13;-1;9;West Ham;12;5;4;3;15;12;3;19;7;3;3;1;11;6;5;12;5;2;1;2;4;6;-2;7;1.67;3.75;5.5;3;1;H
14;27/11/2012;Aston Villa;13;2;4;7;10;22;-12;10;6;1;3;2;7;8;-1;6;7;1;1;5;3;14;-11;4;Reading;13;1;6;6;16;25;-9;9;6;1;4;1;9;10;-1;7;7;0;2;5;7;15;-8;2;1.95;3.4;4;1;0;H
14;27/11/2012;Sunderland;13;3;6;4;15;16;-1;15;6;2;2;2;8;7;1;8;7;1;4;2;7;9;-2;7;QPR;13;0;4;9;10;26;-16;4;6;0;3;3;4;12;-8;3;7;0;1;6;6;14;-8;1;2.25;3.25;3.3;0;0;D
14;28/11/2012;Chelsea;13;7;4;2;24;13;11;25;7;4;2;1;14;7;7;14;6;3;2;1;10;6;4;11;Fulham;13;4;4;5;25;23;2;16;6;3;1;2;13;7;6;10;7;1;3;3;12;16;-4;6;1.44;4.5;7;0;0;D
14;28/11/2012;Everton;13;5;6;2;23;17;6;21;6;3;3;0;11;7;4;12;7;2;3;2;12;10;2;9;Arsenal;13;5;5;3;23;13;10;20;6;3;2;1;16;8;8;11;7;2;3;2;7;5;2;9;2.5;3.4;2.75;1;1;D
14;28/11/2012;Man Utd;13;10;0;3;32;18;14;30;6;5;0;1;18;9;9;15;7;5;0;2;14;9;5;15;West Ham;13;5;4;4;16;15;1;19;7;3;3;1;11;6;5;12;6;2;1;3;5;9;-4;7;1.22;6.5;12;1;0;H
14;28/11/2012;Southampton;13;3;2;8;20;30;-10;11;7;2;2;3;12;11;1;8;6;1;0;5;8;19;-11;3;Norwich;13;3;6;4;10;19;-9;15;6;3;2;1;6;6;0;11;7;0;4;3;4;13;-9;4;2;3.4;3.8;1;1;D
14;28/11/2012;Stoke;13;3;7;3;11;11;0;16;6;3;3;0;5;1;4;12;7;0;4;3;6;10;-4;4;Newcastle;13;3;5;5;13;19;-6;14;7;3;1;3;7;9;-2;10;6;0;4;2;6;10;-4;4;1.91;3.4;4.2;2;1;H
14;28/11/2012;Swansea;13;4;5;4;18;16;2;17;7;2;4;1;10;9;1;10;6;2;1;3;8;7;1;7;West Bromwich;13;8;2;3;23;15;8;26;7;6;0;1;14;5;9;18;6;2;2;2;9;10;-1;8;2.3;3.4;3.1;3;1;H
14;28/11/2012;Tottenham;13;6;2;5;23;22;1;20;7;3;2;2;11;9;2;11;6;3;0;3;12;13;-1;9;Liverpool;13;3;7;3;17;16;1;16;7;2;3;2;8;7;1;9;6;1;4;1;9;9;0;7;2.4;3.4;2.88;2;1;H
14;28/11/2012;Wigan;13;4;2;7;15;23;-8;14;7;2;2;3;11;13;-2;8;6;2;0;4;4;10;-6;6;Man City;13;8;5;0;25;10;15;29;7;6;1;0;18;5;13;19;6;2;4;0;7;5;2;10;6;4.2;1.53;0;2;A
15;01/12/2012;Arsenal;14;5;6;3;24;14;10;21;6;3;2;1;16;8;8;11;8;2;4;2;8;6;2;10;Swansea;14;5;5;4;21;17;4;20;8;3;4;1;13;10;3;13;6;2;1;3;8;7;1;7;1.44;4.5;7;0;2;A
15;01/12/2012;Fulham;14;4;5;5;25;23;2;17;6;3;1;2;13;7;6;10;8;1;4;3;12;16;-4;7;Tottenham;14;7;2;5;25;23;2;23;8;4;2;2;13;10;3;14;6;3;0;3;12;13;-1;9;2.88;3.3;2.5;0;3;A
15;01/12/2012;Liverpool;14;3;7;4;18;18;0;16;7;2;3;2;8;7;1;9;7;1;4;2;10;11;-1;7;Southampton;14;3;3;8;21;31;-10;12;8;2;3;3;13;12;1;9;6;1;0;5;8;19;-11;3;1.4;4.5;8.5;1;0;H
15;01/12/2012;Man City;14;9;5;0;27;10;17;32;7;6;1;0;18;5;13;19;7;3;4;0;9;5;4;13;Everton;14;5;7;2;24;18;6;22;7;3;4;0;12;8;4;13;7;2;3;2;12;10;2;9;1.5;4;7;1;1;D
15;01/12/2012;QPR;14;0;5;9;10;26;-16;5;6;0;3;3;4;12;-8;3;8;0;2;6;6;14;-8;2;Aston Villa;14;3;4;7;11;22;-11;13;7;2;3;2;8;8;0;9;7;1;1;5;3;14;-11;4;1.95;3.5;4;1;1;D
15;01/12/2012;Reading;14;1;6;7;16;26;-10;9;6;1;4;1;9;10;-1;7;8;0;2;6;7;16;-9;2;Man Utd;14;11;0;3;33;18;15;33;7;6;0;1;19;9;10;18;7;5;0;2;14;9;5;15;7.5;4.75;1.4;3;4;A
15;01/12/2012;West Bromwich;14;8;2;4;24;18;6;26;7;6;0;1;14;5;9;18;7;2;2;3;10;13;-3;8;Stoke;14;4;7;3;13;12;1;19;7;4;3;0;7;2;5;15;7;0;4;3;6;10;-4;4;2.1;3.25;3.75;0;1;A
15;01/12/2012;West Ham;14;5;4;5;16;16;0;19;7;3;3;1;11;6;5;12;7;2;1;4;5;10;-5;7;Chelsea;14;7;5;2;24;13;11;26;8;4;3;1;14;7;7;15;6;3;2;1;10;6;4;11;4;3.5;1.91;3;1;H
15;02/12/2012;Norwich;14;3;7;4;11;20;-9;16;6;3;2;1;6;6;0;11;8;0;5;3;5;14;-9;5;Sunderland;14;3;7;4;15;16;-1;16;7;2;3;2;8;7;1;9;7;1;4;2;7;9;-2;7;2.1;3.3;3.6;2;1;H
15;03/12/2012;Newcastle;14;3;5;6;14;21;-7;14;7;3;1;3;7;9;-2;10;7;0;4;3;7;12;-5;4;Wigan;14;4;2;8;15;25;-10;14;8;2;2;4;11;15;-4;8;6;2;0;4;4;10;-6;6;2;3.4;3.75;3;0;H
16;08/12/2012;Arsenal;15;5;6;4;24;16;8;21;7;3;2;2;16;10;6;11;8;2;4;2;8;6;2;10;West Bromwich;15;8;2;5;24;19;5;26;8;6;0;2;14;6;8;18;7;2;2;3;10;13;-3;8;1.5;4.33;6.5;2;0;H
16;08/12/2012;Aston Villa;15;3;5;7;12;23;-11;14;7;2;3;2;8;8;0;9;8;1;2;5;4;15;-11;5;Stoke;15;5;7;3;14;12;2;22;7;4;3;0;7;2;5;15;8;1;4;3;7;10;-3;7;2.4;3.2;3.1;0;0;D
16;08/12/2012;Southampton;15;3;3;9;21;32;-11;12;8;2;3;3;13;12;1;9;7;1;0;6;8;20;-12;3;Reading;15;1;6;8;19;30;-11;9;7;1;4;2;12;14;-2;7;8;0;2;6;7;16;-9;2;1.91;3.6;4;1;0;H
16;08/12/2012;Sunderland;15;3;7;5;16;18;-2;16;7;2;3;2;8;7;1;9;8;1;4;3;8;11;-3;7;Chelsea;15;7;5;3;25;16;9;26;8;4;3;1;14;7;7;15;7;3;2;2;11;9;2;11;4.75;3.5;1.8;1;3;A
16;08/12/2012;Swansea;15;6;5;4;23;17;6;23;8;3;4;1;13;10;3;13;7;3;1;3;10;7;3;10;Norwich;15;4;7;4;13;21;-8;19;7;4;2;1;8;7;1;14;8;0;5;3;5;14;-9;5;1.8;3.6;4.5;3;4;A
16;08/12/2012;Wigan;15;4;2;9;15;28;-13;14;8;2;2;4;11;15;-4;8;7;2;0;5;4;13;-9;6;QPR;15;0;6;9;11;27;-16;6;7;0;4;3;5;13;-8;4;8;0;2;6;6;14;-8;2;2.3;3.4;3.1;2;2;D
16;09/12/2012;Everton;15;5;8;2;25;19;6;23;7;3;4;0;12;8;4;13;8;2;4;2;13;11;2;10;Tottenham;15;8;2;5;28;23;5;26;8;4;2;2;13;10;3;14;7;4;0;3;15;13;2;12;2;3.5;3.75;2;1;H
16;09/12/2012;Man City;15;9;6;0;28;11;17;33;8;6;2;0;19;6;13;20;7;3;4;0;9;5;4;13;Man Utd;15;12;0;3;37;21;16;36;7;6;0;1;19;9;10;18;8;6;0;2;18;12;6;18;2.2;3.5;3.2;2;3;A
16;09/12/2012;West Ham;15;6;4;5;19;17;2;22;8;4;3;1;14;7;7;15;7;2;1;4;5;10;-5;7;Liverpool;15;4;7;4;19;18;1;19;8;3;3;2;9;7;2;12;7;1;4;2;10;11;-1;7;3;3.3;2.38;2;3;A
16;10/12/2012;Fulham;15;4;5;6;25;26;-1;17;7;3;1;3;13;10;3;10;8;1;4;3;12;16;-4;7;Newcastle;15;4;5;6;17;21;-4;17;8;4;1;3;10;9;1;13;7;0;4;3;7;12;-5;4;1.91;3.6;4;2;1;H
17;15/12/2012;Liverpool;16;5;7;4;22;20;2;22;8;3;3;2;9;7;2;12;8;2;4;2;13;13;0;10;Aston Villa;16;3;6;7;12;23;-11;15;8;2;4;2;8;8;0;10;8;1;2;5;4;15;-11;5;1.36;4.75;9;1;3;A
17;15/12/2012;Man Utd;16;13;0;3;40;23;17;39;7;6;0;1;19;9;10;18;9;7;0;2;21;14;7;21;Sunderland;16;3;7;6;17;21;-4;16;8;2;3;3;9;10;-1;9;8;1;4;3;8;11;-3;7;1.2;6.5;15;3;1;H
17;15/12/2012;Newcastle;16;4;5;7;18;23;-5;17;8;4;1;3;10;9;1;13;8;0;4;4;8;14;-6;4;Man City;16;9;6;1;30;14;16;33;9;6;2;1;21;9;12;20;7;3;4;0;9;5;4;13;5.5;3.75;1.67;1;3;A
17;15/12/2012;Norwich;16;5;7;4;17;24;-7;22;7;4;2;1;8;7;1;14;9;1;5;3;9;17;-8;8;Wigan;16;4;3;9;17;30;-13;15;9;2;3;4;13;17;-4;9;7;2;0;5;4;13;-9;6;2.2;3.4;3.25;2;1;H
17;15/12/2012;QPR;16;0;7;9;13;29;-16;7;7;0;4;3;5;13;-8;4;9;0;3;6;8;16;-8;3;Fulham;16;5;5;6;27;27;0;20;8;4;1;3;15;11;4;13;8;1;4;3;12;16;-4;7;2.4;3.4;2.88;2;1;H
17;15/12/2012;Stoke;16;5;8;3;14;12;2;23;7;4;3;0;7;2;5;15;9;1;5;3;7;10;-3;8;Everton;16;6;8;2;27;20;7;26;8;4;4;0;14;9;5;16;8;2;4;2;13;11;2;10;3.1;3.2;2.4;1;1;D
17;16/12/2012;Tottenham;16;8;2;6;29;25;4;26;8;4;2;2;13;10;3;14;8;4;0;4;16;15;1;12;Swansea;16;6;5;5;26;21;5;23;9;3;4;2;16;14;2;13;7;3;1;3;10;7;3;10;1.62;4;5.5;1;0;H
17;16/12/2012;West Bromwich;16;8;2;6;24;21;3;26;8;6;0;2;14;6;8;18;8;2;2;4;10;15;-5;8;West Ham;16;6;4;6;21;20;1;22;9;4;3;2;16;10;6;15;7;2;1;4;5;10;-5;7;2;3.5;3.75;0;0;D
17;17/12/2012;Reading;16;1;6;9;19;31;-12;9;7;1;4;2;12;14;-2;7;9;0;2;7;7;17;-10;2;Arsenal;16;6;6;4;26;16;10;24;8;4;2;2;18;10;8;14;8;2;4;2;8;6;2;10;5.5;4;1.62;2;5;A
18;22/12/2012;Liverpool;17;5;7;5;23;23;0;22;9;3;3;3;10;10;0;12;8;2;4;2;13;13;0;10;Fulham;17;5;5;7;28;29;-1;20;8;4;1;3;15;11;4;13;9;1;4;4;13;18;-5;7;1.53;4;6.5;4;0;H
18;22/12/2012;Man City;17;10;6;1;33;15;18;36;9;6;2;1;21;9;12;20;8;4;4;0;12;6;6;16;Reading;17;1;6;10;21;36;-15;9;8;1;4;3;14;19;-5;7;9;0;2;7;7;17;-10;2;1.14;8;19;1;0;H
18;22/12/2012;Newcastle;17;4;5;8;19;26;-7;17;9;4;1;4;11;12;-1;13;8;0;4;4;8;14;-6;4;QPR;17;1;7;9;15;30;-15;10;8;1;4;3;7;14;-7;7;9;0;3;6;8;16;-8;3;2.1;3.4;3.5;1;0;H
18;22/12/2012;Southampton;17;4;4;9;24;34;-10;16;9;3;3;3;14;12;2;12;8;1;1;6;10;22;-12;4;Sunderland;17;3;7;7;18;24;-6;16;8;2;3;3;9;10;-1;9;9;1;4;4;9;14;-5;7;2;3.5;3.75;0;1;A
18;22/12/2012;Tottenham;17;9;2;6;30;25;5;29;9;5;2;2;14;10;4;17;8;4;0;4;16;15;1;12;Stoke;17;5;9;3;15;13;2;24;8;4;4;0;8;3;5;16;9;1;5;3;7;10;-3;8;1.62;3.75;6;0;0;D
18;22/12/2012;West Bromwich;17;8;3;6;24;21;3;27;9;6;1;2;14;6;8;19;8;2;2;4;10;15;-5;8;Norwich;17;6;7;4;19;25;-6;25;8;5;2;1;10;8;2;17;9;1;5;3;9;17;-8;8;1.91;3.6;4;2;1;H
18;22/12/2012;West Ham;17;6;5;6;21;20;1;23;9;4;3;2;16;10;6;15;8;2;2;4;5;10;-5;8;Everton;17;6;9;2;28;21;7;27;8;4;4;0;14;9;5;16;9;2;5;2;14;12;2;11;2.88;3.25;2.5;1;2;A
18;22/12/2012;Wigan;17;4;3;10;18;32;-14;15;9;2;3;4;13;17;-4;9;8;2;0;6;5;15;-10;6;Arsenal;17;7;6;4;31;18;13;27;8;4;2;2;18;10;8;14;9;3;4;2;13;8;5;13;4.75;3.75;1.73;0;1;A
18;23/12/2012;Chelsea;17;8;6;3;30;19;11;30;9;4;4;1;16;9;7;16;8;4;2;2;14;10;4;14;Aston Villa;17;4;6;7;15;24;-9;18;8;2;4;2;8;8;0;10;9;2;2;5;7;16;-9;8;1.33;5.5;8.5;8;0;H
18;23/12/2012;Swansea;17;6;5;6;26;22;4;23;9;3;4;2;16;14;2;13;8;3;1;4;10;8;2;10;Man Utd;17;14;0;3;43;24;19;42;8;7;0;1;22;10;12;21;9;7;0;2;21;14;7;21;5;4;1.67;1;1;D
19;26/12/2012;Aston Villa;18;4;6;8;15;32;-17;18;8;2;4;2;8;8;0;10;10;2;2;6;7;24;-17;8;Tottenham;18;9;3;6;30;25;5;30;10;5;3;2;14;10;4;18;8;4;0;4;16;15;1;12;3.75;3.5;2;0;4;A
19;26/12/2012;Everton;18;7;9;2;30;22;8;30;8;4;4;0;14;9;5;16;10;3;5;2;16;13;3;14;Wigan;18;4;3;11;18;33;-15;15;10;2;3;5;13;18;-5;9;8;2;0;6;5;15;-10;6;1.44;4.5;7;2;1;H
19;26/12/2012;Fulham;18;5;5;8;28;33;-5;20;8;4;1;3;15;11;4;13;10;1;4;5;13;22;-9;7;Southampton;18;4;4;10;24;35;-11;16;10;3;3;4;14;13;1;12;8;1;1;6;10;22;-12;4;1.85;3.6;4.2;1;1;D
19;26/12/2012;Man Utd;18;14;1;3;44;25;19;43;8;7;0;1;22;10;12;21;10;7;1;2;22;15;7;22;Newcastle;18;5;5;8;20;26;-6;20;10;5;1;4;12;12;0;16;8;0;4;4;8;14;-6;4;1.22;6.5;13;4;3;H
19;26/12/2012;Norwich;18;6;7;5;20;27;-7;25;8;5;2;1;10;8;2;17;10;1;5;4;10;19;-9;8;Chelsea;18;9;6;3;38;19;19;33;10;5;4;1;24;9;15;19;8;4;2;2;14;10;4;14;6;3.75;1.62;0;1;A
19;26/12/2012;QPR;18;1;7;10;15;31;-16;10;8;1;4;3;7;14;-7;7;10;0;3;7;8;17;-9;3;West Bromwich;18;9;3;6;26;22;4;30;10;7;1;2;16;7;9;22;8;2;2;4;10;15;-5;8;2.2;3.4;3.25;1;2;A
19;26/12/2012;Reading;18;1;6;11;21;37;-16;9;8;1;4;3;14;19;-5;7;10;0;2;8;7;18;-11;2;Swansea;18;6;6;6;27;23;4;24;10;3;5;2;17;15;2;14;8;3;1;4;10;8;2;10;2.9;3.4;2.38;0;0;D
19;26/12/2012;Stoke;18;5;10;3;15;13;2;25;8;4;4;0;8;3;5;16;10;1;6;3;7;10;-3;9;Liverpool;18;6;7;5;27;23;4;25;10;4;3;3;14;10;4;15;8;2;4;2;13;13;0;10;3.4;3.2;2.25;3;1;H
19;26/12/2012;Sunderland;18;4;7;7;19;24;-5;19;8;2;3;3;9;10;-1;9;10;2;4;4;10;14;-4;10;Man City;18;11;6;1;34;15;19;39;10;7;2;1;22;9;13;23;8;4;4;0;12;6;6;16;6.5;4;1.53;1;0;H
20;29/12/2012;Arsenal;19;9;6;4;37;19;18;33;9;5;2;2;23;11;12;17;10;4;4;2;14;8;6;16;Newcastle;19;5;5;9;23;30;-7;20;10;5;1;4;12;12;0;16;9;0;4;5;11;18;-7;4;1.44;4.5;7;7;3;H
20;29/12/2012;Aston Villa;19;4;6;9;15;36;-21;18;9;2;4;3;8;12;-4;10;10;2;2;6;7;24;-17;8;Wigan;19;4;3;12;19;35;-16;15;10;2;3;5;13;18;-5;9;9;2;0;7;6;17;-11;6;2.4;3.25;3;0;3;A
20;29/12/2012;Fulham;19;5;6;8;29;34;-5;21;9;4;2;3;16;12;4;14;10;1;4;5;13;22;-9;7;Swansea;19;6;7;6;27;23;4;25;10;3;5;2;17;15;2;14;9;3;2;4;10;8;2;11;2.1;3.4;3.5;1;2;A
20;29/12/2012;Man Utd;19;15;1;3;48;28;20;46;9;8;0;1;26;13;13;24;10;7;1;2;22;15;7;22;West Bromwich;19;10;3;6;28;23;5;33;10;7;1;2;16;7;9;22;9;3;2;4;12;16;-4;11;1.3;5.5;10;2;0;H
20;29/12/2012;Norwich;19;6;7;6;20;28;-8;25;9;5;2;2;10;9;1;17;10;1;5;4;10;19;-9;8;Man City;19;11;6;2;34;16;18;39;10;7;2;1;22;9;13;23;9;4;4;1;12;7;5;16;6;4;1.57;3;4;A
20;29/12/2012;Reading;19;1;7;11;21;37;-16;10;9;1;5;3;14;19;-5;8;10;0;2;8;7;18;-11;2;West Ham;19;6;5;8;23;27;-4;23;10;4;3;3;17;12;5;15;9;2;2;5;6;15;-9;8;2.88;3.25;2.5;1;0;H
20;29/12/2012;Stoke;19;6;10;3;18;14;4;28;9;5;4;0;11;4;7;19;10;1;6;3;7;10;-3;9;Southampton;19;4;5;10;25;36;-11;17;10;3;3;4;14;13;1;12;9;1;2;6;11;23;-12;5;1.8;3.5;4.75;3;3;D
20;29/12/2012;Sunderland;19;5;7;7;20;24;-4;22;9;3;3;3;10;10;0;12;10;2;4;4;10;14;-4;10;Tottenham;19;10;3;6;34;25;9;33;10;5;3;2;14;10;4;18;9;5;0;4;20;15;5;15;3.5;3.4;2.1;1;2;A
20;30/12/2012;Everton;19;8;9;2;32;23;9;33;9;5;4;0;16;10;6;19;10;3;5;2;16;13;3;14;Chelsea;19;10;6;3;39;19;20;36;10;5;4;1;24;9;15;19;9;5;2;2;15;10;5;17;2.88;3.3;2.5;1;2;A
20;30/12/2012;QPR;19;1;7;11;16;33;-17;10;9;1;4;4;8;16;-8;7;10;0;3;7;8;17;-9;3;Liverpool;19;6;7;6;28;26;2;25;10;4;3;3;14;10;4;15;9;2;4;3;14;16;-2;10;4;3.5;1.91;0;3;A
21;01/01/2013;Man City;20;12;6;2;38;19;19;42;10;7;2;1;22;9;13;23;10;5;4;1;16;10;6;19;Stoke;20;6;11;3;21;17;4;29;10;5;5;0;14;7;7;20;10;1;6;3;7;10;-3;9;1.29;5.5;11;3;0;H
21;01/01/2013;Southampton;20;4;6;10;28;39;-11;18;10;3;3;4;14;13;1;12;10;1;3;6;14;26;-12;6;Arsenal;20;10;6;4;44;22;22;36;10;6;2;2;30;14;16;20;10;4;4;2;14;8;6;16;5;3.75;1.7;1;1;D
21;01/01/2013;Swansea;20;7;7;6;29;24;5;28;10;3;5;2;17;15;2;14;10;4;2;4;12;9;3;14;Aston Villa;20;4;6;10;15;39;-24;18;10;2;4;4;8;15;-7;10;10;2;2;6;7;24;-17;8;1.57;4;6;2;2;D
21;01/01/2013;Tottenham;20;11;3;6;36;26;10;36;10;5;3;2;14;10;4;18;10;6;0;4;22;16;6;18;Reading;20;2;7;11;22;37;-15;13;10;2;5;3;15;19;-4;11;10;0;2;8;7;18;-11;2;1.33;5;10;3;1;H
21;01/01/2013;West Bromwich;20;10;3;7;28;25;3;33;10;7;1;2;16;7;9;22;10;3;2;5;12;18;-6;11;Fulham;20;5;6;9;30;36;-6;21;10;4;2;4;17;14;3;14;10;1;4;5;13;22;-9;7;2;3.5;3.75;1;2;A
21;01/01/2013;West Ham;20;6;5;9;23;28;-5;23;10;4;3;3;17;12;5;15;10;2;2;6;6;16;-10;8;Norwich;20;6;7;7;23;32;-9;25;10;5;2;3;13;13;0;17;10;1;5;4;10;19;-9;8;2.1;3.4;3.5;2;1;H
21;01/01/2013;Wigan;20;5;3;12;22;35;-13;18;10;2;3;5;13;18;-5;9;10;3;0;7;9;17;-8;9;Man Utd;20;16;1;3;50;28;22;49;10;9;0;1;28;13;15;27;10;7;1;2;22;15;7;22;6;4.2;1.53;0;4;A
21;02/01/2013;Chelsea;20;11;6;3;41;20;21;39;10;5;4;1;24;9;15;19;10;6;2;2;17;11;6;20;QPR;20;1;7;12;16;36;-20;10;10;1;4;5;8;19;-11;7;10;0;3;7;8;17;-9;3;1.2;6.5;15;0;1;A
21;02/01/2013;Liverpool;20;7;7;6;31;26;5;28;10;4;3;3;14;10;4;15;10;3;4;3;17;16;1;13;Sunderland;20;5;7;8;21;26;-5;22;10;3;3;4;11;12;-1;12;10;2;4;4;10;14;-4;10;1.4;4.5;8.5;3;0;H
21;02/01/2013;Newcastle;20;5;5;10;26;37;-11;20;10;5;1;4;12;12;0;16;10;0;4;6;14;25;-11;4;Everton;20;8;9;3;33;25;8;33;10;5;4;1;17;12;5;19;10;3;5;2;16;13;3;14;3;3.4;2.38;1;2;A
22;12/01/2013;Aston Villa;21;4;7;10;17;41;-24;19;10;2;4;4;8;15;-7;10;11;2;3;6;9;26;-17;9;Southampton;21;4;7;10;29;40;-11;19;11;3;4;4;15;14;1;13;10;1;3;6;14;26;-12;6;2.55;3.5;2.9;0;1;A
22;12/01/2013;Everton;21;9;9;3;35;26;9;36;10;5;4;1;17;12;5;19;11;4;5;2;18;14;4;17;Swansea;21;7;8;6;31;26;5;29;11;3;6;2;19;17;2;15;10;4;2;4;12;9;3;14;1.57;4.2;6.5;0;0;D
22;12/01/2013;Fulham;21;6;6;9;32;37;-5;24;10;4;2;4;17;14;3;14;11;2;4;5;15;23;-8;10;Wigan;21;5;3;13;22;39;-17;18;11;2;3;6;13;22;-9;9;10;3;0;7;9;17;-8;9;2.05;3.5;4;1;1;D
22;12/01/2013;Norwich;21;6;7;8;24;34;-10;25;10;5;2;3;13;13;0;17;11;1;5;5;11;21;-10;8;Newcastle;21;5;5;11;27;39;-12;20;11;5;1;5;13;14;-1;16;10;0;4;6;14;25;-11;4;2.2;3.6;3.4;0;0;D
22;12/01/2013;QPR;21;2;7;12;17;36;-19;13;10;1;4;5;8;19;-11;7;11;1;3;7;9;17;-8;6;Tottenham;21;12;3;6;39;27;12;39;11;6;3;2;17;11;6;21;10;6;0;4;22;16;6;18;4.5;3.8;1.85;0;0;D
22;12/01/2013;Reading;21;2;7;12;23;40;-17;13;10;2;5;3;15;19;-4;11;11;0;2;9;8;21;-13;2;West Bromwich;21;10;3;8;29;27;2;33;11;7;1;3;17;9;8;22;10;3;2;5;12;18;-6;11;3;3.4;2.5;3;2;H
22;12/01/2013;Stoke;21;6;11;4;21;20;1;29;10;5;5;0;14;7;7;20;11;1;6;4;7;13;-6;9;Chelsea;21;11;6;4;41;21;20;39;11;5;4;2;24;10;14;19;10;6;2;2;17;11;6;20;4.33;3.5;1.95;0;4;A
22;12/01/2013;Sunderland;21;5;7;9;21;29;-8;22;10;3;3;4;11;12;-1;12;11;2;4;5;10;17;-7;10;West Ham;21;7;5;9;25;29;-4;26;11;5;3;3;19;13;6;18;10;2;2;6;6;16;-10;8;2.38;3.3;3.3;3;0;H
22;13/01/2013;Arsenal;21;10;7;4;45;23;22;37;10;6;2;2;30;14;16;20;11;4;5;2;15;9;6;17;Man City;21;13;6;2;41;19;22;45;11;8;2;1;25;9;16;26;10;5;4;1;16;10;6;19;2.63;3.5;2.8;0;2;A
22;13/01/2013;Man Utd;21;17;1;3;54;28;26;52;10;9;0;1;28;13;15;27;11;8;1;2;26;15;11;25;Liverpool;21;8;7;6;34;26;8;31;11;5;3;3;17;10;7;18;10;3;4;3;17;16;1;13;1.91;3.8;4.2;2;1;H
23;19/01/2013;Liverpool;22;8;7;7;35;28;7;31;11;5;3;3;17;10;7;18;11;3;4;4;18;18;0;13;Norwich;22;6;8;8;24;34;-10;26;11;5;3;3;13;13;0;18;11;1;5;5;11;21;-10;8;1.33;5.5;10.5;5;0;H
23;19/01/2013;Man City;22;14;6;2;43;19;24;48;11;8;2;1;25;9;16;26;11;6;4;1;18;10;8;22;Fulham;22;6;7;9;33;38;-5;25;11;4;3;4;18;15;3;15;11;2;4;5;15;23;-8;10;1.25;6.5;14;2;0;H
23;19/01/2013;Newcastle;22;5;6;11;27;39;-12;21;11;5;1;5;13;14;-1;16;11;0;5;6;14;25;-11;5;Reading;22;3;7;12;26;42;-16;16;11;3;5;3;18;21;-3;14;11;0;2;9;8;21;-13;2;1.75;4;5;1;2;A
23;19/01/2013;Swansea;22;7;9;6;31;26;5;30;11;3;6;2;19;17;2;15;11;4;3;4;12;9;3;15;Stoke;22;6;11;5;21;24;-3;29;11;5;5;1;14;11;3;20;11;1;6;4;7;13;-6;9;2.2;3.4;3.6;3;1;H
23;19/01/2013;West Bromwich;22;10;3;9;31;30;1;33;11;7;1;3;17;9;8;22;11;3;2;6;14;21;-7;11;Aston Villa;22;4;7;11;17;42;-25;19;11;2;4;5;8;16;-8;10;11;2;3;6;9;26;-17;9;1.75;4;5;2;2;D
23;19/01/2013;West Ham;22;7;5;10;25;32;-7;26;11;5;3;3;19;13;6;18;11;2;2;7;6;19;-13;8;QPR;22;2;8;12;17;36;-19;14;11;1;5;5;8;19;-11;8;11;1;3;7;9;17;-8;6;2.1;3.5;3.75;1;1;D
23;19/01/2013;Wigan;22;5;4;13;23;40;-17;19;11;2;3;6;13;22;-9;9;11;3;1;7;10;18;-8;10;Sunderland;22;6;7;9;24;29;-5;25;11;4;3;4;14;12;2;15;11;2;4;5;10;17;-7;10;2.15;3.4;3.8;2;3;A
23;20/01/2013;Chelsea;22;12;6;4;45;21;24;42;11;5;4;2;24;10;14;19;11;7;2;2;21;11;10;23;Arsenal;22;10;7;5;45;25;20;37;11;6;2;3;30;16;14;20;11;4;5;2;15;9;6;17;1.91;3.6;4;2;1;H
23;20/01/2013;Tottenham;22;12;4;6;39;27;12;40;11;6;3;2;17;11;6;21;11;6;1;4;22;16;6;19;Man Utd;22;18;1;3;56;29;27;55;11;10;0;1;30;14;16;30;11;8;1;2;26;15;11;25;2.9;3.6;2.5;1;1;D
23;21/01/2013;Southampton;22;5;7;10;30;40;-10;22;11;3;4;4;15;14;1;13;11;2;3;6;15;26;-11;9;Everton;22;9;10;3;35;26;9;37;11;5;5;1;17;12;5;20;11;4;5;2;18;14;4;17;3.6;3.5;2.05;0;0;D
24;29/01/2013;Aston Villa;23;4;8;11;19;44;-25;20;11;2;4;5;8;16;-8;10;12;2;4;6;11;28;-17;10;Newcastle;23;5;6;12;28;41;-13;21;12;5;1;6;14;16;-2;16;11;0;5;6;14;25;-11;5;2.9;3.4;2.6;1;2;A
24;29/01/2013;QPR;23;2;9;12;18;37;-19;15;11;1;5;5;8;19;-11;8;12;1;4;7;10;18;-8;7;Man City;23;15;6;2;45;19;26;51;12;9;2;1;27;9;18;29;11;6;4;1;18;10;8;22;7.5;4.5;1.5;0;0;D
24;29/01/2013;Stoke;23;6;11;6;22;27;-5;29;11;5;5;1;14;11;3;20;12;1;6;5;8;16;-8;9;Wigan;23;5;4;14;25;43;-18;19;12;2;3;7;15;25;-10;9;11;3;1;7;10;18;-8;10;2.2;3.3;3.75;2;2;D
24;29/01/2013;Sunderland;23;7;7;9;27;31;-4;28;11;4;3;4;14;12;2;15;12;3;4;5;13;19;-6;13;Swansea;23;8;9;6;34;27;7;33;12;4;6;2;22;18;4;18;11;4;3;4;12;9;3;15;2.5;3.4;3;0;0;D
24;30/01/2013;Arsenal;23;10;7;6;46;27;19;37;11;6;2;3;30;16;14;20;12;4;5;3;16;11;5;17;Liverpool;23;9;7;7;40;28;12;34;12;6;3;3;22;10;12;21;11;3;4;4;18;18;0;13;2.4;3.5;3.1;2;2;D
24;30/01/2013;Everton;23;9;11;3;35;26;9;38;11;5;5;1;17;12;5;20;12;4;6;2;18;14;4;18;West Bromwich;23;10;4;9;33;32;1;34;12;7;2;3;19;11;8;23;11;3;2;6;14;21;-7;11;1.6;4.1;6.5;2;1;H
24;30/01/2013;Fulham;23;6;7;10;33;40;-7;25;11;4;3;4;18;15;3;15;12;2;4;6;15;25;-10;10;West Ham;23;7;6;10;26;33;-7;27;12;5;4;3;20;14;6;19;11;2;2;7;6;19;-13;8;2.2;3.5;3.5;3;1;H
24;30/01/2013;Man Utd;23;18;2;3;57;30;27;56;11;10;0;1;30;14;16;30;12;8;2;2;27;16;11;26;Southampton;23;5;8;10;30;40;-10;23;12;3;5;4;15;14;1;14;11;2;3;6;15;26;-11;9;1.25;6.5;14;2;1;H
24;30/01/2013;Norwich;23;6;8;9;24;39;-15;26;11;5;3;3;13;13;0;18;12;1;5;6;11;26;-15;8;Tottenham;23;12;5;6;40;28;12;41;12;6;4;2;18;12;6;22;11;6;1;4;22;16;6;19;4.75;3.75;1.83;1;1;D
24;30/01/2013;Reading;23;4;7;12;28;43;-15;19;11;3;5;3;18;21;-3;14;12;1;2;9;10;22;-12;5;Chelsea;23;13;6;4;47;22;25;45;12;6;4;2;26;11;15;22;11;7;2;2;21;11;10;23;7.5;4.5;1.5;2;2;D
25;02/02/2013;Arsenal;24;10;8;6;48;29;19;38;12;6;3;3;32;18;14;21;12;4;5;3;16;11;5;17;Stoke;24;6;12;6;24;29;-5;30;12;5;6;1;16;13;3;21;12;1;6;5;8;16;-8;9;1.44;4.5;9;1;0;H
25;02/02/2013;Everton;24;10;11;3;37;27;10;41;12;6;5;1;19;13;6;23;12;4;6;2;18;14;4;18;Aston Villa;24;4;8;12;20;46;-26;20;12;2;4;6;9;18;-9;10;12;2;4;6;11;28;-17;10;1.4;5;9;3;3;D
25;02/02/2013;Fulham;24;7;7;10;36;41;-5;28;12;5;3;4;21;16;5;18;12;2;4;6;15;25;-10;10;Man Utd;24;19;2;3;59;31;28;59;12;11;0;1;32;15;17;33;12;8;2;2;27;16;11;26;5.5;4.2;1.65;0;1;A
25;02/02/2013;Newcastle;24;6;6;12;30;42;-12;24;12;5;1;6;14;16;-2;16;12;1;5;6;16;26;-10;8;Chelsea;24;13;7;4;49;24;25;46;12;6;4;2;26;11;15;22;12;7;3;2;23;13;10;24;4;3.6;2;3;2;H
25;02/02/2013;QPR;24;2;10;12;18;37;-19;16;12;1;6;5;8;19;-11;9;12;1;4;7;10;18;-8;7;Norwich;24;6;9;9;25;40;-15;27;12;5;4;3;14;14;0;19;12;1;5;6;11;26;-15;8;1.95;3.6;4.33;0;0;D
25;02/02/2013;Reading;24;4;8;12;30;45;-15;20;12;3;6;3;20;23;-3;15;12;1;2;9;10;22;-12;5;Sunderland;24;7;8;9;27;31;-4;29;12;4;4;4;14;12;2;16;12;3;4;5;13;19;-6;13;2.5;3.4;3;2;1;H
25;02/02/2013;West Ham;24;7;6;11;27;36;-9;27;12;5;4;3;20;14;6;19;12;2;2;8;7;22;-15;8;Swansea;24;8;10;6;34;27;7;34;12;4;6;2;22;18;4;18;12;4;4;4;12;9;3;16;2.4;3.4;3.2;1;0;H
25;02/02/2013;Wigan;24;5;5;14;27;45;-18;20;12;2;3;7;15;25;-10;9;12;3;2;7;12;20;-8;11;Southampton;24;5;8;11;31;42;-11;23;12;3;5;4;15;14;1;14;12;2;3;7;16;28;-12;9;2.2;3.5;3.5;2;2;D
25;03/02/2013;Man City;24;15;7;2;45;19;26;52;12;9;2;1;27;9;18;29;12;6;5;1;18;10;8;23;Liverpool;24;9;8;7;42;30;12;35;12;6;3;3;22;10;12;21;12;3;5;4;20;20;0;14;1.83;3.9;4.5;2;2;D
25;03/02/2013;West Bromwich;24;10;4;10;34;34;0;34;12;7;2;3;19;11;8;23;12;3;2;7;15;23;-8;11;Tottenham;24;12;6;6;41;29;12;42;12;6;4;2;18;12;6;22;12;6;2;4;23;17;6;20;3.6;3.4;2.2;0;1;A
26;09/02/2013;Chelsea;25;13;7;5;51;27;24;46;12;6;4;2;26;11;15;22;13;7;3;3;25;16;9;24;Wigan;25;5;6;14;29;47;-18;21;13;2;4;7;17;27;-10;10;12;3;2;7;12;20;-8;11;1.36;5.5;9.5;4;1;H
26;09/02/2013;Norwich;25;6;10;9;25;40;-15;28;12;5;4;3;14;14;0;19;13;1;6;6;11;26;-15;9;Fulham;25;7;7;11;36;42;-6;28;13;5;3;5;21;17;4;18;12;2;4;6;15;25;-10;10;2.3;3.4;3.4;0;0;D
26;09/02/2013;Southampton;25;5;9;11;33;44;-11;24;12;3;5;4;15;14;1;14;13;2;4;7;18;30;-12;10;Man City;25;15;8;2;47;21;26;53;13;9;3;1;29;11;18;30;12;6;5;1;18;10;8;23;5.75;4;1.67;3;1;H
26;09/02/2013;Stoke;25;6;12;7;24;30;-6;30;12;5;6;1;16;13;3;21;13;1;6;6;8;17;-9;9;Reading;25;5;8;12;32;46;-14;23;13;4;6;3;22;24;-2;18;12;1;2;9;10;22;-12;5;1.91;3.5;4.6;2;1;H
26;09/02/2013;Sunderland;25;7;8;10;28;33;-5;29;12;4;4;4;14;12;2;16;13;3;4;6;14;21;-7;13;Arsenal;25;11;8;6;49;29;20;41;13;7;3;3;33;18;15;24;12;4;5;3;16;11;5;17;4.5;3.6;1.91;0;1;A
26;09/02/2013;Swansea;25;8;10;7;34;28;6;34;12;4;6;2;22;18;4;18;13;4;4;5;12;10;2;16;QPR;25;2;11;12;18;37;-19;17;13;1;7;5;8;19;-11;10;12;1;4;7;10;18;-8;7;1.83;3.75;4.75;4;1;H
26;09/02/2013;Tottenham;25;13;6;6;42;29;13;45;12;6;4;2;18;12;6;22;13;7;2;4;24;17;7;23;Newcastle;25;7;6;12;33;44;-11;27;13;6;1;6;17;18;-1;19;12;1;5;6;16;26;-10;8;1.67;4;5.75;2;1;H
26;10/02/2013;Aston Villa;25;4;9;12;23;49;-26;21;12;2;4;6;9;18;-9;10;13;2;5;6;14;31;-17;11;West Ham;25;8;6;11;28;36;-8;30;13;6;4;3;21;14;7;22;12;2;2;8;7;22;-15;8;2.63;3.4;2.88;2;1;H
26;10/02/2013;Man Utd;25;20;2;3;60;31;29;62;12;11;0;1;32;15;17;33;13;9;2;2;28;16;12;29;Everton;25;10;12;3;40;30;10;42;13;6;6;1;22;16;6;24;12;4;6;2;18;14;4;18;1.75;3.9;5;2;0;H
26;11/02/2013;Liverpool;25;9;9;7;44;32;12;36;12;6;3;3;22;10;12;21;13;3;6;4;22;22;0;15;West Bromwich;25;10;4;11;34;35;-1;34;13;7;2;4;19;12;7;23;12;3;2;7;15;23;-8;11;1.4;5;9;0;2;A
27;17/02/2013;Liverpool;26;9;9;8;44;34;10;36;13;6;3;4;22;12;10;21;13;3;6;4;22;22;0;15;Swansea;26;9;10;7;38;29;9;37;13;5;6;2;26;19;7;21;13;4;4;5;12;10;2;16;1.57;4.4;6;5;0;H
27;23/02/2013;Arsenal;26;12;8;6;50;29;21;44;13;7;3;3;33;18;15;24;13;5;5;3;17;11;6;20;Aston Villa;26;5;9;12;25;50;-25;24;13;3;4;6;11;19;-8;13;13;2;5;6;14;31;-17;11;1.33;5.5;11;2;1;H
27;23/02/2013;Fulham;26;7;8;11;36;42;-6;29;13;5;3;5;21;17;4;18;13;2;5;6;15;25;-10;11;Stoke;26;7;12;7;26;31;-5;33;13;6;6;1;18;14;4;24;13;1;6;6;8;17;-9;9;2.2;3.3;3.75;1;0;H
27;23/02/2013;Norwich;26;6;11;9;25;40;-15;29;13;5;5;3;14;14;0;20;13;1;6;6;11;26;-15;9;Everton;26;10;12;4;40;32;8;42;13;6;6;1;22;16;6;24;13;4;6;3;18;16;2;18;3.8;3.5;2.1;2;1;H
27;23/02/2013;QPR;26;2;11;13;19;41;-22;17;13;1;7;5;8;19;-11;10;13;1;4;8;11;22;-11;7;Man Utd;26;21;2;3;62;31;31;65;13;12;0;1;34;15;19;36;13;9;2;2;28;16;12;29;7;4.33;1.53;0;2;A
27;23/02/2013;Reading;26;5;8;13;33;48;-15;23;13;4;6;3;22;24;-2;18;13;1;2;10;11;24;-13;5;Wigan;26;5;6;15;30;51;-21;21;13;2;4;7;17;27;-10;10;13;3;2;8;13;24;-11;11;2.63;3.4;2.88;0;3;A
27;23/02/2013;West Bromwich;26;11;4;11;36;35;1;37;13;7;2;4;19;12;7;23;13;4;2;7;17;23;-6;14;Sunderland;26;7;8;11;28;34;-6;29;13;4;4;5;14;13;1;16;13;3;4;6;14;21;-7;13;2.05;3.5;4;2;1;H
27;24/02/2013;Man City;26;15;8;3;48;24;24;53;13;9;3;1;29;11;18;30;13;6;5;2;19;13;6;23;Chelsea;26;14;7;5;55;28;27;49;13;7;4;2;30;12;18;25;13;7;3;3;25;16;9;24;1.95;3.6;4.33;2;0;H
27;24/02/2013;Newcastle;26;7;6;13;34;46;-12;27;13;6;1;6;17;18;-1;19;13;1;5;7;17;28;-11;8;Southampton;26;6;9;11;36;45;-9;27;13;4;5;4;18;15;3;17;13;2;4;7;18;30;-12;10;2.2;3.5;3.2;4;2;H
27;25/02/2013;West Ham;26;8;6;12;29;38;-9;30;13;6;4;3;21;14;7;22;13;2;2;9;8;24;-16;8;Tottenham;26;14;6;6;44;30;14;48;13;7;4;2;20;13;7;25;13;7;2;4;24;17;7;23;3.6;3.5;2.15;2;3;A
28;02/03/2013;Chelsea;27;14;7;6;55;30;25;49;13;7;4;2;30;12;18;25;14;7;3;4;25;18;7;24;West Bromwich;27;12;4;11;38;36;2;40;14;8;2;4;21;13;8;26;13;4;2;7;17;23;-6;14;1.4;5;9;1;0;H
28;02/03/2013;Everton;27;10;12;5;41;34;7;42;13;6;6;1;22;16;6;24;14;4;6;4;19;18;1;18;Reading;27;5;8;14;33;51;-18;23;14;4;6;4;22;27;-5;18;13;1;2;10;11;24;-13;5;1.38;5;10;3;1;H
28;02/03/2013;Man Utd;27;22;2;3;64;31;33;68;13;12;0;1;34;15;19;36;14;10;2;2;30;16;14;32;Norwich;27;7;11;9;27;41;-14;32;14;6;5;3;16;15;1;23;13;1;6;6;11;26;-15;9;1.33;5.5;11;4;0;H
28;02/03/2013;Southampton;27;6;9;12;38;49;-11;27;13;4;5;4;18;15;3;17;14;2;4;8;20;34;-14;10;QPR;27;2;11;14;19;43;-24;17;14;1;7;6;8;21;-13;10;13;1;4;8;11;22;-11;7;1.85;3.8;4.5;1;2;A
28;02/03/2013;Stoke;27;7;12;8;26;32;-6;33;13;6;6;1;18;14;4;24;14;1;6;7;8;18;-10;9;West Ham;27;8;6;13;31;41;-10;30;14;6;4;4;23;17;6;22;13;2;2;9;8;24;-16;8;2.15;3.25;4;0;1;A
28;02/03/2013;Sunderland;27;7;8;12;29;36;-7;29;13;4;4;5;14;13;1;16;14;3;4;7;15;23;-8;13;Fulham;27;8;8;11;37;42;-5;32;14;6;3;5;22;17;5;21;13;2;5;6;15;25;-10;11;2.4;3.3;3.3;2;2;D
28;02/03/2013;Swansea;27;9;10;8;38;34;4;37;13;5;6;2;26;19;7;21;14;4;4;6;12;15;-3;16;Newcastle;27;8;6;13;38;48;-10;30;14;7;1;6;21;20;1;22;13;1;5;7;17;28;-11;8;2.1;3.6;3.75;1;0;H
28;02/03/2013;Wigan;27;6;6;15;33;51;-18;24;13;2;4;7;17;27;-10;10;14;4;2;8;16;24;-8;14;Liverpool;27;10;9;8;49;34;15;39;14;7;3;4;27;12;15;24;13;3;6;4;22;22;0;15;4.5;3.75;1.85;0;4;A
28;03/03/2013;Tottenham;27;15;6;6;47;32;15;51;13;7;4;2;20;13;7;25;14;8;2;4;27;19;8;26;Arsenal;27;13;8;6;52;30;22;47;14;8;3;3;35;19;16;27;13;5;5;3;17;11;6;20;2.3;3.6;3.25;2;1;H
28;04/03/2013;Aston Villa;27;5;9;13;26;52;-26;24;13;3;4;6;11;19;-8;13;14;2;5;7;15;33;-18;11;Man City;27;16;8;3;50;24;26;56;14;10;3;1;31;11;20;33;13;6;5;2;19;13;6;23;7.5;4.5;1.44;0;1;A
29;09/03/2013;Norwich;28;7;11;10;27;45;-18;32;14;6;5;3;16;15;1;23;14;1;6;7;11;30;-19;9;Southampton;28;6;9;13;39;51;-12;27;14;4;5;5;19;17;2;17;14;2;4;8;20;34;-14;10;2.5;3.4;3;0;0;D
29;09/03/2013;QPR;28;3;11;14;21;44;-23;20;14;1;7;6;8;21;-13;10;14;2;4;8;13;23;-10;10;Sunderland;28;7;9;12;31;38;-7;30;14;4;5;5;16;15;1;17;14;3;4;7;15;23;-8;13;2.25;3.4;3.5;3;1;H
29;09/03/2013;Reading;28;5;8;15;34;54;-20;23;14;4;6;4;22;27;-5;18;14;1;2;11;12;27;-15;5;Aston Villa;28;5;9;14;26;53;-27;24;14;3;4;7;11;20;-9;13;14;2;5;7;15;33;-18;11;2.45;3.4;3.1;1;2;A
29;09/03/2013;West Bromwich;28;12;4;12;38;37;1;40;14;8;2;4;21;13;8;26;14;4;2;8;17;24;-7;14;Swansea;28;10;10;8;39;34;5;40;14;6;6;2;27;19;8;24;14;4;4;6;12;15;-3;16;2.45;3.3;3.2;2;1;H
29;10/03/2013;Liverpool;28;11;9;8;53;34;19;42;14;7;3;4;27;12;15;24;14;4;6;4;26;22;4;18;Tottenham;28;16;6;6;49;33;16;54;14;8;4;2;22;14;8;28;14;8;2;4;27;19;8;26;1.95;3.8;4;3;2;H
29;10/03/2013;Newcastle;28;8;6;14;38;49;-11;30;14;7;1;6;21;20;1;22;14;1;5;8;17;29;-12;8;Stoke;28;7;12;9;26;33;-7;33;14;6;6;2;18;15;3;24;14;1;6;7;8;18;-10;9;1.83;3.7;4.8;2;1;H
30;16/03/2013;Aston Villa;29;6;9;14;28;54;-26;27;14;3;4;7;11;20;-9;13;15;3;5;7;17;34;-17;14;QPR;29;4;11;14;24;45;-21;23;15;2;7;6;11;22;-11;13;14;2;4;8;13;23;-10;10;2.3;3.4;3.4;3;2;H
30;16/03/2013;Everton;29;11;13;5;44;35;9;46;14;7;6;1;25;17;8;27;15;4;7;4;19;18;1;19;Man City;29;18;8;3;52;24;28;62;15;11;3;1;32;11;21;36;14;7;5;2;20;13;7;26;3.9;3.6;2.05;2;0;H
30;16/03/2013;Man Utd;29;23;3;3;70;33;37;72;14;13;0;1;38;15;23;39;15;10;3;2;32;18;14;33;Reading;29;5;8;16;35;56;-21;23;15;4;6;5;23;29;-6;18;14;1;2;11;12;27;-15;5;1.17;9;19;1;0;H
30;16/03/2013;Southampton;29;6;10;13;39;51;-12;28;14;4;5;5;19;17;2;17;15;2;5;8;20;34;-14;11;Liverpool;29;12;9;8;56;36;20;45;15;8;3;4;30;14;16;27;14;4;6;4;26;22;4;18;4.2;3.8;1.91;3;1;H
30;16/03/2013;Stoke;29;7;12;10;27;35;-8;33;14;6;6;2;18;15;3;24;15;1;6;8;9;20;-11;9;West Bromwich;29;13;4;12;40;38;2;43;15;9;2;4;23;14;9;29;14;4;2;8;17;24;-7;14;2.5;3.3;3.1;0;0;D
30;16/03/2013;Swansea;29;10;10;9;40;36;4;40;14;6;6;2;27;19;8;24;15;4;4;7;13;17;-4;16;Arsenal;29;13;9;7;53;32;21;48;15;8;4;3;35;19;16;28;14;5;5;4;18;13;5;20;3.4;3.5;2.25;0;2;A
30;17/03/2013;Chelsea;29;16;7;6;59;30;29;55;14;8;4;2;31;12;19;28;15;8;3;4;28;18;10;27;West Ham;29;9;7;13;34;43;-9;34;15;6;5;4;25;19;6;23;14;3;2;9;9;24;-15;11;1.4;5;9;2;0;H
30;17/03/2013;Sunderland;29;7;9;13;32;41;-9;30;14;4;5;5;16;15;1;17;15;3;4;8;16;26;-10;13;Norwich;29;7;12;10;27;45;-18;33;15;6;6;3;16;15;1;24;14;1;6;7;11;30;-19;9;2.05;3.5;4;1;1;D
30;17/03/2013;Tottenham;29;16;6;7;51;36;15;54;14;8;4;2;22;14;8;28;15;8;2;5;29;22;7;26;Fulham;29;8;9;12;39;47;-8;33;15;6;3;6;22;20;2;21;14;2;6;6;17;27;-10;12;1.5;4.5;7.5;0;1;A
30;17/03/2013;Wigan;29;6;6;17;33;56;-23;24;14;2;4;8;17;31;-14;10;15;4;2;9;16;25;-9;14;Newcastle;29;9;6;14;40;50;-10;33;15;8;1;6;23;21;2;25;14;1;5;8;17;29;-12;8;2.3;3.4;3.4;2;1;H
31;30/03/2013;Arsenal;30;14;9;7;55;32;23;51;15;8;4;3;35;19;16;28;15;6;5;4;20;13;7;23;Reading;30;5;8;17;35;57;-22;23;15;4;6;5;23;29;-6;18;15;1;2;12;12;28;-16;5;1.25;6.5;15;4;1;H
31;30/03/2013;Everton;30;12;13;5;46;35;11;49;15;8;6;1;27;17;10;30;15;4;7;4;19;18;1;19;Stoke;30;7;13;10;27;35;-8;34;15;6;7;2;18;15;3;25;15;1;6;8;9;20;-11;9;1.57;3.9;7.5;1;0;H
31;30/03/2013;Man City;30;18;8;4;52;26;26;62;15;11;3;1;32;11;21;36;15;7;5;3;20;15;5;26;Newcastle;30;9;6;15;41;52;-11;33;15;8;1;6;23;21;2;25;15;1;5;9;18;31;-13;8;1.33;5.5;11;4;0;H
31;30/03/2013;Southampton;30;7;10;13;42;52;-10;31;15;5;5;5;22;18;4;20;15;2;5;8;20;34;-14;11;Chelsea;30;17;7;6;61;30;31;58;15;9;4;2;33;12;21;31;15;8;3;4;28;18;10;27;3.5;3.5;2.2;2;1;H
31;30/03/2013;Sunderland;30;7;10;13;33;42;-9;31;15;4;6;5;17;16;1;18;15;3;4;8;16;26;-10;13;Man Utd;30;24;3;3;71;33;38;75;15;14;0;1;39;15;24;42;15;10;3;2;32;18;14;33;6;4;1.65;0;1;A
31;30/03/2013;Swansea;30;10;10;10;40;38;2;40;15;6;6;3;27;21;6;24;15;4;4;7;13;17;-4;16;Tottenham;30;16;6;8;51;37;14;54;15;8;4;3;22;15;7;28;15;8;2;5;29;22;7;26;3.4;3.4;2.3;1;2;A
31;30/03/2013;West Ham;30;9;7;14;34;45;-11;34;15;6;5;4;25;19;6;23;15;3;2;10;9;26;-17;11;West Bromwich;30;13;5;12;40;38;2;44;15;9;2;4;23;14;9;29;15;4;3;8;17;24;-7;15;2.3;3.4;3.4;3;1;H
31;30/03/2013;Wigan;30;7;6;17;35;57;-22;27;15;3;4;8;19;32;-13;13;15;4;2;9;16;25;-9;14;Norwich;30;7;13;10;28;46;-18;34;15;6;6;3;16;15;1;24;15;1;7;7;12;31;-19;10;1.95;3.6;4.33;1;0;H
31;31/03/2013;Aston Villa;30;7;9;14;31;56;-25;30;15;4;4;7;14;22;-8;16;15;3;5;7;17;34;-17;14;Liverpool;30;12;9;9;57;39;18;45;15;8;3;4;30;14;16;27;15;4;6;5;27;25;2;18;5;4;1.75;1;2;A
31;01/04/2013;Fulham;30;9;9;12;40;47;-7;36;15;6;3;6;22;20;2;21;15;3;6;6;18;27;-9;15;QPR;30;4;11;15;26;48;-22;23;15;2;7;6;11;22;-11;13;15;2;4;9;15;26;-11;10;2;3.6;4;3;2;H
32;06/04/2013;Norwich;31;7;13;11;28;47;-19;34;15;6;6;3;16;15;1;24;16;1;7;8;12;32;-20;10;Swansea;31;10;10;11;41;40;1;40;16;6;6;4;28;23;5;24;15;4;4;7;13;17;-4;16;2.63;3.3;2.9;2;2;D
32;06/04/2013;Reading;31;5;8;18;36;61;-25;23;15;4;6;5;23;29;-6;18;16;1;2;13;13;32;-19;5;Southampton;31;8;10;13;44;53;-9;34;16;6;5;5;24;19;5;23;15;2;5;8;20;34;-14;11;3.3;3.6;2.25;0;2;A
32;06/04/2013;Stoke;31;7;13;11;27;36;-9;34;15;6;7;2;18;15;3;25;16;1;6;9;9;21;-12;9;Aston Villa;31;7;9;15;32;58;-26;30;16;4;4;8;15;24;-9;16;15;3;5;7;17;34;-17;14;2.1;3.4;4;1;3;A
32;06/04/2013;West Bromwich;31;13;5;13;41;41;0;44;15;9;2;4;23;14;9;29;16;4;3;9;18;27;-9;15;Arsenal;31;15;9;7;59;33;26;54;16;9;4;3;39;20;19;31;15;6;5;4;20;13;7;23;4.1;3.7;1.95;1;2;A
32;07/04/2013;Chelsea;31;17;7;7;62;32;30;58;15;9;4;2;33;12;21;31;16;8;3;5;29;20;9;27;Sunderland;31;7;10;14;33;43;-10;31;16;4;6;6;17;17;0;18;15;3;4;8;16;26;-10;13;1.36;5;11;2;1;H
32;07/04/2013;Liverpool;31;13;9;9;59;40;19;48;15;8;3;4;30;14;16;27;16;5;6;5;29;26;3;21;West Ham;31;10;7;14;37;46;-9;37;16;7;5;4;28;20;8;26;15;3;2;10;9;26;-17;11;1.36;5.5;9;0;0;D
32;07/04/2013;Newcastle;31;9;6;16;41;56;-15;33;15;8;1;6;23;21;2;25;16;1;5;10;18;35;-17;8;Fulham;31;10;9;12;43;49;-6;39;16;7;3;6;25;22;3;24;15;3;6;6;18;27;-9;15;2.1;3.5;3.8;1;0;H
32;07/04/2013;QPR;31;4;11;16;28;51;-23;23;15;2;7;6;11;22;-11;13;16;2;4;10;17;29;-12;10;Wigan;31;8;6;17;36;57;-21;30;16;4;4;8;20;32;-12;16;15;4;2;9;16;25;-9;14;2.38;3.4;3.25;1;1;D
32;07/04/2013;Tottenham;31;17;6;8;53;38;15;57;15;8;4;3;22;15;7;28;16;9;2;5;31;23;8;29;Everton;31;13;13;5;47;35;12;52;16;9;6;1;28;17;11;33;15;4;7;4;19;18;1;19;2.2;3.4;3.6;2;2;D
32;08/04/2013;Man Utd;31;25;3;3;72;33;39;78;15;14;0;1;39;15;24;42;16;11;3;2;33;18;15;36;Man City;31;19;8;4;56;26;30;65;16;12;3;1;36;11;25;39;15;7;5;3;20;15;5;26;2.3;3.5;3.3;1;2;A
33;13/04/2013;Arsenal;32;16;9;7;61;34;27;57;16;9;4;3;39;20;19;31;16;7;5;4;22;14;8;26;Norwich;32;7;14;11;30;49;-19;35;16;6;7;3;18;17;1;25;16;1;7;8;12;32;-20;10;1.25;6.5;14;3;1;H
33;13/04/2013;Aston Villa;32;8;9;15;35;59;-24;33;16;4;4;8;15;24;-9;16;16;4;5;7;20;35;-15;17;Fulham;32;10;9;13;43;50;-7;39;16;7;3;6;25;22;3;24;16;3;6;7;18;28;-10;15;2.3;3.3;3.5;1;1;D
33;13/04/2013;Everton;32;13;14;5;49;37;12;53;16;9;6;1;28;17;11;33;16;4;8;4;21;20;1;20;QPR;32;4;12;16;29;52;-23;24;16;2;8;6;12;23;-11;14;16;2;4;10;17;29;-12;10;1.44;4.75;8;2;0;H
33;13/04/2013;Reading;32;5;8;19;36;63;-27;23;16;4;6;6;23;31;-8;18;16;1;2;13;13;32;-19;5;Liverpool;32;13;10;9;59;40;19;49;16;8;4;4;30;14;16;28;16;5;6;5;29;26;3;21;8;4.75;1.45;0;0;D
33;13/04/2013;Southampton;32;9;10;13;46;53;-7;37;16;6;5;5;24;19;5;23;16;3;5;8;22;34;-12;14;West Ham;32;10;8;14;37;46;-9;38;16;7;5;4;28;20;8;26;16;3;3;10;9;26;-17;12;1.91;3.75;4.2;1;1;D
33;14/04/2013;Newcastle;32;10;6;16;42;56;-14;36;16;9;1;6;24;21;3;28;16;1;5;10;18;35;-17;8;Sunderland;32;7;10;15;34;45;-11;31;16;4;6;6;17;17;0;18;16;3;4;9;17;28;-11;13;1.95;3.5;4.5;0;3;A
33;14/04/2013;Stoke;32;7;13;12;28;39;-11;34;16;6;7;3;19;18;1;25;16;1;6;9;9;21;-12;9;Man Utd;32;25;3;4;73;35;38;78;16;14;0;2;40;17;23;42;16;11;3;2;33;18;15;36;7;3.9;1.6;0;2;A
34;20/04/2013;Fulham;33;10;10;13;44;51;-7;40;16;7;3;6;25;22;3;24;17;3;7;7;19;29;-10;16;Arsenal;33;17;9;7;64;35;29;60;17;10;4;3;42;21;21;34;16;7;5;4;22;14;8;26;5;4;1.75;0;1;A
34;20/04/2013;Norwich;33;7;14;12;31;52;-21;35;16;6;7;3;18;17;1;25;17;1;7;9;13;35;-22;10;Reading;33;5;9;19;36;63;-27;24;17;4;7;6;23;31;-8;19;16;1;2;13;13;32;-19;5;1.75;3.8;5.25;2;1;H
34;20/04/2013;QPR;33;4;12;17;29;54;-25;24;16;2;8;6;12;23;-11;14;17;2;4;11;17;31;-14;10;Stoke;33;7;13;13;28;41;-13;34;17;6;7;4;19;20;-1;25;16;1;6;9;9;21;-12;9;2.25;3.4;3.5;0;2;A
34;20/04/2013;Sunderland;33;8;10;15;37;45;-8;34;16;4;6;6;17;17;0;18;17;4;4;9;20;28;-8;16;Everton;33;14;14;5;51;37;14;56;17;10;6;1;30;17;13;36;16;4;8;4;21;20;1;20;3.4;3.4;2.3;1;0;H
34;20/04/2013;Swansea;33;11;11;11;46;44;2;44;16;6;6;4;28;23;5;24;17;5;5;7;18;21;-3;20;Southampton;33;9;11;13;47;54;-7;38;17;6;6;5;25;20;5;24;16;3;5;8;22;34;-12;14;2.38;3.5;3.1;0;0;D
34;20/04/2013;West Bromwich;33;13;5;15;42;44;-2;44;16;9;2;5;24;16;8;29;17;4;3;10;18;28;-10;15;Newcastle;33;10;6;17;42;59;-17;36;17;9;1;7;24;24;0;28;16;1;5;10;18;35;-17;8;2.25;3.5;3.4;1;1;D
34;20/04/2013;West Ham;33;10;9;14;38;47;-9;39;16;7;5;4;28;20;8;26;17;3;4;10;10;27;-17;13;Wigan;33;8;7;18;39;61;-22;31;17;4;4;9;22;35;-13;16;16;4;3;9;17;26;-9;15;2.3;3.5;3.3;2;0;H
34;21/04/2013;Liverpool;33;13;11;9;59;40;19;50;16;8;4;4;30;14;16;28;17;5;7;5;29;26;3;22;Chelsea;33;18;8;7;66;35;31;62;17;10;5;2;37;15;22;35;16;8;3;5;29;20;9;27;2.15;3.6;3.6;2;2;D
34;21/04/2013;Tottenham;33;17;8;8;57;42;15;59;16;8;5;3;24;17;7;29;17;9;3;5;33;25;8;30;Man City;33;21;8;4;59;27;32;71;17;13;3;1;37;11;26;42;16;8;5;3;22;16;6;29;3.25;3.6;2.3;3;1;H
34;22/04/2013;Man Utd;33;26;3;4;75;35;40;81;16;14;0;2;40;17;23;42;17;12;3;2;35;18;17;39;Aston Villa;33;8;10;15;36;60;-24;34;17;4;5;8;16;25;-9;17;16;4;5;7;20;35;-15;17;1.25;6.75;13;3;0;H
35;27/04/2013;Everton;34;14;14;6;51;38;13;56;17;10;6;1;30;17;13;36;17;4;8;5;21;21;0;20;Fulham;34;10;10;14;44;52;-8;40;17;7;3;7;25;23;2;24;17;3;7;7;19;29;-10;16;1.5;4.5;7.5;1;0;H
35;27/04/2013;Man City;34;21;8;5;60;30;30;71;17;13;3;1;37;11;26;42;17;8;5;4;23;19;4;29;West Ham;34;11;9;14;40;47;-7;42;17;8;5;4;30;20;10;29;17;3;4;10;10;27;-17;13;1.29;6;12;2;1;H
35;27/04/2013;Newcastle;34;10;7;17;43;60;-17;37;17;9;1;7;24;24;0;28;17;1;6;10;19;36;-17;9;Liverpool;34;13;12;9;61;42;19;51;17;8;5;4;32;16;16;29;17;5;7;5;29;26;3;22;2.88;3.6;2.5;0;6;A
35;27/04/2013;Southampton;34;9;12;13;47;54;-7;39;17;6;6;5;25;20;5;24;17;3;6;8;22;34;-12;15;West Bromwich;34;13;6;15;43;45;-2;45;17;9;3;5;25;17;8;30;17;4;3;10;18;28;-10;15;1.85;3.75;4.6;0;3;A
35;27/04/2013;Stoke;34;8;13;13;30;41;-11;37;17;6;7;4;19;20;-1;25;17;2;6;9;11;21;-10;12;Norwich;34;8;14;12;33;53;-20;38;17;7;7;3;20;18;2;28;17;1;7;9;13;35;-22;10;2.25;3.3;3.6;1;0;H
35;27/04/2013;Wigan;34;8;7;19;39;63;-24;31;17;4;4;9;22;35;-13;16;17;4;3;10;17;28;-11;15;Tottenham;34;18;8;8;60;43;17;62;17;9;5;3;27;18;9;32;17;9;3;5;33;25;8;30;3.8;3.6;2.05;2;2;D
35;28/04/2013;Arsenal;34;18;9;7;65;35;30;63;17;10;4;3;42;21;21;34;17;8;5;4;23;14;9;29;Man Utd;34;27;3;4;78;35;43;84;17;15;0;2;43;17;26;45;17;12;3;2;35;18;17;39;2.25;3.6;3.3;1;1;D
35;28/04/2013;Chelsea;34;18;9;7;68;37;31;63;17;10;5;2;37;15;22;35;17;8;4;5;31;22;9;28;Swansea;34;11;12;11;46;44;2;45;17;6;7;4;28;23;5;25;17;5;5;7;18;21;-3;20;1.36;5.5;9;2;0;H
35;28/04/2013;Reading;34;5;9;20;37;65;-28;24;17;4;7;6;23;31;-8;19;17;1;2;14;14;34;-20;5;QPR;34;4;12;18;29;56;-27;24;17;2;8;7;12;25;-13;14;17;2;4;11;17;31;-14;10;2.55;3.5;2.88;0;0;D
35;29/04/2013;Aston Villa;34;8;10;16;36;63;-27;34;17;4;5;8;16;25;-9;17;17;4;5;8;20;38;-18;17;Sunderland;34;9;10;15;38;45;-7;37;17;5;6;6;18;17;1;21;17;4;4;9;20;28;-8;16;2.3;3.4;3.4;6;1;H
36;04/05/2013;Fulham;35;10;10;15;44;53;-9;40;17;7;3;7;25;23;2;24;18;3;7;8;19;30;-11;16;Reading;35;5;10;20;37;65;-28;25;18;4;8;6;23;31;-8;20;17;1;2;14;14;34;-20;5;1.73;3.9;5.25;2;4;A
36;04/05/2013;Norwich;35;8;14;13;33;54;-21;38;17;7;7;3;20;18;2;28;18;1;7;10;13;36;-23;10;Aston Villa;35;9;10;16;42;64;-22;37;18;5;5;8;22;26;-4;20;17;4;5;8;20;38;-18;17;2.55;3.3;3;1;2;A
36;04/05/2013;QPR;35;4;13;18;29;56;-27;25;17;2;8;7;12;25;-13;14;18;2;5;11;17;31;-14;11;Arsenal;35;18;10;7;66;36;30;64;18;10;5;3;43;22;21;35;17;8;5;4;23;14;9;29;8;4.75;1.44;0;1;A
36;04/05/2013;Swansea;35;11;12;12;46;46;0;45;17;6;7;4;28;23;5;25;18;5;5;8;18;23;-5;20;Man City;35;22;8;5;62;31;31;74;18;14;3;1;39;12;27;45;17;8;5;4;23;19;4;29;5.25;3.8;1.75;0;0;D
36;04/05/2013;Tottenham;35;18;9;8;62;45;17;63;17;9;5;3;27;18;9;32;18;9;4;5;35;27;8;31;Southampton;35;9;12;14;47;57;-10;39;18;6;6;6;25;23;2;24;17;3;6;8;22;34;-12;15;1.44;4.75;8;1;0;H
36;04/05/2013;West Bromwich;35;14;6;15;46;45;1;48;17;9;3;5;25;17;8;30;18;5;3;10;21;28;-7;18;Wigan;35;8;8;19;41;65;-24;32;18;4;5;9;24;37;-13;17;17;4;3;10;17;28;-11;15;2.45;3.5;3;2;3;A
36;04/05/2013;West Ham;35;11;9;15;41;49;-8;42;17;8;5;4;30;20;10;29;18;3;4;11;11;29;-18;13;Newcastle;35;10;7;18;43;66;-23;37;18;9;1;8;24;30;-6;28;17;1;6;10;19;36;-17;9;2.38;3.4;3.25;0;0;D
36;05/05/2013;Liverpool;35;14;12;9;67;42;25;54;17;8;5;4;32;16;16;29;18;6;7;5;35;26;9;25;Everton;35;15;14;6;52;38;14;59;18;11;6;1;31;17;14;39;17;4;8;5;21;21;0;20;1.95;3.6;4.2;0;0;D
36;05/05/2013;Man Utd;35;27;4;4;79;36;43;85;17;15;0;2;43;17;26;45;18;12;4;2;36;19;17;40;Chelsea;35;19;9;7;70;37;33;66;18;11;5;2;39;15;24;38;17;8;4;5;31;22;9;28;2.2;3.5;3.5;0;1;A
36;06/05/2013;Sunderland;35;9;10;16;39;51;-12;37;17;5;6;6;18;17;1;21;18;4;4;10;21;34;-13;16;Stoke;35;9;13;13;31;41;-10;40;18;7;7;4;20;20;0;28;17;2;6;9;11;21;-10;12;2.1;3.3;4;1;1;D
37;11/05/2013;Aston Villa;36;10;10;16;44;65;-21;40;18;5;5;8;22;26;-4;20;18;5;5;8;22;39;-17;20;Chelsea;36;20;9;7;71;37;34;69;18;11;5;2;39;15;24;38;18;9;4;5;32;22;10;31;4.5;3.8;1.85;1;2;A
37;12/05/2013;Everton;36;15;15;6;52;38;14;60;18;11;6;1;31;17;14;39;18;4;9;5;21;21;0;21;West Ham;36;11;10;15;41;49;-8;43;18;8;6;4;30;20;10;30;18;3;4;11;11;29;-18;13;1.5;4.5;7.5;2;0;H
37;12/05/2013;Fulham;36;10;10;16;46;57;-11;40;18;7;3;8;27;27;0;24;18;3;7;8;19;30;-11;16;Liverpool;36;14;13;9;67;42;25;55;18;8;6;4;32;16;16;30;18;6;7;5;35;26;9;25;3.9;3.6;2.05;1;3;A
37;12/05/2013;Man Utd;36;27;4;5;79;37;42;85;18;15;0;3;43;18;25;45;18;12;4;2;36;19;17;40;Swansea;36;11;13;12;46;46;0;46;18;6;8;4;28;23;5;26;18;5;5;8;18;23;-5;20;1.3;5.75;12;2;1;H
37;12/05/2013;Norwich;36;8;14;14;34;56;-22;38;18;7;7;4;21;20;1;28;18;1;7;10;13;36;-23;10;West Bromwich;36;14;6;16;48;48;0;48;18;9;3;6;27;20;7;30;18;5;3;10;21;28;-7;18;2.2;3.4;3.6;4;0;H
37;12/05/2013;QPR;36;4;13;19;29;57;-28;25;18;2;8;8;12;26;-14;14;18;2;5;11;17;31;-14;11;Newcastle;36;10;8;18;43;66;-23;38;18;9;1;8;24;30;-6;28;18;1;7;10;19;36;-17;10;3.4;3.4;2.3;1;2;A
37;12/05/2013;Stoke;36;9;14;13;32;42;-10;41;18;7;7;4;20;20;0;28;18;2;7;9;12;22;-10;13;Tottenham;36;19;9;8;63;45;18;66;18;10;5;3;28;18;10;35;18;9;4;5;35;27;8;31;4.5;3.6;1.91;1;2;A
37;12/05/2013;Sunderland;36;9;11;16;40;52;-12;38;18;5;7;6;19;18;1;22;18;4;4;10;21;34;-13;16;Southampton;36;9;12;15;47;58;-11;39;18;6;6;6;25;23;2;24;18;3;6;9;22;35;-13;15;2.8;3.2;2.8;1;1;D
37;14/05/2013;Arsenal;36;19;10;7;67;36;31;67;18;10;5;3;43;22;21;35;18;9;5;4;24;14;10;32;Wigan;36;9;8;19;44;67;-23;35;18;4;5;9;24;37;-13;17;18;5;3;10;20;30;-10;18;1.4;5.5;8;4;1;H
37;14/05/2013;Reading;36;6;10;20;41;67;-26;28;18;4;8;6;23;31;-8;20;18;2;2;14;18;36;-18;8;Man City;36;22;9;5;62;31;31;75;18;14;3;1;39;12;27;45;18;8;6;4;23;19;4;30;6;4.33;1.6;0;2;A
38;19/05/2013;Chelsea;37;21;9;7;73;38;35;72;18;11;5;2;39;15;24;38;19;10;4;5;34;23;11;34;Everton;37;16;15;6;54;38;16;63;19;12;6;1;33;17;16;42;18;4;9;5;21;21;0;21;1.7;4;5.5;2;1;H
38;19/05/2013;Liverpool;37;15;13;9;70;43;27;58;18;8;6;4;32;16;16;30;19;7;7;5;38;27;11;28;QPR;37;4;13;20;30;59;-29;25;19;2;8;9;13;28;-15;14;18;2;5;11;17;31;-14;11;1.25;7;12;1;0;H
38;19/05/2013;Man City;37;23;9;5;64;31;33;78;18;14;3;1;39;12;27;45;19;9;6;4;25;19;6;33;Norwich;37;9;14;14;38;56;-18;41;19;8;7;4;25;20;5;31;18;1;7;10;13;36;-23;10;1.33;5.5;11;2;3;A
38;19/05/2013;Newcastle;37;11;8;18;45;67;-22;41;18;9;1;8;24;30;-6;28;19;2;7;10;21;37;-16;13;Arsenal;37;20;10;7;71;37;34;70;19;11;5;3;47;23;24;38;18;9;5;4;24;14;10;32;6;4.6;1.55;0;1;A
38;19/05/2013;Southampton;37;9;13;15;48;59;-11;40;18;6;6;6;25;23;2;24;19;3;7;9;23;36;-13;16;Stoke;37;9;14;14;33;44;-11;41;19;7;7;5;21;22;-1;28;18;2;7;9;12;22;-10;13;1.75;3.8;5.25;1;1;D
38;19/05/2013;Swansea;37;11;13;13;47;48;-1;46;18;6;8;4;28;23;5;26;19;5;5;9;19;25;-6;20;Fulham;37;10;10;17;47;60;-13;40;19;7;3;9;28;30;-2;24;18;3;7;8;19;30;-11;16;1.8;3.8;4.75;0;3;A
38;19/05/2013;Tottenham;37;20;9;8;65;46;19;69;18;10;5;3;28;18;10;35;19;10;4;5;37;28;9;34;Sunderland;37;9;12;16;41;53;-12;39;19;5;8;6;20;19;1;23;18;4;4;10;21;34;-13;16;1.29;6;12;1;0;H
38;19/05/2013;West Bromwich;37;14;6;17;48;52;-4;48;18;9;3;6;27;20;7;30;19;5;3;11;21;32;-11;18;Man Utd;37;28;4;5;81;38;43;88;19;16;0;3;45;19;26;48;18;12;4;2;36;19;17;40;4.5;3.9;1.83;5;5;D
38;19/05/2013;West Ham;37;11;10;16;41;51;-10;43;18;8;6;4;30;20;10;30;19;3;4;12;11;31;-20;13;Reading;37;6;10;21;41;69;-28;28;19;4;8;7;23;33;-10;20;18;2;2;14;18;36;-18;8;1.67;4;5.75;4;2;H
38;19/05/2013;Wigan;37;9;8;20;45;71;-26;35;18;4;5;9;24;37;-13;17;19;5;3;11;21;34;-13;18;Aston Villa;37;10;10;17;45;67;-22;40;19;5;5;9;23;28;-5;20;18;5;5;8;22;39;-17;20;2.15;3.6;3.6;2;2;D
11;05/11/2011;Arsenal;10;5;1;4;20;21;-1;16;5;4;0;1;9;4;5;12;5;1;1;3;11;17;-6;4;West Bromwich;10;3;2;5;9;13;-4;11;5;1;1;3;3;5;-2;4;5;2;1;2;6;8;-2;7;1.4;4.5;8.5;3;0;H
11;05/11/2011;Aston Villa;10;2;6;2;13;13;0;12;5;2;2;1;7;4;3;8;5;0;4;1;6;9;-3;4;Norwich;10;3;4;3;14;15;-1;13;5;2;2;1;9;7;2;8;5;1;2;2;5;8;-3;5;1.83;3.5;4.5;3;2;H
11;05/11/2011;Blackburn;10;1;3;6;13;23;-10;6;5;1;0;4;6;12;-6;3;5;0;3;2;7;11;-4;3;Chelsea;10;6;1;3;23;15;8;19;5;4;0;1;15;9;6;12;5;2;1;2;8;6;2;7;7.5;4.33;1.44;0;1;A
11;05/11/2011;Liverpool;10;5;3;2;14;10;4;18;5;2;3;0;8;5;3;9;5;3;0;2;6;5;1;9;Swansea;10;3;3;4;12;15;-3;12;5;3;2;0;8;1;7;11;5;0;1;4;4;14;-10;1;1.29;5.5;10;0;0;D
11;05/11/2011;Man Utd;10;7;2;1;27;12;15;23;5;4;0;1;17;9;8;12;5;3;2;0;10;3;7;11;Sunderland;10;2;4;4;14;12;2;10;5;1;2;2;9;7;2;5;5;1;2;2;5;5;0;5;1.25;5.5;13;1;0;H
11;05/11/2011;Newcastle;10;6;4;0;15;7;8;22;5;3;2;0;8;4;4;11;5;3;2;0;7;3;4;11;Everton;10;3;1;6;10;15;-5;10;5;1;1;3;5;7;-2;4;5;2;0;3;5;8;-3;6;2.25;3.25;3.3;2;1;H
11;05/11/2011;QPR;10;3;3;4;8;17;-9;12;5;1;3;1;3;6;-3;6;5;2;0;3;5;11;-6;6;Man City;10;9;1;0;36;8;28;28;5;5;0;0;16;2;14;15;5;4;1;0;20;6;14;13;10;5;1.33;2;3;A
11;06/11/2011;Bolton;10;2;0;8;13;27;-14;6;5;0;0;5;4;17;-13;0;5;2;0;3;9;10;-1;6;Stoke;10;3;3;4;8;14;-6;12;5;2;2;1;5;4;1;8;5;1;1;3;3;10;-7;4;2.4;3.3;3;5;0;H
11;06/11/2011;Fulham;10;2;4;4;13;12;1;10;5;1;3;1;10;6;4;6;5;1;1;3;3;6;-3;4;Tottenham;10;7;1;2;20;14;6;22;5;4;0;1;12;7;5;12;5;3;1;1;8;7;1;10;3.25;3.3;2.25;1;3;A
11;06/11/2011;Wolverhampton;10;2;2;6;9;17;-8;8;5;1;1;3;5;9;-4;4;5;1;1;3;4;8;-4;4;Wigan;10;1;2;7;6;17;-11;5;5;1;1;3;5;8;-3;4;5;0;1;4;1;9;-8;1;1.91;3.3;4.33;3;1;H
12;19/11/2011;Everton;11;3;1;7;11;17;-6;10;5;1;1;3;5;7;-2;4;6;2;0;4;6;10;-4;6;Wolverhampton;11;3;2;6;12;18;-6;11;6;2;1;3;8;10;-2;7;5;1;1;3;4;8;-4;4;1.57;3.75;6.5;2;1;H
12;19/11/2011;Man City;11;10;1;0;39;10;29;31;5;5;0;0;16;2;14;15;6;5;1;0;23;8;15;16;Newcastle;11;7;4;0;17;8;9;25;6;4;2;0;10;5;5;14;5;3;2;0;7;3;4;11;1.3;5.5;10;3;1;H
12;19/11/2011;Norwich;11;3;4;4;16;18;-2;13;5;2;2;1;9;7;2;8;6;1;2;3;7;11;-4;5;Arsenal;11;6;1;4;23;21;2;19;6;5;0;1;12;4;8;15;5;1;1;3;11;17;-6;4;5.5;3.6;1.67;1;2;A
12;19/11/2011;Stoke;11;3;3;5;8;19;-11;12;5;2;2;1;5;4;1;8;6;1;1;4;3;15;-12;4;QPR;11;3;3;5;10;20;-10;12;6;1;3;2;5;9;-4;6;5;2;0;3;5;11;-6;6;1.83;3.5;4.5;2;3;A
12;19/11/2011;Sunderland;11;2;4;5;14;13;1;10;5;1;2;2;9;7;2;5;6;1;2;3;5;6;-1;5;Fulham;11;2;4;5;14;15;-1;10;6;1;3;2;11;9;2;6;5;1;1;3;3;6;-3;4;2.3;3.25;3.2;0;0;D
12;19/11/2011;Swansea;11;3;4;4;12;15;-3;13;5;3;2;0;8;1;7;11;6;0;2;4;4;14;-10;2;Man Utd;11;8;2;1;28;12;16;26;6;5;0;1;18;9;9;15;5;3;2;0;10;3;7;11;6.5;4.2;1.5;0;1;A
12;19/11/2011;West Bromwich;11;3;2;6;9;16;-7;11;5;1;1;3;3;5;-2;4;6;2;1;3;6;11;-5;7;Bolton;11;3;0;8;18;27;-9;9;6;1;0;5;9;17;-8;3;5;2;0;3;9;10;-1;6;2;3.4;3.8;2;1;H
12;19/11/2011;Wigan;11;1;2;8;7;20;-13;5;5;1;1;3;5;8;-3;4;6;0;1;5;2;12;-10;1;Blackburn;11;1;3;7;13;24;-11;6;6;1;0;5;6;13;-7;3;5;0;3;2;7;11;-4;3;2.5;3.25;2.88;3;3;D
12;20/11/2011;Chelsea;11;7;1;3;24;15;9;22;5;4;0;1;15;9;6;12;6;3;1;2;9;6;3;10;Liverpool;11;5;4;2;14;10;4;19;6;2;4;0;8;5;3;10;5;3;0;2;6;5;1;9;1.83;3.5;4.5;1;2;A
12;21/11/2011;Tottenham;11;8;1;2;23;15;8;25;5;4;0;1;12;7;5;12;6;4;1;1;11;8;3;13;Aston Villa;11;3;6;2;16;15;1;15;6;3;2;1;10;6;4;11;5;0;4;1;6;9;-3;4;1.57;4;6;2;0;H
13;26/11/2011;Arsenal;12;7;1;4;25;22;3;22;6;5;0;1;12;4;8;15;6;2;1;3;13;18;-5;7;Fulham;12;2;5;5;14;15;-1;11;6;1;3;2;11;9;2;6;6;1;2;3;3;6;-3;5;1.44;4.2;8;1;1;D
13;26/11/2011;Bolton;12;3;0;9;19;29;-10;9;6;1;0;5;9;17;-8;3;6;2;0;4;10;12;-2;6;Everton;12;4;1;7;13;18;-5;13;6;2;1;3;7;8;-1;7;6;2;0;4;6;10;-4;6;3.1;3.25;2.38;0;2;A
13;26/11/2011;Chelsea;12;7;1;4;25;17;8;22;6;4;0;2;16;11;5;12;6;3;1;2;9;6;3;10;Wolverhampton;12;3;2;7;13;20;-7;11;6;2;1;3;8;10;-2;7;6;1;1;4;5;10;-5;4;1.22;6;15;3;0;H
13;26/11/2011;Man Utd;12;9;2;1;29;12;17;29;6;5;0;1;18;9;9;15;6;4;2;0;11;3;8;14;Newcastle;12;7;4;1;18;11;7;25;6;4;2;0;10;5;5;14;6;3;2;1;8;6;2;11;1.4;4.5;8.5;1;1;D
13;26/11/2011;Norwich;12;3;4;5;17;20;-3;13;6;2;2;2;10;9;1;8;6;1;2;3;7;11;-4;5;QPR;12;4;3;5;13;22;-9;15;6;1;3;2;5;9;-4;6;6;3;0;3;8;13;-5;9;2.1;3.4;3.5;2;1;H
13;26/11/2011;Stoke;12;3;3;6;10;22;-12;12;6;2;2;2;7;7;0;8;6;1;1;4;3;15;-12;4;Blackburn;12;1;4;7;16;27;-11;7;6;1;0;5;6;13;-7;3;6;0;4;2;10;14;-4;4;1.83;3.5;4.5;3;1;H
13;26/11/2011;Sunderland;12;2;5;5;14;13;1;11;6;1;3;2;9;7;2;6;6;1;2;3;5;6;-1;5;Wigan;12;1;3;8;10;23;-13;6;6;1;2;3;8;11;-3;5;6;0;1;5;2;12;-10;1;1.67;3.6;5.5;1;2;A
13;26/11/2011;West Bromwich;12;4;2;6;11;17;-6;14;6;2;1;3;5;6;-1;7;6;2;1;3;6;11;-5;7;Tottenham;12;9;1;2;25;15;10;28;6;5;0;1;14;7;7;15;6;4;1;1;11;8;3;13;4;3.6;1.91;1;3;A
13;27/11/2011;Liverpool;12;6;4;2;16;11;5;22;6;2;4;0;8;5;3;10;6;4;0;2;8;6;2;12;Man City;12;11;1;0;42;11;31;34;6;6;0;0;19;3;16;18;6;5;1;0;23;8;15;16;2.75;3.2;2.63;1;1;D
13;27/11/2011;Swansea;12;3;4;5;12;16;-4;13;6;3;2;1;8;2;6;11;6;0;2;4;4;14;-10;2;Aston Villa;12;3;6;3;16;17;-1;15;6;3;2;1;10;6;4;11;6;0;4;2;6;11;-5;4;2.2;3.25;3.4;0;0;D
14;03/12/2011;Aston Villa;13;3;7;3;16;17;-1;16;6;3;2;1;10;6;4;11;7;0;5;2;6;11;-5;5;Man Utd;13;9;3;1;30;13;17;30;7;5;1;1;19;10;9;16;6;4;2;0;11;3;8;14;5;3.6;1.73;0;1;A
14;03/12/2011;Blackburn;13;1;4;8;17;30;-13;7;6;1;0;5;6;13;-7;3;7;0;4;3;11;17;-6;4;Swansea;13;3;5;5;12;16;-4;14;7;3;3;1;8;2;6;12;6;0;2;4;4;14;-10;2;2.1;3.4;3.5;4;2;H
14;03/12/2011;Man City;13;11;2;0;43;12;31;35;6;6;0;0;19;3;16;18;7;5;2;0;24;9;15;17;Norwich;13;4;4;5;19;21;-2;16;7;3;2;2;12;10;2;11;6;1;2;3;7;11;-4;5;1.17;7;17;5;1;H
14;03/12/2011;Newcastle;13;7;5;1;19;12;7;26;6;4;2;0;10;5;5;14;7;3;3;1;9;7;2;12;Chelsea;13;8;1;4;28;17;11;25;7;5;0;2;19;11;8;15;6;3;1;2;9;6;3;10;3.5;3.4;2.1;0;3;A
14;03/12/2011;QPR;13;4;3;6;14;24;-10;15;6;1;3;2;5;9;-4;6;7;3;0;4;9;15;-6;9;West Bromwich;13;4;2;7;12;20;-8;14;7;2;1;4;6;9;-3;7;6;2;1;3;6;11;-5;7;2.25;3.3;3.25;1;1;D
14;03/12/2011;Tottenham;13;10;1;2;28;16;12;31;6;5;0;1;14;7;7;15;7;5;1;1;14;9;5;16;Bolton;13;3;0;10;19;31;-12;9;7;1;0;6;9;19;-10;3;6;2;0;4;10;12;-2;6;1.3;5;12;3;0;H
14;03/12/2011;Wigan;13;2;3;8;12;24;-12;9;6;1;2;3;8;11;-3;5;7;1;1;5;4;13;-9;4;Arsenal;13;7;2;4;26;23;3;23;7;5;1;1;13;5;8;16;6;2;1;3;13;18;-5;7;6;4;1.57;0;4;A
14;04/12/2011;Everton;13;5;1;7;15;18;-3;16;6;2;1;3;7;8;-1;7;7;3;0;4;8;10;-2;9;Stoke;13;4;3;6;13;23;-10;15;7;3;2;2;10;8;2;11;6;1;1;4;3;15;-12;4;1.67;3.6;5.5;0;1;A
14;04/12/2011;Wolverhampton;13;3;2;8;13;23;-10;11;6;2;1;3;8;10;-2;7;7;1;1;5;5;13;-8;4;Sunderland;13;2;5;6;15;15;0;11;7;1;3;3;10;9;1;6;6;1;2;3;5;6;-1;5;2.4;3.3;3;2;1;H
14;05/12/2011;Fulham;13;2;6;5;15;16;-1;12;6;1;3;2;11;9;2;6;7;1;3;3;4;7;-3;6;Liverpool;13;6;5;2;17;12;5;23;7;2;5;0;9;6;3;11;6;4;0;2;8;6;2;12;3.5;3.4;2.1;1;0;H
15;10/12/2011;Arsenal;14;8;2;4;30;23;7;26;7;5;1;1;13;5;8;16;7;3;1;3;17;18;-1;10;Everton;14;5;1;8;15;19;-4;16;7;2;1;4;7;9;-2;7;7;3;0;4;8;10;-2;9;1.53;4;6.5;1;0;H
15;10/12/2011;Bolton;14;3;0;11;19;34;-15;9;7;1;0;6;9;19;-10;3;7;2;0;5;10;15;-5;6;Aston Villa;14;3;7;4;16;18;-2;16;7;3;2;2;10;7;3;11;7;0;5;2;6;11;-5;5;2.5;3.3;2.88;1;2;A
15;10/12/2011;Liverpool;14;6;5;3;17;13;4;23;7;2;5;0;9;6;3;11;7;4;0;3;8;7;1;12;QPR;14;4;4;6;15;25;-10;16;7;1;4;2;6;10;-4;7;7;3;0;4;9;15;-6;9;1.33;5;10;1;0;H
15;10/12/2011;Man Utd;14;10;3;1;31;13;18;33;7;5;1;1;19;10;9;16;7;5;2;0;12;3;9;17;Wolverhampton;14;4;2;8;15;24;-9;14;7;3;1;3;10;11;-1;10;7;1;1;5;5;13;-8;4;1.22;6;15;4;1;H
15;10/12/2011;Norwich;14;4;4;6;20;26;-6;16;7;3;2;2;12;10;2;11;7;1;2;4;8;16;-8;5;Newcastle;14;7;5;2;19;15;4;26;7;4;2;1;10;8;2;14;7;3;3;1;9;7;2;12;2.4;3.4;2.88;4;2;H
15;10/12/2011;Swansea;14;3;5;6;14;20;-6;14;7;3;3;1;8;2;6;12;7;0;2;5;6;18;-12;2;Fulham;14;3;6;5;16;16;0;15;7;2;3;2;12;9;3;9;7;1;3;3;4;7;-3;6;2.63;3.25;2.75;2;0;H
15;10/12/2011;West Bromwich;14;4;3;7;13;21;-8;15;7;2;1;4;6;9;-3;7;7;2;2;3;7;12;-5;8;Wigan;14;2;3;9;12;28;-16;9;7;1;2;4;8;15;-7;5;7;1;1;5;4;13;-9;4;1.67;3.8;5.25;1;2;A
15;11/12/2011;Stoke;14;5;3;6;14;23;-9;18;7;3;2;2;10;8;2;11;7;2;1;4;4;15;-11;7;Tottenham;14;11;1;2;31;16;15;34;7;6;0;1;17;7;10;18;7;5;1;1;14;9;5;16;3.75;3.5;2;2;1;H
15;11/12/2011;Sunderland;14;2;5;7;16;17;-1;11;7;1;3;3;10;9;1;6;7;1;2;4;6;8;-2;5;Blackburn;14;2;4;8;21;32;-11;10;7;2;0;5;10;15;-5;6;7;0;4;3;11;17;-6;4;1.83;3.5;4.5;2;1;H
15;12/12/2011;Chelsea;14;9;1;4;31;17;14;28;7;5;0;2;19;11;8;15;7;4;1;2;12;6;6;13;Man City;14;12;2;0;48;13;35;38;7;7;0;0;24;4;20;21;7;5;2;0;24;9;15;17;2.4;3.3;3;2;1;H
16;17/12/2011;Blackburn;15;2;4;9;22;34;-12;10;7;2;0;5;10;15;-5;6;8;0;4;4;12;19;-7;4;West Bromwich;15;4;3;8;14;23;-9;15;8;2;1;5;7;11;-4;7;7;2;2;3;7;12;-5;8;2.38;3.3;3;1;2;A
16;17/12/2011;Everton;15;5;1;9;15;20;-5;16;7;2;1;4;7;9;-2;7;8;3;0;5;8;11;-3;9;Norwich;15;5;4;6;24;28;-4;19;8;4;2;2;16;12;4;14;7;1;2;4;8;16;-8;5;1.62;3.75;6;1;1;D
16;17/12/2011;Fulham;15;3;6;6;16;18;-2;15;7;2;3;2;12;9;3;9;8;1;3;4;4;9;-5;6;Bolton;15;3;0;12;20;36;-16;9;8;1;0;7;10;21;-11;3;7;2;0;5;10;15;-5;6;1.62;3.75;6;2;0;H
16;17/12/2011;Newcastle;15;7;5;3;21;19;2;26;7;4;2;1;10;8;2;14;8;3;3;2;11;11;0;12;Swansea;15;4;5;6;16;20;-4;17;8;4;3;1;10;2;8;15;7;0;2;5;6;18;-12;2;1.8;3.6;4.5;0;0;D
16;17/12/2011;Wigan;15;3;3;9;14;29;-15;12;7;1;2;4;8;15;-7;5;8;2;1;5;6;14;-8;7;Chelsea;15;10;1;4;33;18;15;31;8;6;0;2;21;12;9;18;7;4;1;2;12;6;6;13;9;4.75;1.36;1;1;D
16;17/12/2011;Wolverhampton;15;4;2;9;16;28;-12;14;7;3;1;3;10;11;-1;10;8;1;1;6;6;17;-11;4;Stoke;15;6;3;6;16;24;-8;21;8;4;2;2;12;9;3;14;7;2;1;4;4;15;-11;7;2.5;3.25;2.88;1;2;A
16;18/12/2011;Aston Villa;15;4;7;4;18;19;-1;19;7;3;2;2;10;7;3;11;8;1;5;2;8;12;-4;8;Liverpool;15;7;5;3;18;13;5;26;8;3;5;0;10;6;4;14;7;4;0;3;8;7;1;12;4.2;3.4;1.91;0;2;A
16;18/12/2011;Man City;15;12;2;1;49;15;34;38;7;7;0;0;24;4;20;21;8;5;2;1;25;11;14;17;Arsenal;15;9;2;4;31;23;8;29;8;6;1;1;14;5;9;19;7;3;1;3;17;18;-1;10;1.73;3.75;4.5;1;0;H
16;18/12/2011;QPR;15;4;4;7;15;26;-11;16;7;1;4;2;6;10;-4;7;8;3;0;5;9;16;-7;9;Man Utd;15;11;3;1;35;14;21;36;8;6;1;1;23;11;12;19;7;5;2;0;12;3;9;17;7.5;4.33;1.44;0;2;A
16;18/12/2011;Tottenham;15;11;1;3;32;18;14;34;7;6;0;1;17;7;10;18;8;5;1;2;15;11;4;16;Sunderland;15;3;5;7;18;18;0;14;8;2;3;3;12;10;2;9;7;1;2;4;6;8;-2;5;1.36;4.75;9;1;0;H
17;20/12/2011;Blackburn;16;2;4;10;23;36;-13;10;8;2;0;6;11;17;-6;6;8;0;4;4;12;19;-7;4;Bolton;16;3;0;13;20;38;-18;9;8;1;0;7;10;21;-11;3;8;2;0;6;10;17;-7;6;2.1;3.4;3.5;1;2;A
17;20/12/2011;Wolverhampton;16;4;2;10;17;30;-13;14;8;3;1;4;11;13;-2;10;8;1;1;6;6;17;-11;4;Norwich;16;5;5;6;25;29;-4;20;8;4;2;2;16;12;4;14;8;1;3;4;9;17;-8;6;2;3.5;3.75;2;2;D
17;21/12/2011;Aston Villa;16;4;7;5;18;21;-3;19;8;3;2;3;10;9;1;11;8;1;5;2;8;12;-4;8;Arsenal;16;9;2;5;31;24;7;29;8;6;1;1;14;5;9;19;8;3;1;4;17;19;-2;10;5;3.6;1.73;1;2;A
17;21/12/2011;Everton;16;5;2;9;16;21;-5;17;8;2;2;4;8;10;-2;8;8;3;0;5;8;11;-3;9;Swansea;16;4;6;6;16;20;-4;18;8;4;3;1;10;2;8;15;8;0;3;5;6;18;-12;3;1.57;3.75;6.5;1;0;H
17;21/12/2011;Fulham;16;4;6;6;18;18;0;18;8;3;3;2;14;9;5;12;8;1;3;4;4;9;-5;6;Man Utd;16;12;3;1;37;14;23;39;8;6;1;1;23;11;12;19;8;6;2;0;14;3;11;20;5;3.6;1.73;0;5;A
17;21/12/2011;Man City;16;13;2;1;50;15;35;41;8;8;0;0;25;4;21;24;8;5;2;1;25;11;14;17;Stoke;16;7;3;6;18;25;-7;24;8;4;2;2;12;9;3;14;8;3;1;4;6;16;-10;10;1.22;6;15;3;0;H
17;21/12/2011;Newcastle;16;7;6;3;21;19;2;27;8;4;3;1;10;8;2;15;8;3;3;2;11;11;0;12;West Bromwich;16;5;3;8;16;24;-8;18;8;2;1;5;7;11;-4;7;8;3;2;3;9;13;-4;11;2;3.5;3.75;2;3;A
17;21/12/2011;QPR;16;4;4;8;15;28;-13;16;8;1;4;3;6;12;-6;7;8;3;0;5;9;16;-7;9;Sunderland;16;3;5;8;18;19;-1;14;8;2;3;3;12;10;2;9;8;1;2;5;6;9;-3;5;2.5;3.3;2.88;2;3;A
17;21/12/2011;Wigan;16;3;4;9;15;30;-15;13;8;1;3;4;9;16;-7;6;8;2;1;5;6;14;-8;7;Liverpool;16;8;5;3;20;13;7;29;8;3;5;0;10;6;4;14;8;5;0;3;10;7;3;15;7;4;1.5;0;0;D
17;22/12/2011;Tottenham;16;12;1;3;33;18;15;37;8;7;0;1;18;7;11;21;8;5;1;2;15;11;4;16;Chelsea;16;10;2;4;34;19;15;32;8;6;0;2;21;12;9;18;8;4;2;2;13;7;6;14;2.6;3.4;2.7;1;1;D
18;26/12/2011;Bolton;17;4;0;13;22;39;-17;12;8;1;0;7;10;21;-11;3;9;3;0;6;12;18;-6;9;Newcastle;17;7;6;4;23;22;1;27;9;4;3;2;12;11;1;15;8;3;3;2;11;11;0;12;2.5;3.4;2.8;0;2;A
18;26/12/2011;Chelsea;17;10;3;4;35;20;15;33;8;6;0;2;21;12;9;18;9;4;3;2;14;8;6;15;Fulham;17;4;6;7;18;23;-5;18;9;3;3;3;14;14;0;12;8;1;3;4;4;9;-5;6;1.3;5;12;1;1;D
18;26/12/2011;Liverpool;17;8;6;3;20;13;7;30;8;3;5;0;10;6;4;14;9;5;1;3;10;7;3;16;Blackburn;17;2;4;11;24;38;-14;10;9;2;0;7;12;19;-7;6;8;0;4;4;12;19;-7;4;1.25;5.5;13;1;1;D
18;26/12/2011;Man Utd;17;13;3;1;42;14;28;42;8;6;1;1;23;11;12;19;9;7;2;0;19;3;16;23;Wigan;17;3;5;9;15;30;-15;14;9;1;4;4;9;16;-7;7;8;2;1;5;6;14;-8;7;1.14;7.5;21;5;0;H
18;26/12/2011;Stoke;17;7;3;7;18;28;-10;24;8;4;2;2;12;9;3;14;9;3;1;5;6;19;-13;10;Aston Villa;17;4;7;6;19;23;-4;19;9;3;2;4;11;11;0;11;8;1;5;2;8;12;-4;8;1.91;3.4;4.2;0;0;D
18;26/12/2011;Sunderland;17;4;5;8;21;21;0;17;8;2;3;3;12;10;2;9;9;2;2;5;9;11;-2;8;Everton;17;6;2;9;17;21;-4;20;9;3;2;4;9;10;-1;11;8;3;0;5;8;11;-3;9;2.4;3.25;3;1;1;D
18;26/12/2011;West Bromwich;17;6;3;8;19;26;-7;21;8;2;1;5;7;11;-4;7;9;4;2;3;12;15;-3;14;Man City;17;14;2;1;53;15;38;44;9;9;0;0;28;4;24;27;8;5;2;1;25;11;14;17;7;4.5;1.44;0;0;D
18;27/12/2011;Arsenal;17;10;2;5;33;25;8;32;8;6;1;1;14;5;9;19;9;4;1;4;19;20;-1;13;Wolverhampton;17;4;3;10;19;32;-13;15;9;3;2;4;13;15;-2;11;8;1;1;6;6;17;-11;4;1.22;6;15;1;1;D
18;27/12/2011;Norwich;17;5;6;6;27;31;-4;21;8;4;2;2;16;12;4;14;9;1;4;4;11;19;-8;7;Tottenham;17;12;2;3;34;19;15;38;9;7;1;1;19;8;11;22;8;5;1;2;15;11;4;16;4.5;3.6;1.8;0;2;A
18;27/12/2011;Swansea;17;4;6;7;16;21;-5;18;8;4;3;1;10;2;8;15;9;0;3;6;6;19;-13;3;QPR;17;4;4;9;17;31;-14;16;9;1;4;4;8;15;-7;7;8;3;0;5;9;16;-7;9;2;3.4;3.8;1;1;D
19;30/12/2011;Liverpool;18;8;7;3;21;14;7;31;9;3;6;0;11;7;4;15;9;5;1;3;10;7;3;16;Newcastle;18;8;6;4;25;22;3;30;9;4;3;2;12;11;1;15;9;4;3;2;13;11;2;15;1.53;4;6.5;3;1;H
19;31/12/2011;Arsenal;18;10;3;5;34;26;8;33;9;6;2;1;15;6;9;20;9;4;1;4;19;20;-1;13;QPR;18;4;5;9;18;32;-14;17;9;1;4;4;8;15;-7;7;9;3;1;5;10;17;-7;10;1.25;5.5;13;1;0;H
19;31/12/2011;Bolton;18;4;0;14;22;41;-19;12;9;1;0;8;10;23;-13;3;9;3;0;6;12;18;-6;9;Wolverhampton;18;4;4;10;20;33;-13;16;9;3;2;4;13;15;-2;11;9;1;2;6;7;18;-11;5;2.2;3.25;3.4;1;1;D
19;31/12/2011;Chelsea;18;10;4;4;36;21;15;34;9;6;1;2;22;13;9;19;9;4;3;2;14;8;6;15;Aston Villa;18;4;8;6;19;23;-4;20;9;3;2;4;11;11;0;11;9;1;6;2;8;12;-4;9;1.29;5;13;1;3;A
19;31/12/2011;Man Utd;18;14;3;1;47;14;33;45;9;7;1;1;28;11;17;22;9;7;2;0;19;3;16;23;Blackburn;18;2;5;11;25;39;-14;11;9;2;0;7;12;19;-7;6;9;0;5;4;13;20;-7;5;1.13;8;26;2;3;A
19;31/12/2011;Norwich;18;5;6;7;27;33;-6;21;9;4;2;3;16;14;2;14;9;1;4;4;11;19;-8;7;Fulham;18;4;7;7;19;24;-5;19;9;3;3;3;14;14;0;12;9;1;4;4;5;10;-5;7;2.6;3.25;2.75;1;1;D
19;31/12/2011;Stoke;18;7;4;7;18;28;-10;25;9;4;3;2;12;9;3;15;9;3;1;5;6;19;-13;10;Wigan;18;3;5;10;15;35;-20;14;9;1;4;4;9;16;-7;7;9;2;1;6;6;19;-13;7;1.67;3.6;5.5;2;2;D
19;31/12/2011;Swansea;18;4;7;7;17;22;-5;19;9;4;4;1;11;3;8;16;9;0;3;6;6;19;-13;3;Tottenham;18;13;2;3;36;19;17;41;9;7;1;1;19;8;11;22;9;6;1;2;17;11;6;19;5.5;3.6;1.67;1;1;D
19;01/01/2012;Sunderland;18;4;6;8;22;22;0;18;9;2;4;3;13;11;2;10;9;2;2;5;9;11;-2;8;Man City;18;14;3;1;53;15;38;45;9;9;0;0;28;4;24;27;9;5;3;1;25;11;14;18;6.5;4;1.53;1;0;H
19;01/01/2012;West Bromwich;18;6;4;8;19;26;-7;22;9;2;2;5;7;11;-4;8;9;4;2;3;12;15;-3;14;Everton;18;6;3;9;18;22;-4;21;9;3;2;4;9;10;-1;11;9;3;1;5;9;12;-3;10;2.6;3.25;2.75;0;1;A
20;02/01/2012;Aston Villa;19;5;8;6;22;24;-2;23;9;3;2;4;11;11;0;11;10;2;6;2;11;13;-2;12;Swansea;19;4;8;7;18;23;-5;20;10;4;5;1;12;4;8;17;9;0;3;6;6;19;-13;3;1.83;3.4;4.75;0;2;A
20;02/01/2012;Blackburn;19;3;5;11;28;41;-13;14;9;2;0;7;12;19;-7;6;10;1;5;4;16;22;-6;8;Stoke;19;7;5;7;20;30;-10;26;10;4;4;2;14;11;3;16;9;3;1;5;6;19;-13;10;2.5;3.25;2.88;1;2;A
20;02/01/2012;Fulham;19;4;8;7;20;25;-5;20;9;3;3;3;14;14;0;12;10;1;5;4;6;11;-5;8;Arsenal;19;11;3;5;35;26;9;36;10;7;2;1;16;6;10;23;9;4;1;4;19;20;-1;13;4;3.5;1.91;2;1;H
20;02/01/2012;QPR;19;4;5;10;18;33;-15;17;9;1;4;4;8;15;-7;7;10;3;1;6;10;18;-8;10;Norwich;19;5;7;7;28;34;-6;22;10;4;3;3;17;15;2;15;9;1;4;4;11;19;-8;7;2.1;3.4;3.5;1;2;A
20;02/01/2012;Wolverhampton;19;4;5;10;21;34;-13;17;9;3;2;4;13;15;-2;11;10;1;3;6;8;19;-11;6;Chelsea;19;10;4;5;37;24;13;34;10;6;1;3;23;16;7;19;9;4;3;2;14;8;6;15;6;4;1.57;1;2;A
20;03/01/2012;Man City;19;14;3;2;53;16;37;45;9;9;0;0;28;4;24;27;10;5;3;2;25;12;13;18;Liverpool;19;9;7;3;24;15;9;34;10;4;6;0;14;8;6;18;9;5;1;3;10;7;3;16;1.91;3.4;4.2;3;0;H
20;03/01/2012;Tottenham;19;13;3;3;37;20;17;42;9;7;1;1;19;8;11;22;10;6;2;2;18;12;6;20;West Bromwich;19;6;4;9;19;27;-8;22;10;2;2;6;7;12;-5;8;9;4;2;3;12;15;-3;14;1.33;5;10;1;0;H
20;03/01/2012;Wigan;19;3;6;10;17;37;-20;15;9;1;4;4;9;16;-7;7;10;2;2;6;8;21;-13;8;Sunderland;19;5;6;8;23;22;1;21;10;3;4;3;14;11;3;13;9;2;2;5;9;11;-2;8;2.63;3.25;2.75;1;4;A
20;04/01/2012;Everton;19;7;3;9;19;22;-3;24;9;3;2;4;9;10;-1;11;10;4;1;5;10;12;-2;13;Bolton;19;4;1;14;23;42;-19;13;10;1;1;8;11;24;-13;4;9;3;0;6;12;18;-6;9;1.5;4;7;1;2;A
20;04/01/2012;Newcastle;19;8;6;5;26;25;1;30;9;4;3;2;12;11;1;15;10;4;3;3;14;14;0;15;Man Utd;19;14;3;2;49;17;32;45;10;7;1;2;30;14;16;22;9;7;2;0;19;3;16;23;5;3.6;1.73;3;0;H
21;14/01/2012;Aston Villa;20;5;8;7;22;26;-4;23;10;3;2;5;11;13;-2;11;10;2;6;2;11;13;-2;12;Everton;20;7;3;10;20;24;-4;24;10;3;2;5;10;12;-2;11;10;4;1;5;10;12;-2;13;2.4;3.25;3;1;1;D
21;14/01/2012;Blackburn;20;3;5;12;29;43;-14;14;10;2;0;8;13;21;-8;6;10;1;5;4;16;22;-6;8;Fulham;20;5;8;7;22;26;-4;23;10;4;3;3;16;15;1;15;10;1;5;4;6;11;-5;8;3;3.3;2.38;3;1;H
21;14/01/2012;Chelsea;20;11;4;5;39;25;14;37;10;6;1;3;23;16;7;19;10;5;3;2;16;9;7;18;Sunderland;20;6;6;8;27;23;4;24;10;3;4;3;14;11;3;13;10;3;2;5;13;12;1;11;1.4;4.5;8.5;1;0;H
21;14/01/2012;Liverpool;20;9;7;4;24;18;6;34;10;4;6;0;14;8;6;18;10;5;1;4;10;10;0;16;Stoke;20;8;5;7;22;31;-9;29;10;4;4;2;14;11;3;16;10;4;1;5;8;20;-12;13;1.4;4.33;9;0;0;D
21;14/01/2012;Man Utd;20;14;3;3;49;20;29;45;10;7;1;2;30;14;16;22;10;7;2;1;19;6;13;23;Bolton;20;5;1;14;25;43;-18;16;10;1;1;8;11;24;-13;4;10;4;0;6;14;19;-5;12;1.14;8;17;3;0;H
21;14/01/2012;Tottenham;20;14;3;3;38;20;18;45;10;8;1;1;20;8;12;25;10;6;2;2;18;12;6;20;Wolverhampton;20;4;5;11;22;36;-14;17;10;3;2;5;14;17;-3;11;10;1;3;6;8;19;-11;6;1.25;5.5;13;1;1;D
21;14/01/2012;West Bromwich;20;6;4;10;19;28;-9;22;10;2;2;6;7;12;-5;8;10;4;2;4;12;16;-4;14;Norwich;20;6;7;7;30;35;-5;25;10;4;3;3;17;15;2;15;10;2;4;4;13;20;-7;10;2;3.4;3.8;1;2;A
21;15/01/2012;Newcastle;20;9;6;5;29;25;4;33;10;5;3;2;15;11;4;18;10;4;3;3;14;14;0;15;QPR;20;4;5;11;19;35;-16;17;10;1;4;5;9;17;-8;7;10;3;1;6;10;18;-8;10;1.73;3.6;5;1;0;H
21;15/01/2012;Swansea;20;5;8;7;20;23;-3;23;10;4;5;1;12;4;8;17;10;1;3;6;8;19;-11;6;Arsenal;20;11;3;6;36;28;8;36;10;7;2;1;16;6;10;23;10;4;1;5;20;22;-2;13;4.75;3.5;1.8;3;2;H
21;16/01/2012;Wigan;20;3;6;11;18;41;-23;15;10;1;4;5;10;20;-10;7;10;2;2;6;8;21;-13;8;Man City;20;15;3;2;56;16;40;48;10;10;0;0;31;4;27;30;10;5;3;2;25;12;13;18;9;4.33;1.4;0;1;A
22;21/01/2012;Bolton;21;5;1;15;25;46;-21;16;10;1;1;8;11;24;-13;4;11;4;0;7;14;22;-8;12;Liverpool;21;9;8;4;24;18;6;35;11;4;7;0;14;8;6;19;10;5;1;4;10;10;0;16;6;3.75;1.62;3;1;H
22;21/01/2012;Everton;21;7;4;10;21;25;-4;25;10;3;2;5;10;12;-2;11;11;4;2;5;11;13;-2;14;Blackburn;21;4;5;12;32;44;-12;17;11;3;0;8;16;22;-6;9;10;1;5;4;16;22;-6;8;1.53;4;6.5;1;1;D
22;21/01/2012;Fulham;21;5;8;8;23;29;-6;23;10;4;3;3;16;15;1;15;11;1;5;5;7;14;-7;8;Newcastle;21;10;6;5;30;25;5;36;11;6;3;2;16;11;5;21;10;4;3;3;14;14;0;15;2;3.4;3.8;5;2;H
22;21/01/2012;Norwich;21;7;7;7;32;36;-4;28;10;4;3;3;17;15;2;15;11;3;4;4;15;21;-6;13;Chelsea;21;12;4;5;40;25;15;40;11;7;1;3;24;16;8;22;10;5;3;2;16;9;7;18;5.5;4;1.62;0;0;D
22;21/01/2012;QPR;21;4;5;12;19;36;-17;17;10;1;4;5;9;17;-8;7;11;3;1;7;10;19;-9;10;Wigan;21;3;6;12;18;42;-24;15;11;1;4;6;10;21;-11;7;10;2;2;6;8;21;-13;8;2;3.4;3.8;3;1;H
22;21/01/2012;Stoke;21;8;6;7;22;31;-9;30;10;4;4;2;14;11;3;16;11;4;2;5;8;20;-12;14;West Bromwich;21;6;4;11;20;30;-10;22;11;2;2;7;8;14;-6;8;10;4;2;4;12;16;-4;14;1.91;3.4;4.2;1;2;A
22;21/01/2012;Sunderland;21;6;6;9;27;24;3;24;10;3;4;3;14;11;3;13;11;3;2;6;13;13;0;11;Swansea;21;6;8;7;23;25;-2;26;11;5;5;1;15;6;9;20;10;1;3;6;8;19;-11;6;1.91;3.4;4.2;2;0;H
22;21/01/2012;Wolverhampton;21;4;6;11;23;37;-14;18;10;3;2;5;14;17;-3;11;11;1;4;6;9;20;-11;7;Aston Villa;21;5;9;7;23;27;-4;24;11;3;3;5;12;14;-2;12;10;2;6;2;11;13;-2;12;2.5;3.25;2.88;2;3;A
22;22/01/2012;Arsenal;21;11;3;7;38;31;7;36;10;7;2;1;16;6;10;23;11;4;1;6;22;25;-3;13;Man Utd;21;15;3;3;52;20;32;48;11;8;1;2;33;14;19;25;10;7;2;1;19;6;13;23;2.8;3.4;2.5;1;2;A
22;22/01/2012;Man City;21;16;3;2;57;16;41;51;10;10;0;0;31;4;27;30;11;6;3;2;26;12;14;21;Tottenham;21;14;4;3;39;21;18;46;11;8;2;1;21;9;12;26;10;6;2;2;18;12;6;20;1.91;3.6;4;3;2;H
23;31/01/2012;Everton;22;7;5;10;22;26;-4;26;11;3;3;5;11;13;-2;12;11;4;2;5;11;13;-2;14;Man City;22;17;3;2;60;18;42;54;11;11;0;0;34;6;28;33;11;6;3;2;26;12;14;21;4.33;3.5;1.85;1;0;H
23;31/01/2012;Man Utd;22;16;3;3;54;21;33;51;11;8;1;2;33;14;19;25;11;8;2;1;21;7;14;26;Stoke;22;8;6;8;23;33;-10;30;11;4;4;3;15;13;2;16;11;4;2;5;8;20;-12;14;1.33;5;10;2;0;H
23;31/01/2012;Swansea;22;6;8;8;23;27;-4;26;11;5;5;1;15;6;9;20;11;1;3;7;8;21;-13;6;Chelsea;22;12;5;5;40;25;15;41;11;7;1;3;24;16;8;22;11;5;4;2;16;9;7;19;4;3.25;2;1;1;D
23;31/01/2012;Tottenham;22;14;4;4;41;24;17;46;11;8;2;1;21;9;12;26;11;6;2;3;20;15;5;20;Wigan;22;3;6;13;19;45;-26;15;11;1;4;6;10;21;-11;7;11;2;2;7;9;24;-15;8;1.22;6;15;3;1;H
23;31/01/2012;Wolverhampton;22;4;6;12;25;40;-15;18;11;3;2;6;16;20;-4;11;11;1;4;6;9;20;-11;7;Liverpool;22;9;8;5;25;21;4;35;11;4;7;0;14;8;6;19;11;5;1;5;11;13;-2;16;5;3.8;1.7;0;3;A
23;01/02/2012;Aston Villa;22;6;9;7;26;29;-3;27;11;3;3;5;12;14;-2;12;11;3;6;2;14;15;-1;15;QPR;22;5;5;12;22;37;-15;20;11;2;4;5;12;18;-6;10;11;3;1;7;10;19;-9;10;1.8;3.5;4.75;2;2;D
23;01/02/2012;Blackburn;22;4;6;12;33;45;-12;18;11;3;0;8;16;22;-6;9;11;1;6;4;17;23;-6;9;Newcastle;22;10;6;6;32;30;2;36;11;6;3;2;16;11;5;21;11;4;3;4;16;19;-3;15;2.63;3.3;2.7;0;2;A
23;01/02/2012;Bolton;22;6;1;15;28;47;-19;19;11;2;1;8;14;25;-11;7;11;4;0;7;14;22;-8;12;Arsenal;22;11;3;8;39;33;6;36;11;7;2;2;17;8;9;23;11;4;1;6;22;25;-3;13;5;3.75;1.7;0;0;D
23;01/02/2012;Fulham;22;6;8;8;28;31;-3;26;11;5;3;3;21;17;4;18;11;1;5;5;7;14;-7;8;West Bromwich;22;7;4;11;22;31;-9;25;11;2;2;7;8;14;-6;8;11;5;2;4;14;17;-3;17;1.83;3.5;4.5;1;1;D
23;01/02/2012;Sunderland;22;7;6;9;29;24;5;27;11;4;4;3;16;11;5;16;11;3;2;6;13;13;0;11;Norwich;22;7;8;7;32;36;-4;29;11;4;4;3;17;15;2;16;11;3;4;4;15;21;-6;13;1.91;3.5;4.2;3;0;H
24;04/02/2012;Arsenal;23;11;4;8;39;33;6;37;11;7;2;2;17;8;9;23;12;4;2;6;22;25;-3;14;Blackburn;23;4;6;13;33;47;-14;18;12;3;0;9;16;24;-8;9;11;1;6;4;17;23;-6;9;1.29;5.5;11;7;1;H
24;04/02/2012;Man City;23;17;3;3;60;19;41;54;11;11;0;0;34;6;28;33;12;6;3;3;26;13;13;21;Fulham;23;6;9;8;29;32;-3;27;12;5;4;3;22;18;4;19;11;1;5;5;7;14;-7;8;1.3;5.5;10;3;0;H
24;04/02/2012;Norwich;23;7;8;8;32;39;-7;29;11;4;4;3;17;15;2;16;12;3;4;5;15;24;-9;13;Bolton;23;6;2;15;28;47;-19;20;12;2;2;8;14;25;-11;8;11;4;0;7;14;22;-8;12;2;3.5;3.75;2;0;H
24;04/02/2012;QPR;23;5;6;12;24;39;-15;21;11;2;4;5;12;18;-6;10;12;3;2;7;12;21;-9;11;Wolverhampton;23;4;6;13;25;43;-18;18;12;3;2;7;16;23;-7;11;11;1;4;6;9;20;-11;7;1.91;3.6;4;1;2;A
24;04/02/2012;Stoke;23;8;6;9;23;35;-12;30;11;4;4;3;15;13;2;16;12;4;2;6;8;22;-14;14;Sunderland;23;8;6;9;32;24;8;30;12;5;4;3;19;11;8;19;11;3;2;6;13;13;0;11;2.25;3.25;3.3;0;1;A
24;04/02/2012;West Bromwich;23;7;5;11;23;32;-9;26;11;2;2;7;8;14;-6;8;12;5;3;4;15;18;-3;18;Swansea;23;6;9;8;24;28;-4;27;12;5;6;1;16;7;9;21;11;1;3;7;8;21;-13;6;2.1;3.3;3.6;1;2;A
24;04/02/2012;Wigan;23;3;6;14;20;48;-28;15;11;1;4;6;10;21;-11;7;12;2;2;8;10;27;-17;8;Everton;23;8;5;10;23;26;-3;29;12;4;3;5;12;13;-1;15;11;4;2;5;11;13;-2;14;3.5;3.4;2.1;1;1;D
24;05/02/2012;Chelsea;23;12;6;5;41;26;15;42;11;7;1;3;24;16;8;22;12;5;5;2;17;10;7;20;Man Utd;23;17;3;3;56;21;35;54;12;9;1;2;35;14;21;28;11;8;2;1;21;7;14;26;2.5;3.3;2.88;3;3;D
24;05/02/2012;Newcastle;23;11;6;6;34;30;4;39;11;6;3;2;16;11;5;21;12;5;3;4;18;19;-1;18;Aston Villa;23;6;10;7;28;31;-3;28;12;3;4;5;14;16;-2;13;11;3;6;2;14;15;-1;15;2;3.4;3.8;2;1;H
24;06/02/2012;Liverpool;23;10;8;5;28;21;7;38;11;4;7;0;14;8;6;19;12;6;1;5;14;13;1;19;Tottenham;23;15;4;4;44;25;19;49;12;9;2;1;24;10;14;29;11;6;2;3;20;15;5;20;2;3.4;3.8;0;0;D
25;11/02/2012;Blackburn;24;4;6;14;34;54;-20;18;12;3;0;9;16;24;-8;9;12;1;6;5;18;30;-12;9;QPR;24;5;6;13;25;41;-16;21;12;2;4;6;13;20;-7;10;12;3;2;7;12;21;-9;11;2.38;3.3;3;3;2;H
25;11/02/2012;Bolton;24;6;2;16;28;49;-21;20;12;2;2;8;14;25;-11;8;12;4;0;8;14;24;-10;12;Wigan;24;3;7;14;21;49;-28;16;12;1;5;6;11;22;-11;8;12;2;2;8;10;27;-17;8;2;3.5;3.75;1;2;A
25;11/02/2012;Everton;24;8;6;10;24;27;-3;30;12;4;3;5;12;13;-1;15;12;4;3;5;12;14;-2;15;Chelsea;24;12;7;5;44;29;15;43;12;7;2;3;27;19;8;23;12;5;5;2;17;10;7;20;3.25;3.3;2.25;2;0;H
25;11/02/2012;Fulham;24;6;9;9;29;35;-6;27;12;5;4;3;22;18;4;19;12;1;5;6;7;17;-10;8;Stoke;24;8;6;10;23;36;-13;30;12;4;4;4;15;14;1;16;12;4;2;6;8;22;-14;14;1.91;3.5;4;2;1;H
25;11/02/2012;Man Utd;24;17;4;3;59;24;35;55;12;9;1;2;35;14;21;28;12;8;3;1;24;10;14;27;Liverpool;24;10;9;5;28;21;7;39;12;4;8;0;14;8;6;20;12;6;1;5;14;13;1;19;1.85;3.6;4.33;2;1;H
25;11/02/2012;Sunderland;24;9;6;9;33;24;9;33;12;5;4;3;19;11;8;19;12;4;2;6;14;13;1;14;Arsenal;24;12;4;8;46;34;12;40;12;8;2;2;24;9;15;26;12;4;2;6;22;25;-3;14;3.5;3.4;2.1;1;2;A
25;11/02/2012;Swansea;24;7;9;8;26;29;-3;30;12;5;6;1;16;7;9;21;12;2;3;7;10;22;-12;9;Norwich;24;8;8;8;34;39;-5;32;12;5;4;3;19;15;4;19;12;3;4;5;15;24;-9;13;1.83;3.5;4.5;2;3;A
25;11/02/2012;Tottenham;24;15;5;4;44;25;19;50;12;9;2;1;24;10;14;29;12;6;3;3;20;15;5;21;Newcastle;24;12;6;6;36;31;5;42;12;7;3;2;18;12;6;24;12;5;3;4;18;19;-1;18;1.44;4.33;7.5;5;0;H
25;12/02/2012;Aston Villa;24;6;10;8;29;33;-4;28;12;3;4;5;14;16;-2;13;12;3;6;3;15;17;-2;15;Man City;24;18;3;3;63;19;44;57;12;12;0;0;37;6;31;36;12;6;3;3;26;13;13;21;5.5;3.6;1.67;0;1;A
25;12/02/2012;Wolverhampton;24;5;6;13;27;44;-17;21;12;3;2;7;16;23;-7;11;12;2;4;6;11;21;-10;10;West Bromwich;24;7;5;12;24;34;-10;26;12;2;2;8;9;16;-7;8;12;5;3;4;15;18;-3;18;2.5;3.25;2.88;1;5;A
26;25/02/2012;Chelsea;25;12;7;6;44;31;13;43;12;7;2;3;27;19;8;23;13;5;5;3;17;12;5;20;Bolton;25;6;2;17;29;51;-22;20;13;2;2;9;15;27;-12;8;12;4;0;8;14;24;-10;12;1.29;5.5;11;3;0;H
26;25/02/2012;Man City;25;19;3;3;64;19;45;60;12;12;0;0;37;6;31;36;13;7;3;3;27;13;14;24;Blackburn;25;5;6;14;37;56;-19;21;13;4;0;9;19;26;-7;12;12;1;6;5;18;30;-12;9;1.17;7;17;3;0;H
26;25/02/2012;Newcastle;25;12;6;7;36;36;0;42;12;7;3;2;18;12;6;24;13;5;3;5;18;24;-6;18;Wolverhampton;25;5;6;14;28;49;-21;21;13;3;2;8;17;28;-11;11;12;2;4;6;11;21;-10;10;1.57;4;6;2;2;D
26;25/02/2012;QPR;25;5;6;14;27;44;-17;21;12;2;4;6;13;20;-7;10;13;3;2;8;14;24;-10;11;Fulham;25;7;9;9;31;36;-5;30;13;6;4;3;24;19;5;22;12;1;5;6;7;17;-10;8;2.63;3.25;2.75;0;1;A
26;25/02/2012;West Bromwich;25;8;5;12;29;35;-6;29;12;2;2;8;9;16;-7;8;13;6;3;4;20;19;1;21;Sunderland;25;9;6;10;34;26;8;33;13;5;4;4;20;13;7;19;12;4;2;6;14;13;1;14;2.4;3.25;3;4;0;H
26;25/02/2012;Wigan;25;4;7;14;23;50;-27;19;12;1;5;6;11;22;-11;8;13;3;2;8;12;28;-16;11;Aston Villa;25;6;10;9;29;34;-5;28;13;3;4;6;14;17;-3;13;12;3;6;3;15;17;-2;15;2.75;3.25;2.63;0;0;D
26;26/02/2012;Arsenal;25;13;4;8;48;35;13;43;12;8;2;2;24;9;15;26;13;5;2;6;24;26;-2;17;Tottenham;25;16;5;4;49;25;24;53;13;10;2;1;29;10;19;32;12;6;3;3;20;15;5;21;2.5;3.4;2.75;5;2;H
26;26/02/2012;Norwich;25;9;8;8;37;41;-4;35;12;5;4;3;19;15;4;19;13;4;4;5;18;26;-8;16;Man Utd;25;18;4;3;61;25;36;58;13;10;1;2;37;15;22;31;12;8;3;1;24;10;14;27;6.5;4;1.53;1;2;A
26;26/02/2012;Stoke;25;8;6;11;24;38;-14;30;12;4;4;4;15;14;1;16;13;4;2;7;9;24;-15;14;Swansea;25;7;9;9;28;32;-4;30;13;5;6;2;18;10;8;21;12;2;3;7;10;22;-12;9;2.1;3.4;3.5;2;0;H
27;03/03/2012;Blackburn;26;5;6;15;37;59;-22;21;13;4;0;9;19;26;-7;12;13;1;6;6;18;33;-15;9;Aston Villa;26;6;11;9;29;34;-5;29;13;3;4;6;14;17;-3;13;13;3;7;3;15;17;-2;16;2.38;3.4;3;1;1;D
27;03/03/2012;Liverpool;26;11;9;6;32;23;9;42;13;5;8;0;17;8;9;23;13;6;1;6;15;15;0;19;Arsenal;26;14;4;8;53;37;16;46;13;9;2;2;29;11;18;29;13;5;2;6;24;26;-2;17;2;3.5;3.75;1;2;A
27;03/03/2012;Man City;26;20;3;3;67;19;48;63;13;13;0;0;40;6;34;39;13;7;3;3;27;13;14;24;Bolton;26;6;2;18;29;54;-25;20;13;2;2;9;15;27;-12;8;13;4;0;9;14;27;-13;12;1.13;8.5;21;2;0;H
27;03/03/2012;QPR;26;5;6;15;27;45;-18;21;13;2;4;7;13;21;-8;10;13;3;2;8;14;24;-10;11;Everton;26;9;6;11;26;30;-4;33;13;5;3;5;14;13;1;18;13;4;3;6;12;17;-5;15;3.1;3.25;2.38;1;1;D
27;03/03/2012;Stoke;26;9;6;11;26;38;-12;33;13;5;4;4;17;14;3;19;13;4;2;7;9;24;-15;14;Norwich;26;9;8;9;38;43;-5;35;13;5;4;4;20;17;3;19;13;4;4;5;18;26;-8;16;1.83;3.5;4.5;1;0;H
27;03/03/2012;West Bromwich;26;9;5;12;33;35;-2;32;13;3;2;8;13;16;-3;11;13;6;3;4;20;19;1;21;Chelsea;26;13;7;6;47;31;16;46;13;8;2;3;30;19;11;26;13;5;5;3;17;12;5;20;4.2;3.4;1.91;1;0;H
27;03/03/2012;Wigan;26;4;8;14;23;50;-27;20;13;1;6;6;11;22;-11;9;13;3;2;8;12;28;-16;11;Swansea;26;7;9;10;28;34;-6;30;13;5;6;2;18;10;8;21;13;2;3;8;10;24;-14;9;2.5;3.25;2.88;0;2;A
27;04/03/2012;Fulham;26;8;9;9;32;36;-4;33;13;6;4;3;24;19;5;22;13;2;5;6;8;17;-9;11;Wolverhampton;26;5;7;14;30;51;-21;22;13;3;2;8;17;28;-11;11;13;2;5;6;13;23;-10;11;1.57;3.75;6.5;5;0;H
27;04/03/2012;Newcastle;26;12;7;7;38;38;0;43;13;7;4;2;20;14;6;25;13;5;3;5;18;24;-6;18;Sunderland;26;9;6;11;34;30;4;33;13;5;4;4;20;13;7;19;13;4;2;7;14;17;-3;14;2.1;3.4;3.5;1;1;D
27;04/03/2012;Tottenham;26;16;5;5;51;30;21;53;13;10;2;1;29;10;19;32;13;6;3;4;22;20;2;21;Man Utd;26;19;4;3;63;26;37;61;13;10;1;2;37;15;22;31;13;9;3;1;26;11;15;30;2.88;3.4;2.4;1;3;A
28;10/03/2012;Aston Villa;27;6;12;9;30;35;-5;30;13;3;4;6;14;17;-3;13;14;3;8;3;16;18;-2;17;Fulham;27;9;9;9;37;36;1;36;14;7;4;3;29;19;10;25;13;2;5;6;8;17;-9;11;2.5;3.25;2.88;1;0;H
28;10/03/2012;Bolton;27;6;2;19;29;56;-27;20;13;2;2;9;15;27;-12;8;14;4;0;10;14;29;-15;12;QPR;27;5;7;15;28;46;-18;22;14;2;5;7;14;22;-8;11;13;3;2;8;14;24;-10;11;2.5;3.25;2.88;2;1;H
28;10/03/2012;Chelsea;27;13;7;7;47;32;15;46;13;8;2;3;30;19;11;26;14;5;5;4;17;13;4;20;Stoke;27;10;6;11;27;38;-11;36;14;6;4;4;18;14;4;22;13;4;2;7;9;24;-15;14;1.4;4.5;8.5;1;0;H
28;10/03/2012;Everton;27;9;7;11;27;31;-4;34;13;5;3;5;14;13;1;18;14;4;4;6;13;18;-5;16;Tottenham;27;16;5;6;52;33;19;53;14;10;2;2;30;13;17;32;13;6;3;4;22;20;2;21;2.88;3.25;2.5;1;0;H
28;10/03/2012;Sunderland;27;9;7;11;35;31;4;34;13;5;4;4;20;13;7;19;14;4;3;7;15;18;-3;15;Liverpool;27;11;9;7;33;25;8;42;14;5;8;1;18;10;8;23;13;6;1;6;15;15;0;19;3.8;3.4;2;1;0;H
28;10/03/2012;Wolverhampton;27;5;7;15;30;56;-26;22;13;3;2;8;17;28;-11;11;14;2;5;7;13;28;-15;11;Blackburn;27;5;7;15;38;60;-22;22;14;4;1;9;20;27;-7;13;13;1;6;6;18;33;-15;9;2.38;3.3;3;0;2;A
28;11/03/2012;Man Utd;27;20;4;3;66;27;39;64;13;10;1;2;37;15;22;31;14;10;3;1;29;12;17;33;West Bromwich;27;10;5;12;34;35;-1;35;14;4;2;8;14;16;-2;14;13;6;3;4;20;19;1;21;1.29;5.5;11;2;0;H
28;11/03/2012;Norwich;27;9;8;10;38;44;-6;35;13;5;4;4;20;17;3;19;14;4;4;6;18;27;-9;16;Wigan;27;4;8;15;23;52;-29;20;14;1;6;7;11;24;-13;9;13;3;2;8;12;28;-16;11;1.83;3.6;4.33;1;1;D
28;11/03/2012;Swansea;27;8;9;10;30;34;-4;33;13;5;6;2;18;10;8;21;14;3;3;8;12;24;-12;12;Man City;27;21;3;3;69;19;50;66;14;14;0;0;42;6;36;42;13;7;3;3;27;13;14;24;6;3.75;1.62;1;0;H
28;12/03/2012;Arsenal;27;15;4;8;55;38;17;49;13;9;2;2;29;11;18;29;14;6;2;6;26;27;-1;20;Newcastle;27;12;8;7;39;39;0;44;14;7;5;2;21;15;6;26;13;5;3;5;18;24;-6;18;1.44;4.33;7.5;2;1;H
29;17/03/2012;Fulham;28;9;9;10;37;37;0;36;14;7;4;3;29;19;10;25;14;2;5;7;8;18;-10;11;Swansea;28;9;9;10;31;34;-3;36;14;6;6;2;19;10;9;24;14;3;3;8;12;24;-12;12;1.83;3.5;4.5;0;3;A
29;17/03/2012;Wigan;28;4;9;15;24;53;-29;21;14;1;6;7;11;24;-13;9;14;3;3;8;13;29;-16;12;West Bromwich;28;10;5;13;34;37;-3;35;14;4;2;8;14;16;-2;14;14;6;3;5;20;21;-1;21;2.75;3.3;2.6;1;1;D
29;18/03/2012;Newcastle;28;12;8;8;40;41;-1;44;14;7;5;2;21;15;6;26;14;5;3;6;19;26;-7;18;Norwich;28;9;9;10;39;45;-6;36;14;5;5;4;21;18;3;20;14;4;4;6;18;27;-9;16;1.8;3.6;4.5;1;0;H
29;18/03/2012;Wolverhampton;28;5;7;16;30;58;-28;22;14;3;2;9;17;30;-13;11;14;2;5;7;13;28;-15;11;Man Utd;28;21;4;3;68;27;41;67;14;11;1;2;39;15;24;34;14;10;3;1;29;12;17;33;9;5;1.33;0;5;A
29;20/03/2012;Blackburn;28;6;7;15;40;60;-20;25;14;4;1;9;20;27;-7;13;14;2;6;6;20;33;-13;12;Sunderland;28;10;7;11;36;31;5;37;14;6;4;4;21;13;8;22;14;4;3;7;15;18;-3;15;2.4;3.4;2.88;2;0;H
29;21/03/2012;Everton;28;10;7;11;28;31;-3;37;14;6;3;5;15;13;2;21;14;4;4;6;13;18;-5;16;Arsenal;28;16;4;8;57;39;18;52;14;10;2;2;31;12;19;32;14;6;2;6;26;27;-1;20;3;3.4;2.3;0;1;A
29;21/03/2012;Man City;28;21;3;4;69;20;49;66;14;14;0;0;42;6;36;42;14;7;3;4;27;14;13;24;Chelsea;28;14;7;7;48;32;16;49;14;9;2;3;31;19;12;29;14;5;5;4;17;13;4;20;1.91;3.6;4;2;1;H
29;21/03/2012;QPR;28;5;7;16;29;48;-19;22;14;2;5;7;14;22;-8;11;14;3;2;9;15;26;-11;11;Liverpool;28;11;9;8;33;26;7;42;14;5;8;1;18;10;8;23;14;6;1;7;15;16;-1;19;5;3.6;1.73;3;2;H
29;21/03/2012;Tottenham;28;16;5;7;52;34;18;53;14;10;2;2;30;13;17;32;14;6;3;5;22;21;1;21;Stoke;28;10;6;12;27;39;-12;36;14;6;4;4;18;14;4;22;14;4;2;8;9;25;-16;14;1.4;4.5;8.5;1;1;D
30;24/03/2012;Arsenal;29;17;4;8;58;39;19;55;14;10;2;2;31;12;19;32;15;7;2;6;27;27;0;23;Aston Villa;29;7;12;10;32;37;-5;33;15;4;4;7;16;19;-3;16;14;3;8;3;16;18;-2;17;1.33;5;10;3;0;H
30;24/03/2012;Bolton;29;8;2;19;33;58;-25;26;14;3;2;9;17;28;-11;11;15;5;0;10;16;30;-14;15;Blackburn;29;7;7;15;42;60;-18;28;15;5;1;9;22;27;-5;16;14;2;6;6;20;33;-13;12;2.4;3.4;2.9;2;1;H
30;24/03/2012;Chelsea;29;14;7;8;49;34;15;49;14;9;2;3;31;19;12;29;15;5;5;5;18;15;3;20;Tottenham;29;16;6;7;53;35;18;54;15;10;3;2;31;14;17;33;14;6;3;5;22;21;1;21;1.83;3.6;4.33;0;0;D
30;24/03/2012;Liverpool;29;11;9;9;35;29;6;42;14;5;8;1;18;10;8;23;15;6;1;8;17;19;-2;19;Wigan;29;4;10;15;25;54;-29;22;15;1;7;7;12;25;-13;10;14;3;3;8;13;29;-16;12;1.29;5.5;11;1;2;A
30;24/03/2012;Norwich;29;9;9;11;39;46;-7;36;14;5;5;4;21;18;3;20;15;4;4;7;18;28;-10;16;Wolverhampton;29;5;7;17;30;63;-33;22;15;3;2;10;17;35;-18;11;14;2;5;7;13;28;-15;11;1.73;3.75;4.75;2;1;H
30;24/03/2012;Stoke;29;10;7;12;28;40;-12;37;14;6;4;4;18;14;4;22;15;4;3;8;10;26;-16;15;Man City;29;22;3;4;71;21;50;69;15;15;0;0;44;7;37;45;14;7;3;4;27;14;13;24;6;3.75;1.62;1;1;D
30;24/03/2012;Sunderland;29;10;7;12;36;33;3;37;14;6;4;4;21;13;8;22;15;4;3;8;15;20;-5;15;QPR;29;6;7;16;32;50;-18;25;15;3;5;7;17;24;-7;14;14;3;2;9;15;26;-11;11;2;3.4;3.8;3;1;H
30;24/03/2012;Swansea;29;10;9;10;34;34;0;39;14;6;6;2;19;10;9;24;15;4;3;8;15;24;-9;15;Everton;29;10;7;12;28;32;-4;37;15;6;3;6;15;14;1;21;14;4;4;6;13;18;-5;16;2.2;3.25;3.4;0;2;A
30;25/03/2012;West Bromwich;29;10;6;13;35;38;-3;36;14;4;2;8;14;16;-2;14;15;6;4;5;21;22;-1;22;Newcastle;29;13;8;8;41;41;0;47;15;8;5;2;22;15;7;29;14;5;3;6;19;26;-7;18;2.3;3.4;3.1;1;3;A
30;26/03/2012;Man Utd;29;22;4;3;73;27;46;70;14;11;1;2;39;15;24;34;15;11;3;1;34;12;22;36;Fulham;29;9;9;11;37;40;-3;36;15;7;4;4;29;22;7;25;14;2;5;7;8;18;-10;11;1.22;6;15;1;0;H
31;31/03/2012;Aston Villa;30;7;12;11;32;40;-8;33;15;4;4;7;16;19;-3;16;15;3;8;4;16;21;-5;17;Chelsea;30;14;8;8;49;34;15;50;15;9;3;3;31;19;12;30;15;5;5;5;18;15;3;20;4.5;3.5;1.83;2;4;A
31;31/03/2012;Everton;30;11;7;12;30;32;-2;40;15;6;3;6;15;14;1;21;15;5;4;6;15;18;-3;19;West Bromwich;30;10;6;14;36;41;-5;36;15;4;2;9;15;19;-4;14;15;6;4;5;21;22;-1;22;1.83;3.5;4.5;2;0;H
31;31/03/2012;Fulham;30;9;9;12;37;41;-4;36;15;7;4;4;29;22;7;25;15;2;5;8;8;19;-11;11;Norwich;30;10;9;11;41;47;-6;39;15;6;5;4;23;19;4;23;15;4;4;7;18;28;-10;16;1.7;3.75;5;2;1;H
31;31/03/2012;Man City;30;22;4;4;72;22;50;70;15;15;0;0;44;7;37;45;15;7;4;4;28;15;13;25;Sunderland;30;11;7;12;39;34;5;40;15;7;4;4;24;14;10;25;15;4;3;8;15;20;-5;15;1.22;6.5;12;3;3;D
31;31/03/2012;QPR;30;6;7;17;33;53;-20;25;15;3;5;7;17;24;-7;14;15;3;2;10;16;29;-13;11;Arsenal;30;18;4;8;61;39;22;58;15;11;2;2;34;12;22;35;15;7;2;6;27;27;0;23;5.5;4.2;1.57;2;1;H
31;31/03/2012;Wigan;30;5;10;15;27;55;-28;25;15;1;7;7;12;25;-13;10;15;4;3;8;15;30;-15;15;Stoke;30;10;8;12;29;41;-12;38;15;6;5;4;19;15;4;23;15;4;3;8;10;26;-16;15;2.63;3.25;2.75;2;0;H
31;31/03/2012;Wolverhampton;30;5;7;18;31;65;-34;22;15;3;2;10;17;35;-18;11;15;2;5;8;14;30;-16;11;Bolton;30;9;2;19;35;59;-24;29;15;4;2;9;19;29;-10;14;15;5;0;10;16;30;-14;15;2.3;3.4;3.1;2;3;A
31;01/04/2012;Newcastle;30;14;8;8;44;42;2;50;15;8;5;2;22;15;7;29;15;6;3;6;22;27;-5;21;Liverpool;30;11;9;10;36;31;5;42;15;5;8;2;19;12;7;23;15;6;1;8;17;19;-2;19;2.88;3.4;2.4;2;0;H
31;01/04/2012;Tottenham;30;16;7;7;53;35;18;55;15;10;3;2;31;14;17;33;15;6;4;5;22;21;1;22;Swansea;30;10;9;11;34;36;-2;39;15;6;6;3;19;12;7;24;15;4;3;8;15;24;-9;15;1.4;4.5;8.5;3;1;H
31;02/04/2012;Blackburn;30;7;7;16;43;62;-19;28;15;5;1;9;22;27;-5;16;15;2;6;7;21;35;-14;12;Man Utd;30;23;4;3;74;27;47;73;15;12;1;2;40;15;25;37;15;11;3;1;34;12;22;36;9;4.75;1.36;0;2;A
32;06/04/2012;Swansea;31;10;9;12;35;39;-4;39;15;6;6;3;19;12;7;24;16;4;3;9;16;27;-11;15;Newcastle;31;15;8;8;46;42;4;53;16;9;5;2;24;15;9;32;15;6;3;6;22;27;-5;21;2.4;3.4;2.88;0;2;A
32;07/04/2012;Bolton;31;10;2;19;38;61;-23;32;15;4;2;9;19;29;-10;14;16;6;0;10;19;32;-13;18;Fulham;31;10;9;12;39;42;-3;39;16;8;4;4;31;23;8;28;15;2;5;8;8;19;-11;11;2.6;3.3;2.75;0;3;A
32;07/04/2012;Chelsea;31;15;8;8;53;36;17;53;15;9;3;3;31;19;12;30;16;6;5;5;22;17;5;23;Wigan;31;6;10;15;29;55;-26;28;16;2;7;7;14;25;-11;13;15;4;3;8;15;30;-15;15;1.25;6;12;2;1;H
32;07/04/2012;Liverpool;31;11;9;11;36;33;3;42;15;5;8;2;19;12;7;23;16;6;1;9;17;21;-4;19;Aston Villa;31;7;12;12;34;44;-10;33;16;4;4;8;18;23;-5;16;15;3;8;4;16;21;-5;17;1.44;4.33;7.5;1;1;D
32;07/04/2012;Norwich;31;10;9;12;42;49;-7;39;15;6;5;4;23;19;4;23;16;4;4;8;19;30;-11;16;Everton;31;12;7;12;32;32;0;43;16;7;3;6;17;14;3;24;15;5;4;6;15;18;-3;19;3;3.3;2.4;2;2;D
32;07/04/2012;Stoke;31;10;8;13;29;43;-14;38;15;6;5;4;19;15;4;23;16;4;3;9;10;28;-18;15;Wolverhampton;31;5;7;19;33;68;-35;22;16;3;2;11;19;38;-19;11;15;2;5;8;14;30;-16;11;1.57;4;6;2;1;H
32;07/04/2012;Sunderland;31;11;8;12;42;37;5;41;15;7;4;4;24;14;10;25;16;4;4;8;18;23;-5;16;Tottenham;31;17;7;7;56;36;20;58;16;11;3;2;34;15;19;36;15;6;4;5;22;21;1;22;3.3;3.4;2.2;0;0;D
32;07/04/2012;West Bromwich;31;10;6;15;36;43;-7;36;15;4;2;9;15;19;-4;14;16;6;4;6;21;24;-3;22;Blackburn;31;7;7;17;43;64;-21;28;16;5;1;10;22;29;-7;16;15;2;6;7;21;35;-14;12;1.91;3.6;4;3;0;H
32;08/04/2012;Arsenal;31;18;4;9;62;41;21;58;15;11;2;2;34;12;22;35;16;7;2;7;28;29;-1;23;Man City;31;22;5;4;75;25;50;71;16;15;1;0;47;10;37;46;15;7;4;4;28;15;13;25;2.4;3.4;2.88;1;0;H
32;08/04/2012;Man Utd;31;24;4;3;76;27;49;76;15;12;1;2;40;15;25;37;16;12;3;1;36;12;24;39;QPR;31;7;7;17;35;54;-19;28;16;4;5;7;19;25;-6;17;15;3;2;10;16;29;-13;11;1.17;7.5;15;2;0;H
33;09/04/2012;Aston Villa;32;7;13;12;35;45;-10;34;16;4;4;8;18;23;-5;16;16;3;9;4;17;22;-5;18;Stoke;32;11;8;13;31;44;-13;41;16;7;5;4;21;16;5;26;16;4;3;9;10;28;-18;15;2.2;3.3;3.4;1;1;D
33;09/04/2012;Everton;32;12;8;12;34;34;0;44;16;7;3;6;17;14;3;24;16;5;5;6;17;20;-3;20;Sunderland;32;11;9;12;42;37;5;42;16;7;5;4;24;14;10;26;16;4;4;8;18;23;-5;16;1.83;3.5;4.5;4;0;H
33;09/04/2012;Fulham;32;11;9;12;42;42;0;42;16;8;4;4;31;23;8;28;16;3;5;8;11;19;-8;14;Chelsea;32;16;8;8;55;37;18;56;16;10;3;3;33;20;13;33;16;6;5;5;22;17;5;23;3.5;3.4;2.1;1;1;D
33;09/04/2012;Newcastle;32;16;8;8;48;42;6;56;16;9;5;2;24;15;9;32;16;7;3;6;24;27;-3;24;Bolton;32;10;2;20;38;64;-26;32;16;4;2;10;19;32;-13;14;16;6;0;10;19;32;-13;18;1.53;4.2;6;2;0;H
33;09/04/2012;Tottenham;32;17;8;7;56;36;20;59;16;11;3;2;34;15;19;36;16;6;5;5;22;21;1;23;Norwich;32;10;10;12;44;51;-7;40;16;6;6;4;25;21;4;24;16;4;4;8;19;30;-11;16;1.29;5.5;11;1;2;A
33;10/04/2012;Blackburn;32;7;7;18;43;67;-24;28;16;5;1;10;22;29;-7;16;16;2;6;8;21;38;-17;12;Liverpool;32;11;10;11;37;34;3;43;16;5;9;2;20;13;7;24;16;6;1;9;17;21;-4;19;3.5;3.4;2.1;2;3;A
33;11/04/2012;Man City;32;22;5;5;75;26;49;71;16;15;1;0;47;10;37;46;16;7;4;5;28;16;12;25;West Bromwich;32;11;6;15;39;43;-4;39;16;5;2;9;18;19;-1;17;16;6;4;6;21;24;-3;22;1.25;5.5;13;4;0;H
33;11/04/2012;QPR;32;7;7;18;35;56;-21;28;16;4;5;7;19;25;-6;17;16;3;2;11;16;31;-15;11;Swansea;32;10;9;13;35;41;-6;39;16;6;6;4;19;14;5;24;16;4;3;9;16;27;-11;15;2.1;3.4;3.5;3;0;H
33;11/04/2012;Wigan;32;6;10;16;30;57;-27;28;16;2;7;7;14;25;-11;13;16;4;3;9;16;32;-16;15;Man Utd;32;25;4;3;78;27;51;79;16;13;1;2;42;15;27;40;16;12;3;1;36;12;24;39;9;4.75;1.36;1;0;H
33;11/04/2012;Wolverhampton;32;5;7;20;34;70;-36;22;16;3;2;11;19;38;-19;11;16;2;5;9;15;32;-17;11;Arsenal;32;19;4;9;63;41;22;61;16;12;2;2;35;12;23;38;16;7;2;7;28;29;-1;23;7;4.5;1.44;0;3;A
34;14/04/2012;Norwich;33;11;10;12;46;52;-6;43;16;6;6;4;25;21;4;24;17;5;4;8;21;31;-10;19;Man City;33;23;5;5;79;26;53;74;17;16;1;0;51;10;41;49;16;7;4;5;28;16;12;25;6;4.2;1.53;1;6;A
34;14/04/2012;Sunderland;33;11;9;13;42;41;1;42;16;7;5;4;24;14;10;26;17;4;4;9;18;27;-9;16;Wolverhampton;33;5;7;21;34;73;-39;22;17;3;2;12;19;41;-22;11;16;2;5;9;15;32;-17;11;1.5;4.2;6.5;0;0;D
34;14/04/2012;Swansea;33;10;9;14;35;44;-9;39;16;6;6;4;19;14;5;24;17;4;3;10;16;30;-14;15;Blackburn;33;7;7;19;45;70;-25;28;17;5;1;11;24;32;-8;16;16;2;6;8;21;38;-17;12;1.91;3.5;4;3;0;H
34;14/04/2012;West Bromwich;33;11;6;16;39;47;-8;39;16;5;2;9;18;19;-1;17;17;6;4;7;21;28;-7;22;QPR;33;8;7;18;38;56;-18;31;17;5;5;7;22;25;-3;20;16;3;2;11;16;31;-15;11;2.1;3.4;3.5;1;0;H
34;15/04/2012;Man Utd;33;25;4;4;78;28;50;79;16;13;1;2;42;15;27;40;17;12;3;2;36;13;23;39;Aston Villa;33;7;14;12;36;46;-10;35;17;4;5;8;19;24;-5;17;16;3;9;4;17;22;-5;18;1.22;6.5;13;4;0;H
34;16/04/2012;Arsenal;33;20;4;9;66;41;25;64;16;12;2;2;35;12;23;38;17;8;2;7;31;29;2;26;Wigan;33;7;10;16;31;57;-26;31;17;3;7;7;15;25;-10;16;16;4;3;9;16;32;-16;15;1.25;6;12;1;2;A
35;21/04/2012;Arsenal;34;20;4;10;67;43;24;64;17;12;2;3;36;14;22;38;17;8;2;7;31;29;2;26;Chelsea;34;16;9;9;56;40;16;57;17;10;3;4;33;22;11;33;17;6;6;5;23;18;5;24;2;3.6;3.6;0;0;D
35;21/04/2012;Aston Villa;34;7;14;13;36;50;-14;35;17;4;5;8;19;24;-5;17;17;3;9;5;17;26;-9;18;Sunderland;34;11;10;13;42;41;1;43;17;7;6;4;24;14;10;27;17;4;4;9;18;27;-9;16;2.3;3.3;3.2;0;0;D
35;21/04/2012;Blackburn;34;7;7;20;45;73;-28;28;17;5;1;11;24;32;-8;16;17;2;6;9;21;41;-20;12;Norwich;34;11;10;13;47;58;-11;43;17;6;6;5;26;27;-1;24;17;5;4;8;21;31;-10;19;2.1;3.4;3.5;2;0;H
35;21/04/2012;Bolton;34;10;2;22;39;70;-31;32;17;4;2;11;20;36;-16;14;17;6;0;11;19;34;-15;18;Swansea;34;11;9;14;38;44;-6;42;17;7;6;4;22;14;8;27;17;4;3;10;16;30;-14;15;2.2;3.3;3.4;1;1;D
35;21/04/2012;Fulham;34;12;10;12;44;43;1;46;17;8;5;4;32;24;8;29;17;4;5;8;12;19;-7;17;Wigan;34;8;10;16;33;58;-25;34;17;3;7;7;15;25;-10;16;17;5;3;9;18;33;-15;18;1.91;3.6;4;2;1;H
35;21/04/2012;Newcastle;34;18;8;8;52;42;10;62;17;10;5;2;26;15;11;35;17;8;3;6;26;27;-1;27;Stoke;34;11;10;13;33;46;-13;43;17;7;6;4;22;17;5;27;17;4;4;9;11;29;-18;16;1.67;3.75;5.5;3;0;H
35;21/04/2012;QPR;34;8;7;19;38;57;-19;31;17;5;5;7;22;25;-3;20;17;3;2;12;16;32;-16;11;Tottenham;34;18;8;8;61;39;22;62;17;11;3;3;35;17;18;36;17;7;5;5;26;22;4;26;4;3.6;1.91;1;0;H
35;22/04/2012;Liverpool;34;12;10;12;40;37;3;46;17;5;9;3;20;14;6;24;17;7;1;9;20;23;-3;22;West Bromwich;34;12;6;16;40;47;-7;42;17;6;2;9;19;19;0;20;17;6;4;7;21;28;-7;22;1.44;4.33;7.5;0;1;A
35;22/04/2012;Man Utd;34;26;4;4;82;28;54;82;17;14;1;2;46;15;31;43;17;12;3;2;36;13;23;39;Everton;34;13;9;12;39;35;4;48;17;8;3;6;21;14;7;27;17;5;6;6;18;21;-3;21;1.3;5;11;4;4;D
35;22/04/2012;Wolverhampton;34;5;8;21;34;73;-39;23;17;3;2;12;19;41;-22;11;17;2;6;9;15;32;-17;12;Man City;34;24;5;5;85;27;58;77;17;16;1;0;51;10;41;49;17;8;4;5;34;17;17;28;12;6.5;1.22;0;2;A
36;28/04/2012;Everton;35;13;10;12;43;39;4;49;17;8;3;6;21;14;7;27;18;5;7;6;22;25;-3;22;Fulham;35;13;10;12;46;44;2;49;18;9;5;4;34;25;9;32;17;4;5;8;12;19;-7;17;1.83;3.5;4.5;4;0;H
36;28/04/2012;Norwich;35;11;10;14;47;60;-13;43;17;6;6;5;26;27;-1;24;18;5;4;9;21;33;-12;19;Liverpool;35;12;10;13;40;38;2;46;18;5;9;4;20;15;5;24;17;7;1;9;20;23;-3;22;3.8;3.4;2;0;3;A
36;28/04/2012;Stoke;35;11;10;14;33;49;-16;43;17;7;6;4;22;17;5;27;18;4;4;10;11;32;-21;16;Arsenal;35;20;5;10;67;43;24;65;18;12;3;3;36;14;22;39;17;8;2;7;31;29;2;26;4.33;3.6;1.83;1;1;D
36;28/04/2012;Sunderland;35;11;11;13;42;41;1;44;17;7;6;4;24;14;10;27;18;4;5;9;18;27;-9;17;Bolton;35;10;3;22;40;71;-31;33;18;4;3;11;21;37;-16;15;17;6;0;11;19;34;-15;18;2;3.5;3.75;2;2;D
36;28/04/2012;Swansea;35;11;10;14;39;45;-6;43;17;7;6;4;22;14;8;27;18;4;4;10;17;31;-14;16;Wolverhampton;35;5;8;22;34;75;-41;23;18;3;2;13;19;43;-24;11;17;2;6;9;15;32;-17;12;1.53;4;6.5;4;4;D
36;28/04/2012;West Bromwich;35;13;6;16;41;47;-6;45;17;6;2;9;19;19;0;20;18;7;4;7;22;28;-6;25;Aston Villa;35;7;15;13;36;50;-14;36;18;4;6;8;19;24;-5;18;17;3;9;5;17;26;-9;18;2.1;3.4;3.5;0;0;D
36;28/04/2012;Wigan;35;8;10;17;34;60;-26;34;17;3;7;7;15;25;-10;16;18;5;3;10;19;35;-16;18;Newcastle;35;19;8;8;55;42;13;65;18;11;5;2;29;15;14;38;17;8;3;6;26;27;-1;27;2.8;3.4;2.5;4;0;H
36;29/04/2012;Chelsea;35;16;10;9;56;40;16;58;17;10;3;4;33;22;11;33;18;6;7;5;23;18;5;25;QPR;35;9;7;19;39;57;-18;34;18;6;5;7;23;25;-2;23;17;3;2;12;16;32;-16;11;1.4;4.5;8.5;6;1;H
36;29/04/2012;Tottenham;35;18;8;9;61;40;21;62;17;11;3;3;35;17;18;36;18;7;5;6;26;23;3;26;Blackburn;35;8;7;20;47;73;-26;31;18;6;1;11;26;32;-6;19;17;2;6;9;21;41;-20;12;1.36;5;8;2;0;H
36;30/04/2012;Man City;35;25;5;5;87;27;60;80;17;16;1;0;51;10;41;49;18;9;4;5;36;17;19;31;Man Utd;35;26;5;4;86;32;54;83;18;14;2;2;50;19;31;44;17;12;3;2;36;13;23;39;2.1;3.5;3.4;1;0;H
37;05/05/2012;Arsenal;36;20;6;10;68;44;24;66;18;12;3;3;36;14;22;39;18;8;3;7;32;30;2;27;Norwich;36;11;10;15;47;63;-16;43;18;6;6;6;26;30;-4;24;18;5;4;9;21;33;-12;19;1.22;6.5;12;3;3;D
37;06/05/2012;Aston Villa;36;7;16;13;36;50;-14;37;18;4;6;8;19;24;-5;18;18;3;10;5;17;26;-9;19;Tottenham;36;19;8;9;63;40;23;65;18;12;3;3;37;17;20;39;18;7;5;6;26;23;3;26;4.2;3.75;1.83;1;1;D
37;06/05/2012;Bolton;36;10;4;22;42;73;-31;34;18;4;3;11;21;37;-16;15;18;6;1;11;21;36;-15;19;West Bromwich;36;13;7;16;41;47;-6;46;18;6;3;9;19;19;0;21;18;7;4;7;22;28;-6;25;2;3.5;3.75;2;2;D
37;06/05/2012;Fulham;36;13;10;13;46;48;-2;49;18;9;5;4;34;25;9;32;18;4;5;9;12;23;-11;17;Sunderland;36;11;12;13;44;43;1;45;18;7;7;4;26;16;10;28;18;4;5;9;18;27;-9;17;1.83;3.6;4.33;2;1;H
37;06/05/2012;Man Utd;36;26;5;5;86;33;53;83;18;14;2;2;50;19;31;44;18;12;3;3;36;14;22;39;Swansea;36;11;11;14;43;49;-6;44;18;7;7;4;26;18;8;28;18;4;4;10;17;31;-14;16;1.17;7;17;2;0;H
37;06/05/2012;Newcastle;36;19;8;9;55;46;9;65;18;11;5;2;29;15;14;38;18;8;3;7;26;31;-5;27;Man City;36;26;5;5;88;27;61;83;18;17;1;0;52;10;42;52;18;9;4;5;36;17;19;31;5;4;1.67;0;2;A
37;06/05/2012;QPR;36;9;7;20;40;63;-23;34;18;6;5;7;23;25;-2;23;18;3;2;13;17;38;-21;11;Stoke;36;11;11;14;34;50;-16;44;18;7;7;4;23;18;5;28;18;4;4;10;11;32;-21;16;1.83;3.75;4.2;1;0;H
37;06/05/2012;Wolverhampton;36;5;9;22;38;79;-41;24;18;3;2;13;19;43;-24;11;18;2;7;9;19;36;-17;13;Everton;36;14;10;12;47;39;8;52;18;9;3;6;25;14;11;30;18;5;7;6;22;25;-3;22;5;3.75;1.7;0;0;D
37;07/05/2012;Blackburn;36;8;7;21;47;75;-28;31;18;6;1;11;26;32;-6;19;18;2;6;10;21;43;-22;12;Wigan;36;9;10;17;38;60;-22;37;18;4;7;7;19;25;-6;19;18;5;3;10;19;35;-16;18;2.4;3.5;2.88;0;1;A
37;08/05/2012;Liverpool;36;13;10;13;43;38;5;49;18;5;9;4;20;15;5;24;18;8;1;9;23;23;0;25;Chelsea;36;17;10;9;62;41;21;61;18;11;3;4;39;23;16;36;18;6;7;5;23;18;5;25;2.1;3.5;3.4;4;1;H
38;13/05/2012;Chelsea;37;17;10;10;63;45;18;61;18;11;3;4;39;23;16;36;19;6;7;6;24;22;2;25;Blackburn;37;8;7;22;47;76;-29;31;19;6;1;12;26;33;-7;19;18;2;6;10;21;43;-22;12;1.3;5.5;10;2;1;H
38;13/05/2012;Everton;37;14;11;12;47;39;8;53;18;9;3;6;25;14;11;30;19;5;8;6;22;25;-3;23;Newcastle;37;19;8;10;55;48;7;65;19;11;5;3;29;17;12;38;18;8;3;7;26;31;-5;27;2.2;3.5;3.2;3;1;H
38;13/05/2012;Man City;37;27;5;5;90;27;63;86;18;17;1;0;52;10;42;52;19;10;4;5;38;17;21;34;QPR;37;10;7;20;41;63;-22;37;19;7;5;7;24;25;-1;26;18;3;2;13;17;38;-21;11;1.13;9;19;3;2;H
38;13/05/2012;Norwich;37;11;11;15;50;66;-16;44;18;6;6;6;26;30;-4;24;19;5;5;9;24;36;-12;20;Aston Villa;37;7;17;13;37;51;-14;38;19;4;7;8;20;25;-5;19;18;3;10;5;17;26;-9;19;2.2;3.4;3.25;2;0;H
38;13/05/2012;Stoke;37;11;11;15;34;51;-17;44;18;7;7;4;23;18;5;28;19;4;4;11;11;33;-22;16;Bolton;37;10;5;22;44;75;-31;35;19;4;4;11;23;39;-16;16;18;6;1;11;21;36;-15;19;2.38;3.5;2.88;2;2;D
38;13/05/2012;Sunderland;37;11;12;14;45;45;0;45;18;7;7;4;26;16;10;28;19;4;5;10;19;29;-10;17;Man Utd;37;27;5;5;88;33;55;86;19;15;2;2;52;19;33;47;18;12;3;3;36;14;22;39;7;4.5;1.44;0;1;A
38;13/05/2012;Swansea;37;11;11;15;43;51;-8;44;18;7;7;4;26;18;8;28;19;4;4;11;17;33;-16;16;Liverpool;37;14;10;13;47;39;8;52;19;6;9;4;24;16;8;27;18;8;1;9;23;23;0;25;3.4;3.5;2.1;1;0;H
38;13/05/2012;Tottenham;37;19;9;9;64;41;23;66;18;12;3;3;37;17;20;39;19;7;6;6;27;24;3;27;Fulham;37;14;10;13;48;49;-1;52;19;10;5;4;36;26;10;35;18;4;5;9;12;23;-11;17;1.4;4.5;8.5;2;0;H
38;13/05/2012;West Bromwich;37;13;8;16;43;49;-6;47;18;6;3;9;19;19;0;21;19;7;5;7;24;30;-6;26;Arsenal;37;20;7;10;71;47;24;67;19;12;4;3;39;17;22;40;18;8;3;7;32;30;2;27;5;4;1.67;2;3;A
38;13/05/2012;Wigan;37;10;10;17;39;60;-21;40;18;4;7;7;19;25;-6;19;19;6;3;10;20;35;-15;21;Wolverhampton;37;5;10;22;38;79;-41;25;19;3;3;13;19;43;-24;12;18;2;7;9;19;36;-17;13;1.57;4;6;3;2;H
11;06/11/2010;Birmingham;10;2;5;3;10;12;-2;11;5;2;2;1;4;3;1;8;5;0;3;2;6;9;-3;3;West Ham;10;1;3;6;7;18;-11;6;5;1;1;3;5;9;-4;4;5;0;2;3;2;9;-7;2;1.91;3.4;4.2;2;2;D
11;06/11/2010;Blackburn;10;2;3;5;9;12;-3;9;5;1;2;2;4;5;-1;5;5;1;1;3;5;7;-2;4;Wigan;10;2;4;4;7;18;-11;10;6;1;2;3;4;14;-10;5;4;1;2;1;3;4;-1;5;1.8;3.6;4.5;2;1;H
11;06/11/2010;Blackpool;10;4;1;5;15;21;-6;13;4;1;1;2;7;8;-1;4;6;3;0;3;8;13;-5;9;Everton;10;3;4;3;10;8;2;13;5;2;2;1;7;5;2;8;5;1;2;2;3;3;0;5;4.5;3.6;1.8;2;2;D
11;06/11/2010;Bolton;10;2;6;2;13;14;-1;12;5;1;3;1;6;6;0;6;5;1;3;1;7;8;-1;6;Tottenham;10;4;3;3;11;10;1;15;5;2;2;1;6;4;2;8;5;2;1;2;5;6;-1;7;3;3.3;2.4;4;2;H
11;06/11/2010;Fulham;10;2;6;2;12;11;1;12;5;2;2;1;7;5;2;8;5;0;4;1;5;6;-1;4;Aston Villa;10;3;3;4;9;13;-4;12;5;2;3;0;5;1;4;9;5;1;0;4;4;12;-8;3;2.2;3.25;3.4;1;1;D
11;06/11/2010;Man Utd;10;5;5;0;22;12;10;20;5;4;1;0;13;4;9;13;5;1;4;0;9;8;1;7;Wolverhampton;10;2;3;5;10;16;-6;9;5;2;2;1;7;6;1;8;5;0;1;4;3;10;-7;1;1.22;6;15;2;1;H
11;06/11/2010;Sunderland;10;2;6;2;9;12;-3;12;5;2;3;0;5;3;2;9;5;0;3;2;4;9;-5;3;Stoke;10;3;1;6;10;14;-4;10;5;2;1;2;6;6;0;7;5;1;0;4;4;8;-4;3;2.1;3.2;3.75;2;0;H
11;07/11/2010;Arsenal;10;6;2;2;22;10;12;20;5;4;0;1;15;5;10;12;5;2;2;1;7;5;2;8;Newcastle;10;4;2;4;19;14;5;14;5;2;1;2;14;7;7;7;5;2;1;2;5;7;-2;7;1.29;5.5;11;0;1;A
11;07/11/2010;Liverpool;10;3;3;4;10;14;-4;12;5;2;2;1;7;6;1;8;5;1;1;3;3;8;-5;4;Chelsea;10;8;1;1;27;3;24;25;5;5;0;0;16;0;16;15;5;3;1;1;11;3;8;10;3.8;3.4;2;2;0;H
11;07/11/2010;West Bromwich;10;4;3;3;14;17;-3;15;5;3;2;0;8;4;4;11;5;1;1;3;6;13;-7;4;Man City;10;5;2;3;13;10;3;17;5;3;1;1;7;5;2;10;5;2;1;2;6;5;1;7;3.6;3.3;2.1;0;2;A
12;09/11/2010;Stoke;11;3;1;7;10;16;-6;10;5;2;1;2;6;6;0;7;6;1;0;5;4;10;-6;3;Birmingham;11;2;6;3;12;14;-2;12;6;2;3;1;6;5;1;9;5;0;3;2;6;9;-3;3;2.1;3.2;3.75;3;2;H
12;09/11/2010;Tottenham;11;4;3;4;13;14;-1;15;5;2;2;1;6;4;2;8;6;2;1;3;7;10;-3;7;Sunderland;11;3;6;2;11;12;-1;15;6;3;3;0;7;3;4;12;5;0;3;2;4;9;-5;3;1.53;4;6.5;1;1;D
12;10/11/2010;Aston Villa;11;3;4;4;10;14;-4;13;5;2;3;0;5;1;4;9;6;1;1;4;5;13;-8;4;Blackpool;11;4;2;5;17;23;-6;14;5;1;2;2;9;10;-1;5;6;3;0;3;8;13;-5;9;1.62;3.75;6;3;2;H
12;10/11/2010;Chelsea;11;8;1;2;27;5;22;25;5;5;0;0;16;0;16;15;6;3;1;2;11;5;6;10;Fulham;11;2;7;2;13;12;1;13;6;2;3;1;8;6;2;9;5;0;4;1;5;6;-1;4;1.2;6.5;15;1;0;H
12;10/11/2010;Everton;11;3;5;3;12;10;2;14;5;2;2;1;7;5;2;8;6;1;3;2;5;5;0;6;Bolton;11;3;6;2;17;16;1;15;6;2;3;1;10;8;2;9;5;1;3;1;7;8;-1;6;1.62;3.75;6;1;1;D
12;10/11/2010;Man City;11;6;2;3;15;10;5;20;5;3;1;1;7;5;2;10;6;3;1;2;8;5;3;10;Man Utd;11;6;5;0;24;13;11;23;6;5;1;0;15;5;10;16;5;1;4;0;9;8;1;7;2.63;3.25;2.75;0;0;D
12;10/11/2010;Newcastle;11;5;2;4;20;14;6;17;5;2;1;2;14;7;7;7;6;3;1;2;6;7;-1;10;Blackburn;11;3;3;5;11;13;-2;12;6;2;2;2;6;6;0;8;5;1;1;3;5;7;-2;4;1.91;3.4;4.2;1;2;A
12;10/11/2010;West Ham;11;1;4;6;9;20;-11;7;5;1;1;3;5;9;-4;4;6;0;3;3;4;11;-7;3;West Bromwich;11;4;3;4;14;19;-5;15;6;3;2;1;8;6;2;11;5;1;1;3;6;13;-7;4;2.3;3.25;3.2;2;2;D
12;10/11/2010;Wigan;11;2;4;5;8;20;-12;10;6;1;2;3;4;14;-10;5;5;1;2;2;4;6;-2;5;Liverpool;11;4;3;4;12;14;-2;15;6;3;2;1;9;6;3;11;5;1;1;3;3;8;-5;4;4.75;3.6;1.75;1;1;D
12;10/11/2010;Wolverhampton;11;2;3;6;11;18;-7;9;5;2;2;1;7;6;1;8;6;0;1;5;4;12;-8;1;Arsenal;11;6;2;3;22;11;11;20;6;4;0;2;15;6;9;12;5;2;2;1;7;5;2;8;5.5;3.6;1.67;0;2;A
13;13/11/2010;Aston Villa;12;4;4;4;13;16;-3;16;6;3;3;0;8;3;5;12;6;1;1;4;5;13;-8;4;Man Utd;12;6;6;0;24;13;11;24;6;5;1;0;15;5;10;16;6;1;5;0;9;8;1;8;4.5;3.6;1.8;2;2;D
13;13/11/2010;Man City;12;6;3;3;15;10;5;21;6;3;2;1;7;5;2;11;6;3;1;2;8;5;3;10;Birmingham;12;2;6;4;14;17;-3;12;6;2;3;1;6;5;1;9;6;0;3;3;8;12;-4;3;1.4;4.5;8.5;0;0;D
13;13/11/2010;Newcastle;12;5;2;5;21;16;5;17;6;2;1;3;15;9;6;7;6;3;1;2;6;7;-1;10;Fulham;12;2;7;3;13;13;0;13;6;2;3;1;8;6;2;9;6;0;4;2;5;7;-2;4;1.91;3.4;4.2;0;0;D
13;13/11/2010;Stoke;12;4;1;7;13;18;-5;13;6;3;1;2;9;8;1;10;6;1;0;5;4;10;-6;3;Liverpool;12;4;4;4;13;15;-2;16;6;3;2;1;9;6;3;11;6;1;2;3;4;9;-5;5;3.75;3.25;2.1;2;0;H
13;13/11/2010;Tottenham;12;4;4;4;14;15;-1;16;6;2;3;1;7;5;2;9;6;2;1;3;7;10;-3;7;Blackburn;12;4;3;5;13;14;-1;15;6;2;2;2;6;6;0;8;6;2;1;3;7;8;-1;7;1.57;3.8;6.5;4;2;H
13;13/11/2010;West Ham;12;1;5;6;11;22;-11;8;6;1;2;3;7;11;-4;5;6;0;3;3;4;11;-7;3;Blackpool;12;4;2;6;19;26;-7;14;5;1;2;2;9;10;-1;5;7;3;0;4;10;16;-6;9;1.91;3.6;4;0;0;D
13;13/11/2010;Wigan;12;2;5;5;9;21;-12;11;7;1;3;3;5;15;-10;6;5;1;2;2;4;6;-2;5;West Bromwich;12;4;4;4;16;21;-5;16;6;3;2;1;8;6;2;11;6;1;2;3;8;15;-7;5;2.5;3.25;2.88;1;0;H
13;13/11/2010;Wolverhampton;12;2;3;7;11;20;-9;9;6;2;2;2;7;8;-1;8;6;0;1;5;4;12;-8;1;Bolton;12;3;7;2;18;17;1;16;6;2;3;1;10;8;2;9;6;1;4;1;8;9;-1;7;2.4;3.1;3.2;2;3;A
13;14/11/2010;Chelsea;12;9;1;2;28;5;23;28;6;6;0;0;17;0;17;18;6;3;1;2;11;5;6;10;Sunderland;12;3;7;2;12;13;-1;16;6;3;3;0;7;3;4;12;6;0;4;2;5;10;-5;4;1.22;5.75;15;0;3;A
13;14/11/2010;Everton;12;3;6;3;13;11;2;15;6;2;3;1;8;6;2;9;6;1;3;2;5;5;0;6;Arsenal;12;7;2;3;24;11;13;23;6;4;0;2;15;6;9;12;6;3;2;1;9;5;4;11;3.4;3.3;2.2;1;2;A
14;20/11/2010;Arsenal;13;8;2;3;26;12;14;26;6;4;0;2;15;6;9;12;7;4;2;1;11;6;5;14;Tottenham;13;5;4;4;18;17;1;19;7;3;3;1;11;7;4;12;6;2;1;3;7;10;-3;7;1.62;4;5.5;2;3;A
14;20/11/2010;Birmingham;13;2;7;4;14;17;-3;13;6;2;3;1;6;5;1;9;7;0;4;3;8;12;-4;4;Chelsea;13;9;1;3;28;8;20;28;7;6;0;1;17;3;14;18;6;3;1;2;11;5;6;10;5;3.6;1.73;1;0;H
14;20/11/2010;Blackpool;13;4;3;6;19;26;-7;15;5;1;2;2;9;10;-1;5;8;3;1;4;10;16;-6;10;Wolverhampton;13;2;3;8;13;23;-10;9;7;2;2;3;9;11;-2;8;6;0;1;5;4;12;-8;1;2.5;3.3;2.88;2;1;H
14;20/11/2010;Bolton;13;4;7;2;21;19;2;19;6;2;3;1;10;8;2;9;7;2;4;1;11;11;0;10;Newcastle;13;5;3;5;21;16;5;18;7;2;2;3;15;9;6;8;6;3;1;2;6;7;-1;10;2.1;3.3;3.6;5;1;H
14;20/11/2010;Liverpool;13;4;4;5;13;17;-4;16;6;3;2;1;9;6;3;11;7;1;2;4;4;11;-7;5;West Ham;13;1;6;6;11;22;-11;9;7;1;3;3;7;11;-4;6;6;0;3;3;4;11;-7;3;1.57;3.8;6.5;3;0;H
14;20/11/2010;Man Utd;13;6;7;0;26;15;11;25;6;5;1;0;15;5;10;16;7;1;6;0;11;10;1;9;Wigan;13;3;5;5;10;21;-11;14;8;2;3;3;6;15;-9;9;5;1;2;2;4;6;-2;5;1.22;6;15;2;0;H
14;20/11/2010;West Bromwich;13;4;4;5;16;22;-6;16;6;3;2;1;8;6;2;11;7;1;2;4;8;16;-8;5;Stoke;13;5;1;7;15;18;-3;16;7;4;1;2;11;8;3;13;6;1;0;5;4;10;-6;3;2.2;3.2;3.5;0;3;A
14;21/11/2010;Blackburn;13;4;3;6;15;18;-3;15;6;2;2;2;6;6;0;8;7;2;1;4;9;12;-3;7;Aston Villa;13;4;5;4;15;18;-3;17;7;3;4;0;10;5;5;13;6;1;1;4;5;13;-8;4;2.3;3.25;3.25;2;0;H
14;21/11/2010;Fulham;13;2;8;3;13;13;0;14;6;2;3;1;8;6;2;9;7;0;5;2;5;7;-2;5;Man City;13;6;4;3;15;10;5;22;7;3;3;1;7;5;2;12;6;3;1;2;8;5;3;10;3.2;3.1;2.4;1;4;A
14;22/11/2010;Sunderland;13;4;7;2;15;13;2;19;6;3;3;0;7;3;4;12;7;1;4;2;8;10;-2;7;Everton;13;3;6;4;14;13;1;15;7;2;3;2;9;8;1;9;6;1;3;2;5;5;0;6;2.6;3.2;2.8;2;2;D
15;27/11/2010;Aston Villa;14;4;5;5;15;20;-5;17;7;3;4;0;10;5;5;13;7;1;1;5;5;15;-10;4;Arsenal;14;8;2;4;28;15;13;26;7;4;0;3;17;9;8;12;7;4;2;1;11;6;5;14;3.4;3.3;2.2;2;4;A
15;27/11/2010;Bolton;14;5;7;2;26;20;6;22;7;3;3;1;15;9;6;12;7;2;4;1;11;11;0;10;Blackpool;14;5;3;6;21;27;-6;18;6;2;2;2;11;11;0;8;8;3;1;4;10;16;-6;10;1.57;4.2;5.5;2;2;D
15;27/11/2010;Everton;14;3;7;4;16;15;1;16;7;2;3;2;9;8;1;9;7;1;4;2;7;7;0;7;West Bromwich;14;4;4;6;16;25;-9;16;7;3;2;2;8;9;-1;11;7;1;2;4;8;16;-8;5;1.57;3.8;6.5;1;4;A
15;27/11/2010;Fulham;14;2;8;4;14;17;-3;14;7;2;3;2;9;10;-1;9;7;0;5;2;5;7;-2;5;Birmingham;14;3;7;4;15;17;-2;16;7;3;3;1;7;5;2;12;7;0;4;3;8;12;-4;4;2;3.3;4;1;1;D
15;27/11/2010;Man Utd;14;7;7;0;28;15;13;28;7;6;1;0;17;5;12;19;7;1;6;0;11;10;1;9;Blackburn;14;5;3;6;17;18;-1;18;7;3;2;2;8;6;2;11;7;2;1;4;9;12;-3;7;1.25;5.5;13;7;1;H
15;27/11/2010;Stoke;14;6;1;7;18;18;0;19;7;4;1;2;11;8;3;13;7;2;0;5;7;10;-3;6;Man City;14;7;4;3;19;11;8;25;7;3;3;1;7;5;2;12;7;4;1;2;12;6;6;13;3.4;3.25;2.2;1;1;D
15;27/11/2010;West Ham;14;1;6;7;11;25;-14;9;7;1;3;3;7;11;-4;6;7;0;3;4;4;14;-10;3;Wigan;14;3;5;6;10;23;-13;14;8;2;3;3;6;15;-9;9;6;1;2;3;4;8;-4;5;2;3.5;3.75;3;1;H
15;27/11/2010;Wolverhampton;14;2;3;9;14;25;-11;9;7;2;2;3;9;11;-2;8;7;0;1;6;5;14;-9;1;Sunderland;14;4;8;2;17;15;2;20;7;3;4;0;9;5;4;13;7;1;4;2;8;10;-2;7;2.6;3.2;2.8;3;2;H
15;28/11/2010;Newcastle;14;5;3;6;22;21;1;18;7;2;2;3;15;9;6;8;7;3;1;3;7;12;-5;10;Chelsea;14;9;1;4;28;9;19;28;7;6;0;1;17;3;14;18;7;3;1;3;11;6;5;10;5;3.6;1.73;1;1;D
15;28/11/2010;Tottenham;14;6;4;4;21;19;2;22;7;3;3;1;11;7;4;12;7;3;1;3;10;12;-2;10;Liverpool;14;5;4;5;16;17;-1;19;7;4;2;1;12;6;6;14;7;1;2;4;4;11;-7;5;2;3.4;3.8;2;1;H
16;04/12/2010;Arsenal;15;9;2;4;32;17;15;29;7;4;0;3;17;9;8;12;8;5;2;1;15;8;7;17;Fulham;15;2;9;4;15;18;-3;15;8;2;4;2;10;11;-1;10;7;0;5;2;5;7;-2;5;1.29;5.25;12;2;1;H
16;04/12/2010;Birmingham;15;3;8;4;16;18;-2;17;7;3;3;1;7;5;2;12;8;0;5;3;9;13;-4;5;Tottenham;15;7;4;4;23;20;3;25;8;4;3;1;13;8;5;15;7;3;1;3;10;12;-2;10;3.5;3.4;2.1;1;1;D
16;04/12/2010;Blackburn;15;5;3;7;18;25;-7;18;7;3;2;2;8;6;2;11;8;2;1;5;10;19;-9;7;Wolverhampton;15;3;3;9;17;27;-10;12;8;3;2;3;12;13;-1;11;7;0;1;6;5;14;-9;1;1.73;3.6;5;3;0;H
16;04/12/2010;Chelsea;15;9;2;4;29;10;19;29;7;6;0;1;17;3;14;18;8;3;2;3;12;7;5;11;Everton;15;3;7;5;17;19;-2;16;8;2;3;3;10;12;-2;9;7;1;4;2;7;7;0;7;1.36;4.75;9;1;1;D
16;04/12/2010;Man City;15;7;5;3;20;12;8;26;7;3;3;1;7;5;2;12;8;4;2;2;13;7;6;14;Bolton;15;5;8;2;28;22;6;23;8;3;4;1;17;11;6;13;7;2;4;1;11;11;0;10;1.53;4;6.5;1;0;H
16;04/12/2010;Wigan;15;3;5;7;11;26;-15;14;8;2;3;3;6;15;-9;9;7;1;2;4;5;11;-6;5;Stoke;15;6;2;7;19;19;0;20;8;4;2;2;12;9;3;14;7;2;0;5;7;10;-3;6;2.75;3.2;2.63;2;2;D
16;05/12/2010;Sunderland;15;4;8;3;19;18;1;20;7;3;4;0;9;5;4;13;8;1;4;3;10;13;-3;7;West Ham;15;2;6;7;14;26;-12;12;8;2;3;3;10;12;-2;9;7;0;3;4;4;14;-10;3;1.83;3.5;4.5;1;0;H
16;05/12/2010;West Bromwich;15;5;4;6;20;26;-6;19;7;3;2;2;8;9;-1;11;8;2;2;4;12;17;-5;8;Newcastle;15;5;4;6;23;22;1;19;8;2;3;3;16;10;6;9;7;3;1;3;7;12;-5;10;2.25;3.3;3.25;3;1;H
16;06/12/2010;Liverpool;15;5;4;6;17;19;-2;19;7;4;2;1;12;6;6;14;8;1;2;5;5;13;-8;5;Aston Villa;15;4;5;6;17;24;-7;17;8;3;4;1;12;9;3;13;7;1;1;5;5;15;-10;4;1.62;3.75;6;3;0;H
17;11/12/2010;Aston Villa;16;4;5;7;17;27;-10;17;8;3;4;1;12;9;3;13;8;1;1;6;5;18;-13;4;West Bromwich;16;6;4;6;23;27;-4;22;8;4;2;2;11;10;1;14;8;2;2;4;12;17;-5;8;2.1;3.3;3.6;2;1;H
17;11/12/2010;Everton;16;3;8;5;18;20;-2;17;8;2;3;3;10;12;-2;9;8;1;5;2;8;8;0;8;Wigan;16;3;6;7;13;28;-15;15;9;2;4;3;8;17;-9;10;7;1;2;4;5;11;-6;5;1.4;4.5;9;0;0;D
17;11/12/2010;Fulham;16;2;9;5;16;20;-4;15;8;2;4;2;10;11;-1;10;8;0;5;3;6;9;-3;5;Sunderland;16;5;8;3;20;18;2;23;8;4;4;0;10;5;5;16;8;1;4;3;10;13;-3;7;2.2;3.25;3.4;0;0;D
17;11/12/2010;Newcastle;16;5;4;7;24;25;-1;19;8;2;3;3;16;10;6;9;8;3;1;4;8;15;-7;10;Liverpool;16;6;4;6;20;19;1;22;8;5;2;1;15;6;9;17;8;1;2;5;5;13;-8;5;3.8;3.4;2;3;1;H
17;11/12/2010;Stoke;16;6;3;7;21;21;0;21;8;4;2;2;12;9;3;14;8;2;1;5;9;12;-3;7;Blackpool;16;5;4;7;25;32;-7;19;7;2;2;3;13;14;-1;8;9;3;2;4;12;18;-6;11;1.62;4;5.5;0;1;A
17;11/12/2010;West Ham;16;2;6;8;14;27;-13;12;8;2;3;3;10;12;-2;9;8;0;3;5;4;15;-11;3;Man City;16;8;5;3;21;12;9;29;8;4;3;1;8;5;3;15;8;4;2;2;13;7;6;14;4.5;3.6;1.8;1;3;A
17;12/12/2010;Bolton;16;5;8;3;28;23;5;23;8;3;4;1;17;11;6;13;8;2;4;2;11;12;-1;10;Blackburn;16;6;3;7;21;25;-4;21;8;4;2;2;11;6;5;14;8;2;1;5;10;19;-9;7;2;3.3;4;2;1;H
17;12/12/2010;Tottenham;16;7;5;4;24;21;3;26;8;4;3;1;13;8;5;15;8;3;2;3;11;13;-2;11;Chelsea;16;9;3;4;30;11;19;30;8;6;1;1;18;4;14;19;8;3;2;3;12;7;5;11;2.8;3.25;2.6;1;1;D
17;12/12/2010;Wolverhampton;16;3;3;10;17;30;-13;12;8;3;2;3;12;13;-1;11;8;0;1;7;5;17;-12;1;Birmingham;16;3;9;4;17;19;-2;18;8;3;4;1;8;6;2;13;8;0;5;3;9;13;-4;5;2.4;3.25;3;1;0;H
17;13/12/2010;Man Utd;16;9;7;0;38;18;20;34;8;7;1;0;24;6;18;22;8;2;6;0;14;12;2;12;Arsenal;16;10;2;4;34;18;16;32;8;5;0;3;19;10;9;15;8;5;2;1;15;8;7;17;2;3.4;3.8;1;0;H
18;18/12/2010;Blackburn;17;6;3;8;22;27;-5;21;8;4;2;2;11;6;5;14;9;2;1;6;11;21;-10;7;West Ham;17;2;6;9;15;30;-15;12;9;2;3;4;11;15;-4;9;8;0;3;5;4;15;-11;3;1.8;3.6;4.5;1;1;D
18;18/12/2010;Sunderland;17;5;9;3;20;18;2;24;8;4;4;0;10;5;5;16;9;1;5;3;10;13;-3;8;Bolton;17;6;8;3;30;24;6;26;9;4;4;1;19;12;7;16;8;2;4;2;11;12;-1;10;2.2;3.2;3.5;1;0;H
18;20/12/2010;Man City;17;9;5;3;24;13;11;32;8;4;3;1;8;5;3;15;9;5;2;2;16;8;8;17;Everton;17;3;9;5;18;20;-2;18;9;2;4;3;10;12;-2;10;8;1;5;2;8;8;0;8;1.73;3.6;5;1;2;A
19;26/12/2010;Aston Villa;18;6;5;7;21;29;-8;23;9;4;4;1;14;10;4;16;9;2;1;6;7;19;-12;7;Tottenham;18;7;6;5;26;25;1;27;9;4;4;1;14;9;5;16;9;3;2;4;12;16;-4;11;3.2;3.3;2.3;1;2;A
19;26/12/2010;Blackburn;18;6;4;8;23;28;-5;22;9;4;3;2;12;7;5;15;9;2;1;6;11;21;-10;7;Stoke;18;6;3;9;21;23;-2;21;9;4;2;3;12;10;2;14;9;2;1;6;9;13;-4;7;2.3;3.2;3.2;0;2;A
19;26/12/2010;Bolton;18;6;8;4;30;25;5;26;9;4;4;1;19;12;7;16;9;2;4;3;11;13;-2;10;West Bromwich;18;6;5;7;25;30;-5;23;9;4;3;2;12;11;1;15;9;2;2;5;13;19;-6;8;2.1;3.25;3.75;2;0;H
19;26/12/2010;Fulham;18;2;10;6;16;21;-5;16;9;2;5;2;10;11;-1;11;9;0;5;4;6;10;-4;5;West Ham;18;2;7;9;16;31;-15;13;9;2;3;4;11;15;-4;9;9;0;4;5;5;16;-11;4;1.91;3.4;4.2;1;3;A
19;26/12/2010;Man Utd;18;10;7;1;40;20;20;37;9;8;1;0;25;6;19;25;9;2;6;1;15;14;1;12;Sunderland;18;6;9;3;21;18;3;27;9;5;4;0;11;5;6;19;9;1;5;3;10;13;-3;8;1.29;5.5;11;2;0;H
19;26/12/2010;Newcastle;18;7;4;7;29;26;3;25;9;3;3;3;19;11;8;12;9;4;1;4;10;15;-5;13;Man City;18;9;5;4;25;15;10;32;9;4;3;2;9;7;2;15;9;5;2;2;16;8;8;17;3.25;3.25;2.25;1;3;A
19;26/12/2010;Wolverhampton;18;4;4;10;19;31;-12;16;9;4;2;3;13;13;0;14;9;0;2;7;6;18;-12;2;Wigan;18;3;7;8;14;30;-16;16;10;2;4;4;9;19;-10;10;8;1;3;4;5;11;-6;6;2.1;3.3;3.6;1;2;A
19;27/12/2010;Arsenal;18;11;2;5;35;19;16;35;9;6;0;3;20;10;10;18;9;5;2;2;15;9;6;17;Chelsea;18;10;4;4;33;13;20;34;9;7;1;1;20;5;15;22;9;3;3;3;13;8;5;12;2.63;3.2;2.75;3;1;H
20;28/12/2010;Birmingham;19;3;10;6;18;23;-5;19;9;3;4;2;8;8;0;13;10;0;6;4;10;15;-5;6;Man Utd;19;11;7;1;42;20;22;40;10;9;1;0;27;6;21;28;9;2;6;1;15;14;1;12;6.5;4.33;1.5;1;1;D
20;28/12/2010;Man City;19;10;5;4;28;16;12;35;9;4;3;2;9;7;2;15;10;6;2;2;19;9;10;20;Aston Villa;19;6;5;8;22;31;-9;23;10;4;4;2;15;12;3;16;9;2;1;6;7;19;-12;7;1.44;4.2;8;4;0;H
20;28/12/2010;Stoke;19;7;3;9;23;23;0;24;9;4;2;3;12;10;2;14;10;3;1;6;11;13;-2;10;Fulham;19;2;10;7;17;24;-7;16;10;2;5;3;11;14;-3;11;9;0;5;4;6;10;-4;5;1.83;3.4;4.75;0;2;A
20;28/12/2010;Sunderland;19;6;9;4;21;20;1;27;9;5;4;0;11;5;6;19;10;1;5;4;10;15;-5;8;Blackpool;19;8;4;7;31;34;-3;28;9;4;2;3;18;16;2;14;10;4;2;4;13;18;-5;14;1.62;3.75;6;0;2;A
20;28/12/2010;Tottenham;19;8;6;5;28;26;2;30;9;4;4;1;14;9;5;16;10;4;2;4;14;17;-3;14;Newcastle;19;7;4;8;30;29;1;25;10;3;3;4;20;14;6;12;9;4;1;4;10;15;-5;13;1.53;4;6.5;2;0;H
20;28/12/2010;West Bromwich;19;6;5;8;25;32;-7;23;9;4;3;2;12;11;1;15;10;2;2;6;13;21;-8;8;Blackburn;19;6;4;9;23;30;-7;22;10;4;3;3;12;9;3;15;9;2;1;6;11;21;-10;7;1.83;3.5;4.5;1;3;A
20;28/12/2010;West Ham;19;3;7;9;19;32;-13;16;9;2;3;4;11;15;-4;9;10;1;4;5;8;17;-9;7;Everton;19;4;10;5;21;22;-1;22;10;2;5;3;11;13;-2;11;9;2;5;2;10;9;1;11;3.4;3.2;2.25;1;1;D
20;29/12/2010;Chelsea;19;10;4;5;34;16;18;34;9;7;1;1;20;5;15;22;10;3;3;4;14;11;3;12;Bolton;19;7;8;4;32;25;7;29;10;5;4;1;21;12;9;19;9;2;4;3;11;13;-2;10;1.29;5.5;11;1;0;H
20;29/12/2010;Liverpool;19;7;4;8;23;24;-1;25;9;6;2;1;16;6;10;20;10;1;2;7;7;18;-11;5;Wolverhampton;19;4;4;11;20;33;-13;16;10;4;2;4;14;15;-1;14;9;0;2;7;6;18;-12;2;1.33;5;10;0;1;A
20;29/12/2010;Wigan;19;4;7;8;16;31;-15;19;10;2;4;4;9;19;-10;10;9;2;3;4;7;12;-5;9;Arsenal;19;12;2;5;38;20;18;38;10;7;0;3;23;11;12;21;9;5;2;2;15;9;6;17;6.5;4.2;1.5;2;2;D
21;01/01/2011;Birmingham;20;3;11;6;19;24;-5;20;10;3;5;2;9;9;0;14;10;0;6;4;10;15;-5;6;Arsenal;20;12;3;5;40;22;18;39;10;7;0;3;23;11;12;21;10;5;3;2;17;11;6;18;5.5;3.6;1.67;0;3;A
21;01/01/2011;Liverpool;20;7;4;9;23;25;-2;25;10;6;2;2;16;7;9;20;10;1;2;7;7;18;-11;5;Bolton;20;7;8;5;32;26;6;29;10;5;4;1;21;12;9;19;10;2;4;4;11;14;-3;10;1.7;3.75;5;2;1;H
21;01/01/2011;Man City;20;11;5;4;32;16;16;38;10;5;3;2;13;7;6;18;10;6;2;2;19;9;10;20;Blackpool;20;9;4;7;33;34;-1;31;9;4;2;3;18;16;2;14;11;5;2;4;15;18;-3;17;1.29;5.5;10;1;0;H
21;01/01/2011;Stoke;20;7;3;10;23;25;-2;24;10;4;2;4;12;12;0;14;10;3;1;6;11;13;-2;10;Everton;20;4;11;5;22;23;-1;23;10;2;5;3;11;13;-2;11;10;2;6;2;11;10;1;12;2.63;3.2;2.75;2;0;H
21;01/01/2011;Sunderland;20;6;9;5;21;22;-1;27;10;5;4;1;11;7;4;19;10;1;5;4;10;15;-5;8;Blackburn;20;7;4;9;26;31;-5;25;10;4;3;3;12;9;3;15;10;3;1;6;14;22;-8;10;1.83;3.5;4.5;3;0;H
21;01/01/2011;Tottenham;20;9;6;5;30;26;4;33;10;5;4;1;16;9;7;19;10;4;2;4;14;17;-3;14;Fulham;20;3;10;7;19;24;-5;19;10;2;5;3;11;14;-3;11;10;1;5;4;8;10;-2;8;1.4;4.5;8.5;1;0;H
21;01/01/2011;West Bromwich;20;6;5;9;26;35;-9;23;10;4;3;3;13;14;-1;15;10;2;2;6;13;21;-8;8;Man Utd;20;11;8;1;43;21;22;41;10;9;1;0;27;6;21;28;10;2;7;1;16;15;1;13;6;4.2;1.53;1;2;A
21;01/01/2011;West Ham;20;3;8;9;20;33;-13;17;10;2;4;4;12;16;-4;10;10;1;4;5;8;17;-9;7;Wolverhampton;20;5;4;11;21;33;-12;19;10;4;2;4;14;15;-1;14;10;1;2;7;7;18;-11;5;2;3.4;3.8;2;0;H
21;02/01/2011;Chelsea;20;11;4;5;35;16;19;37;10;8;1;1;21;5;16;25;10;3;3;4;14;11;3;12;Aston Villa;20;6;5;9;22;35;-13;23;10;4;4;2;15;12;3;16;10;2;1;7;7;23;-16;7;1.25;5.5;13;3;3;D
21;02/01/2011;Wigan;20;4;8;8;18;33;-15;20;11;2;5;4;11;21;-10;11;9;2;3;4;7;12;-5;9;Newcastle;20;7;4;9;30;31;-1;25;10;3;3;4;20;14;6;12;10;4;1;5;10;17;-7;13;2.5;3.2;2.9;0;1;A
22;04/01/2011;Blackpool;21;9;4;8;33;35;-2;31;9;4;2;3;18;16;2;14;12;5;2;5;15;19;-4;17;Birmingham;21;3;11;7;19;27;-8;20;11;3;5;3;9;12;-3;14;10;0;6;4;10;15;-5;6;2.3;3.25;3.25;1;2;A
22;04/01/2011;Fulham;21;3;10;8;19;25;-6;19;10;2;5;3;11;14;-3;11;11;1;5;5;8;11;-3;8;West Bromwich;21;6;5;10;27;37;-10;23;11;4;3;4;14;16;-2;15;10;2;2;6;13;21;-8;8;2.2;3.25;3.4;3;0;H
22;04/01/2011;Man Utd;21;12;8;1;45;22;23;44;10;9;1;0;27;6;21;28;11;3;7;1;18;16;2;16;Stoke;21;8;3;10;25;25;0;27;11;5;2;4;14;12;2;17;10;3;1;6;11;13;-2;10;1.25;5.75;12;2;1;H
22;05/01/2011;Arsenal;21;13;3;5;43;22;21;42;10;7;0;3;23;11;12;21;11;6;3;2;20;11;9;21;Man City;21;12;5;4;33;16;17;41;11;6;3;2;14;7;7;21;10;6;2;2;19;9;10;20;1.91;3.6;4;0;0;D
22;05/01/2011;Aston Villa;21;6;6;9;25;38;-13;24;10;4;4;2;15;12;3;16;11;2;2;7;10;26;-16;8;Sunderland;21;7;9;5;24;22;2;30;11;6;4;1;14;7;7;22;10;1;5;4;10;15;-5;8;2.2;3.25;3.4;0;1;A
22;05/01/2011;Blackburn;21;7;4;10;26;34;-8;25;10;4;3;3;12;9;3;15;11;3;1;7;14;25;-11;10;Liverpool;21;8;4;9;25;26;-1;28;11;7;2;2;18;8;10;23;10;1;2;7;7;18;-11;5;3.4;3.25;2.2;3;1;H
22;05/01/2011;Bolton;21;7;8;6;33;28;5;29;10;5;4;1;21;12;9;19;11;2;4;5;12;16;-4;10;Wigan;21;4;8;9;18;34;-16;20;12;2;5;5;11;22;-11;11;9;2;3;4;7;12;-5;9;1.73;3.6;5;1;1;D
22;05/01/2011;Everton;21;4;11;6;22;25;-3;23;10;2;5;3;11;13;-2;11;11;2;6;3;11;12;-1;12;Tottenham;21;10;6;5;31;26;5;36;11;6;4;1;17;9;8;22;10;4;2;4;14;17;-3;14;2.63;3.25;2.75;2;1;H
22;05/01/2011;Newcastle;21;8;4;9;31;31;0;28;10;3;3;4;20;14;6;12;11;5;1;5;11;17;-6;16;West Ham;21;4;8;9;22;33;-11;20;11;3;4;4;14;16;-2;13;10;1;4;5;8;17;-9;7;1.83;3.6;4.33;5;0;H
22;05/01/2011;Wolverhampton;21;5;4;12;21;35;-14;19;10;4;2;4;14;15;-1;14;11;1;2;8;7;20;-13;5;Chelsea;21;11;5;5;38;19;19;38;11;8;2;1;24;8;16;26;10;3;3;4;14;11;3;12;8;4.2;1.44;1;0;H
23;15/01/2011;Chelsea;22;11;5;6;38;20;18;38;11;8;2;1;24;8;16;26;11;3;3;5;14;12;2;12;Blackburn;22;8;4;10;29;35;-6;28;11;5;3;3;15;10;5;18;11;3;1;7;14;25;-11;10;1.29;5.5;11;2;0;H
23;15/01/2011;Man City;22;12;6;4;33;16;17;42;11;6;3;2;14;7;7;21;11;6;3;2;19;9;10;21;Wolverhampton;22;6;4;12;22;35;-13;22;11;5;2;4;15;15;0;17;11;1;2;8;7;20;-13;5;1.33;5;10;4;3;H
23;15/01/2011;Stoke;22;8;3;11;26;27;-1;27;11;5;2;4;14;12;2;17;11;3;1;7;12;15;-3;10;Bolton;22;7;9;6;34;29;5;30;11;5;5;1;22;13;9;20;11;2;4;5;12;16;-4;10;2.1;3.25;3.75;2;0;H
23;15/01/2011;West Bromwich;22;6;5;11;27;40;-13;23;11;4;3;4;14;16;-2;15;11;2;2;7;13;24;-11;8;Blackpool;22;9;4;9;34;37;-3;31;10;4;2;4;19;18;1;14;12;5;2;5;15;19;-4;17;1.8;3.6;4.5;3;2;H
23;15/01/2011;West Ham;22;4;8;10;22;38;-16;20;11;3;4;4;14;16;-2;13;11;1;4;6;8;22;-14;7;Arsenal;22;13;4;5;43;22;21;43;11;7;1;3;23;11;12;22;11;6;3;2;20;11;9;21;6;4;1.57;0;3;A
23;15/01/2011;Wigan;22;4;9;9;19;35;-16;21;12;2;5;5;11;22;-11;11;10;2;4;4;8;13;-5;10;Fulham;22;4;10;8;22;25;-3;22;11;3;5;3;14;14;0;14;11;1;5;5;8;11;-3;8;2.5;3.25;2.88;1;1;D
23;16/01/2011;Birmingham;22;4;11;7;21;28;-7;23;11;3;5;3;9;12;-3;14;11;1;6;4;12;16;-4;9;Aston Villa;22;6;6;10;25;39;-14;24;11;4;4;3;15;13;2;16;11;2;2;7;10;26;-16;8;2.4;3.2;3.1;1;1;D
23;16/01/2011;Liverpool;22;8;4;10;26;29;-3;28;11;7;2;2;18;8;10;23;11;1;2;8;8;21;-13;5;Everton;22;5;11;6;24;26;-2;26;11;3;5;3;13;14;-1;14;11;2;6;3;11;12;-1;12;2.2;3.2;3.5;2;2;D
23;16/01/2011;Sunderland;22;8;9;5;25;22;3;33;11;6;4;1;14;7;7;22;11;2;5;4;11;15;-4;11;Newcastle;22;9;4;9;36;31;5;31;11;4;3;4;25;14;11;15;11;5;1;5;11;17;-6;16;2.2;3.25;3.4;1;1;D
23;16/01/2011;Tottenham;22;10;6;6;32;28;4;36;11;6;4;1;17;9;8;22;11;4;2;5;15;19;-4;14;Man Utd;22;13;8;1;47;23;24;47;11;10;1;0;29;7;22;31;11;3;7;1;18;16;2;16;2.88;3.3;2.5;0;0;D
24;22/01/2011;Arsenal;23;14;4;5;46;22;24;46;11;7;1;3;23;11;12;22;12;7;3;2;23;11;12;24;Wigan;23;4;10;9;20;36;-16;22;13;2;6;5;12;23;-11;12;10;2;4;4;8;13;-5;10;1.2;6.5;15;3;0;H
24;22/01/2011;Aston Villa;23;6;7;10;26;40;-14;25;11;4;4;3;15;13;2;16;12;2;3;7;11;27;-16;9;Man City;23;13;6;4;37;19;18;45;12;7;3;2;18;10;8;24;11;6;3;2;19;9;10;21;3.5;3.4;2.1;1;0;H
24;22/01/2011;Blackpool;23;9;4;10;36;40;-4;31;10;4;2;4;19;18;1;14;13;5;2;6;17;22;-5;17;Sunderland;23;8;10;5;26;23;3;34;12;6;5;1;15;8;7;23;11;2;5;4;11;15;-4;11;2.5;3.25;2.88;1;2;A
24;22/01/2011;Everton;23;5;12;6;26;28;-2;27;11;3;5;3;13;14;-1;14;12;2;7;3;13;14;-1;13;West Ham;23;4;8;11;22;41;-19;20;12;3;4;5;14;19;-5;13;11;1;4;6;8;22;-14;7;1.5;4;7.5;2;2;D
24;22/01/2011;Fulham;23;4;11;8;23;26;-3;23;11;3;5;3;14;14;0;14;12;1;6;5;9;12;-3;9;Stoke;23;9;3;11;28;27;1;30;12;6;2;4;16;12;4;20;11;3;1;7;12;15;-3;10;2.2;3.2;3.5;2;0;H
24;22/01/2011;Man Utd;23;13;9;1;47;23;24;48;11;10;1;0;29;7;22;31;12;3;8;1;18;16;2;17;Birmingham;23;4;12;7;22;29;-7;24;12;3;6;3;10;13;-3;15;11;1;6;4;12;16;-4;9;1.2;6.5;15;5;0;H
24;22/01/2011;Newcastle;23;9;5;9;37;32;5;32;11;4;3;4;25;14;11;15;12;5;2;5;12;18;-6;17;Tottenham;23;10;7;6;32;28;4;37;12;6;5;1;17;9;8;23;11;4;2;5;15;19;-4;14;3.5;3.4;2.1;1;1;D
24;22/01/2011;Wolverhampton;23;6;4;13;25;39;-14;22;11;5;2;4;15;15;0;17;12;1;2;9;10;24;-14;5;Liverpool;23;8;5;10;28;31;-3;29;12;7;3;2;20;10;10;24;11;1;2;8;8;21;-13;5;3.4;3.2;2.25;0;3;A
24;23/01/2011;Blackburn;23;8;4;11;29;37;-8;28;11;5;3;3;15;10;5;18;12;3;1;8;14;27;-13;10;West Bromwich;23;7;5;11;30;42;-12;26;12;5;3;4;17;18;-1;18;11;2;2;7;13;24;-11;8;2.25;3.3;3.25;2;0;H
24;24/01/2011;Bolton;23;7;9;7;34;31;3;30;11;5;5;1;22;13;9;20;12;2;4;6;12;18;-6;10;Chelsea;23;12;5;6;40;20;20;41;12;9;2;1;26;8;18;29;11;3;3;5;14;12;2;12;6;3.75;1.62;0;4;A
25;01/02/2011;Arsenal;24;15;4;5;49;22;27;49;12;8;1;3;26;11;15;25;12;7;3;2;23;11;12;24;Everton;24;5;13;6;28;30;-2;28;12;3;6;3;15;16;-1;15;12;2;7;3;13;14;-1;13;1.4;4.5;8.5;2;1;H
25;01/02/2011;Man Utd;24;14;9;1;52;23;29;51;12;11;1;0;34;7;27;34;12;3;8;1;18;16;2;17;Aston Villa;24;7;7;10;27;40;-13;28;12;5;4;3;16;13;3;19;12;2;3;7;11;27;-16;9;1.33;5;9.5;3;1;H
25;01/02/2011;Sunderland;24;9;10;5;28;24;4;37;12;6;5;1;15;8;7;23;12;3;5;4;13;16;-3;14;Chelsea;24;13;5;6;44;20;24;44;12;9;2;1;26;8;18;29;12;4;3;5;18;12;6;15;5.5;3.6;1.67;2;4;A
25;01/02/2011;West Bromwich;24;7;5;12;30;44;-14;26;12;5;3;4;17;18;-1;18;12;2;2;8;13;26;-13;8;Wigan;24;4;10;10;20;39;-19;22;13;2;6;5;12;23;-11;12;11;2;4;5;8;16;-8;10;1.73;3.6;5;2;2;D
25;02/02/2011;Birmingham;24;4;12;8;22;34;-12;24;12;3;6;3;10;13;-3;15;12;1;6;5;12;21;-9;9;Man City;24;13;6;5;37;20;17;45;12;7;3;2;18;10;8;24;12;6;3;3;19;10;9;21;4.5;3.5;1.83;2;2;D
25;02/02/2011;Blackburn;24;9;4;11;31;37;-6;31;12;6;3;3;17;10;7;21;12;3;1;8;14;27;-13;10;Tottenham;24;10;8;6;33;29;4;38;12;6;5;1;17;9;8;23;12;4;3;5;16;20;-4;15;3.25;3.4;2.2;0;1;A
25;02/02/2011;Blackpool;24;9;4;11;37;42;-5;31;11;4;2;5;20;20;0;14;13;5;2;6;17;22;-5;17;West Ham;24;4;9;11;24;43;-19;21;12;3;4;5;14;19;-5;13;12;1;5;6;10;24;-14;8;2.38;3.3;3;1;3;A
25;02/02/2011;Bolton;24;7;9;8;34;35;-1;30;12;5;5;2;22;17;5;20;12;2;4;6;12;18;-6;10;Wolverhampton;24;6;4;14;25;42;-17;22;12;5;2;5;15;18;-3;17;12;1;2;9;10;24;-14;5;1.83;3.5;4.5;1;0;H
25;02/02/2011;Fulham;24;5;11;8;25;26;-1;26;12;4;5;3;16;14;2;17;12;1;6;5;9;12;-3;9;Newcastle;24;9;6;9;38;33;5;33;12;4;4;4;26;15;11;16;12;5;2;5;12;18;-6;17;2.1;3.3;3.6;1;0;H
25;02/02/2011;Liverpool;24;9;5;10;31;31;0;32;12;7;3;2;20;10;10;24;12;2;2;8;11;21;-10;8;Stoke;24;9;3;12;28;29;-1;30;12;6;2;4;16;12;4;20;12;3;1;8;12;17;-5;10;1.62;3.75;6;2;0;H
26;05/02/2011;Aston Villa;25;7;7;11;28;43;-15;28;12;5;4;3;16;13;3;19;13;2;3;8;12;30;-18;9;Fulham;25;6;11;8;26;26;0;29;13;5;5;3;17;14;3;20;12;1;6;5;9;12;-3;9;1.91;3.4;4.2;2;2;D
26;05/02/2011;Everton;25;5;13;7;29;32;-3;28;12;3;6;3;15;16;-1;15;13;2;7;4;14;16;-2;13;Blackpool;25;9;4;12;38;45;-7;31;12;4;2;6;21;23;-2;14;13;5;2;6;17;22;-5;17;1.44;4.5;7;5;3;H
26;05/02/2011;Man City;25;13;7;5;39;22;17;46;12;7;3;2;18;10;8;24;13;6;4;3;21;12;9;22;West Bromwich;25;7;6;12;32;46;-14;27;13;5;4;4;19;20;-1;19;12;2;2;8;13;26;-13;8;1.4;4.5;8.5;3;0;H
26;05/02/2011;Newcastle;25;9;6;10;38;34;4;33;12;4;4;4;26;15;11;16;13;5;2;6;12;19;-7;17;Arsenal;25;16;4;5;51;23;28;52;13;9;1;3;28;12;16;28;12;7;3;2;23;11;12;24;5;4;1.67;4;4;D
26;05/02/2011;Stoke;25;9;3;13;28;31;-3;30;12;6;2;4;16;12;4;20;13;3;1;9;12;19;-7;10;Sunderland;25;9;10;6;30;28;2;37;13;6;5;2;17;12;5;23;12;3;5;4;13;16;-3;14;2.1;3.2;3.75;3;2;H
26;05/02/2011;Tottenham;25;11;8;6;34;29;5;41;12;6;5;1;17;9;8;23;13;5;3;5;17;20;-3;18;Bolton;25;8;9;8;35;35;0;33;13;6;5;2;23;17;6;23;12;2;4;6;12;18;-6;10;1.57;4;6;2;1;H
26;05/02/2011;Wigan;25;4;11;10;22;41;-19;23;13;2;6;5;12;23;-11;12;12;2;5;5;10;18;-8;11;Blackburn;25;9;4;12;31;38;-7;31;13;6;3;4;17;11;6;21;12;3;1;8;14;27;-13;10;2.5;3.25;2.9;4;3;H
26;05/02/2011;Wolverhampton;25;6;4;15;25;43;-18;22;12;5;2;5;15;18;-3;17;13;1;2;10;10;25;-15;5;Man Utd;25;15;9;1;55;24;31;54;13;12;1;0;37;8;29;37;12;3;8;1;18;16;2;17;8.5;4.5;1.4;2;1;H
26;06/02/2011;Chelsea;25;14;5;6;48;22;26;47;12;9;2;1;26;8;18;29;13;5;3;5;22;14;8;18;Liverpool;25;10;5;10;33;31;2;35;13;8;3;2;22;10;12;27;12;2;2;8;11;21;-10;8;1.62;4;5.5;0;1;A
26;06/02/2011;West Ham;25;5;9;11;27;44;-17;24;12;3;4;5;14;19;-5;13;13;2;5;6;13;25;-12;11;Birmingham;25;4;13;8;24;36;-12;25;13;3;7;3;12;15;-3;16;12;1;6;5;12;21;-9;9;2;3.5;3.75;0;1;A
27;12/02/2011;Arsenal;26;16;5;5;55;27;28;53;13;9;1;3;28;12;16;28;13;7;4;2;27;15;12;25;Wolverhampton;26;7;4;15;27;44;-17;25;13;6;2;5;17;19;-2;20;13;1;2;10;10;25;-15;5;1.22;6;15;2;0;H
27;12/02/2011;Birmingham;26;5;13;8;25;36;-11;28;13;3;7;3;12;15;-3;16;13;2;6;5;13;21;-8;12;Stoke;26;10;3;13;31;33;-2;33;13;7;2;4;19;14;5;23;13;3;1;9;12;19;-7;10;2.5;3.2;2.9;1;0;H
27;12/02/2011;Blackburn;26;9;4;13;34;42;-8;31;13;6;3;4;17;11;6;21;13;3;1;9;17;31;-14;10;Newcastle;26;9;7;10;42;38;4;34;13;4;5;4;30;19;11;17;13;5;2;6;12;19;-7;17;2.1;3.4;3.5;0;0;D
27;12/02/2011;Blackpool;26;9;4;13;41;50;-9;31;12;4;2;6;21;23;-2;14;14;5;2;7;20;27;-7;17;Aston Villa;26;7;8;11;30;45;-15;29;13;5;5;3;18;15;3;20;13;2;3;8;12;30;-18;9;3.25;3.4;2.2;1;1;D
27;12/02/2011;Liverpool;26;11;5;10;34;31;3;38;13;8;3;2;22;10;12;27;13;3;2;8;12;21;-9;11;Wigan;26;5;11;10;26;44;-18;26;14;3;6;5;16;26;-10;15;12;2;5;5;10;18;-8;11;1.36;4.75;9;1;1;D
27;12/02/2011;Man Utd;26;15;9;2;56;26;30;54;13;12;1;0;37;8;29;37;13;3;8;2;19;18;1;17;Man City;26;14;7;5;42;22;20;49;13;8;3;2;21;10;11;27;13;6;4;3;21;12;9;22;1.73;3.6;5;2;1;H
27;12/02/2011;Sunderland;26;9;10;7;32;31;1;37;13;6;5;2;17;12;5;23;13;3;5;5;15;19;-4;14;Tottenham;26;12;8;6;36;30;6;44;13;7;5;1;19;10;9;26;13;5;3;5;17;20;-3;18;2.75;3.25;2.6;1;2;A
27;12/02/2011;West Bromwich;26;7;6;13;32;49;-17;27;13;5;4;4;19;20;-1;19;13;2;2;9;13;29;-16;8;West Ham;26;5;9;12;27;45;-18;24;13;3;4;6;14;20;-6;13;13;2;5;6;13;25;-12;11;1.91;3.6;4;3;3;D
27;13/02/2011;Bolton;26;8;9;9;36;37;-1;33;13;6;5;2;23;17;6;23;13;2;4;7;13;20;-7;10;Everton;26;6;13;7;34;35;-1;31;13;4;6;3;20;19;1;18;13;2;7;4;14;16;-2;13;2.75;3.25;2.6;2;0;H
27;14/02/2011;Fulham;26;6;12;8;28;28;0;30;13;5;5;3;17;14;3;20;13;1;7;5;11;14;-3;10;Chelsea;26;14;5;7;48;23;25;47;13;9;2;2;26;9;17;29;13;5;3;5;22;14;8;18;5;3.6;1.73;0;0;D
28;26/02/2011;Aston Villa;27;7;9;11;31;46;-15;30;13;5;5;3;18;15;3;20;14;2;4;8;13;31;-18;10;Blackburn;27;9;5;13;34;42;-8;32;14;6;4;4;17;11;6;22;13;3;1;9;17;31;-14;10;1.73;3.6;5;4;1;H
28;26/02/2011;Everton;27;6;13;8;34;37;-3;31;13;4;6;3;20;19;1;18;14;2;7;5;14;18;-4;13;Sunderland;27;9;10;8;33;33;0;37;14;6;5;3;18;14;4;23;13;3;5;5;15;19;-4;14;1.73;3.6;5;2;0;H
28;26/02/2011;Newcastle;27;9;8;10;42;38;4;35;13;4;5;4;30;19;11;17;14;5;3;6;12;19;-7;18;Bolton;27;9;9;9;38;37;1;36;14;7;5;2;25;17;8;26;13;2;4;7;13;20;-7;10;2.1;3.25;3.75;1;1;D
28;26/02/2011;Wigan;27;5;12;10;27;45;-18;27;14;3;6;5;16;26;-10;15;13;2;6;5;11;19;-8;12;Man Utd;27;16;9;2;58;27;31;57;14;13;1;0;39;9;30;40;13;3;8;2;19;18;1;17;6.5;4;1.53;0;4;A
28;26/02/2011;Wolverhampton;27;7;4;16;27;46;-19;25;13;6;2;5;17;19;-2;20;14;1;2;11;10;27;-17;5;Blackpool;27;9;5;13;42;51;-9;32;13;4;3;6;22;24;-2;15;14;5;2;7;20;27;-7;17;1.83;3.6;4.33;4;0;H
28;27/02/2011;Man City;27;14;7;6;43;24;19;49;13;8;3;2;21;10;11;27;14;6;4;4;22;14;8;22;Fulham;27;6;13;8;28;28;0;31;14;5;6;3;17;14;3;21;13;1;7;5;11;14;-3;10;1.5;4;7.5;1;1;D
28;27/02/2011;West Ham;27;5;10;12;30;48;-18;25;13;3;4;6;14;20;-6;13;14;2;6;6;16;28;-12;12;Liverpool;27;11;6;10;35;32;3;39;14;8;4;2;23;11;12;28;13;3;2;8;12;21;-9;11;3.4;3.3;2.2;3;1;H
28;28/02/2011;Stoke;27;10;3;14;31;34;-3;33;13;7;2;4;19;14;5;23;14;3;1;10;12;20;-8;10;West Bromwich;27;7;7;13;35;52;-17;28;14;5;5;4;22;23;-1;20;13;2;2;9;13;29;-16;8;1.91;3.4;4.2;1;1;D
29;05/03/2011;Arsenal;28;17;6;5;60;30;30;57;14;10;1;3;30;12;18;31;14;7;5;2;30;18;12;26;Sunderland;28;9;10;9;33;35;-2;37;14;6;5;3;18;14;4;23;14;3;5;6;15;21;-6;14;1.44;4.33;7.5;0;0;D
29;05/03/2011;Birmingham;28;6;13;9;27;39;-12;31;14;4;7;3;13;15;-2;19;14;2;6;6;14;24;-10;12;West Bromwich;28;7;8;13;36;53;-17;29;14;5;5;4;22;23;-1;20;14;2;3;9;14;30;-16;9;2.38;3.2;3.1;1;3;A
29;05/03/2011;Bolton;28;9;10;9;39;38;1;37;14;7;5;2;25;17;8;26;14;2;5;7;14;21;-7;11;Aston Villa;28;8;9;11;35;47;-12;33;14;6;5;3;22;16;6;23;14;2;4;8;13;31;-18;10;2.25;3.4;3.2;3;2;H
29;05/03/2011;Fulham;28;6;14;8;29;29;0;32;14;5;6;3;17;14;3;21;14;1;8;5;12;15;-3;11;Blackburn;28;9;5;14;35;46;-11;32;14;6;4;4;17;11;6;22;14;3;1;10;18;35;-17;10;1.73;3.6;5;3;2;H
29;05/03/2011;Man City;28;14;8;6;44;25;19;50;14;8;4;2;22;11;11;28;14;6;4;4;22;14;8;22;Wigan;28;5;12;11;27;49;-22;27;15;3;6;6;16;30;-14;15;13;2;6;5;11;19;-8;12;1.36;4.75;9;1;0;H
29;05/03/2011;Newcastle;28;9;9;10;43;39;4;36;14;4;6;4;31;20;11;18;14;5;3;6;12;19;-7;18;Everton;28;7;13;8;36;37;-1;34;14;5;6;3;22;19;3;21;14;2;7;5;14;18;-4;13;2.6;3.2;2.8;1;2;A
29;05/03/2011;West Ham;28;6;10;12;33;49;-16;28;14;4;4;6;17;21;-4;16;14;2;6;6;16;28;-12;12;Stoke;28;10;4;14;32;35;-3;34;14;7;3;4;20;15;5;24;14;3;1;10;12;20;-8;10;2.25;3.3;3.25;3;0;H
29;06/03/2011;Liverpool;28;11;6;11;36;35;1;39;14;8;4;2;23;11;12;28;14;3;2;9;13;24;-11;11;Man Utd;28;17;9;2;62;27;35;60;14;13;1;0;39;9;30;40;14;4;8;2;23;18;5;20;2.8;3.2;2.6;3;1;H
29;06/03/2011;Wolverhampton;28;8;4;16;31;46;-15;28;14;7;2;5;21;19;2;23;14;1;2;11;10;27;-17;5;Tottenham;28;13;9;6;41;34;7;48;14;7;6;1;22;13;9;27;14;6;3;5;19;21;-2;21;3;3.3;2.38;3;3;D
29;07/03/2011;Blackpool;28;9;5;14;42;55;-13;32;13;4;3;6;22;24;-2;15;15;5;2;8;20;31;-11;17;Chelsea;28;15;6;7;51;24;27;51;14;10;2;2;29;10;19;32;14;5;4;5;22;14;8;19;10;5.5;1.3;1;3;A
30;19/03/2011;Aston Villa;29;8;9;12;37;50;-13;33;14;6;5;3;22;16;6;23;15;2;4;9;15;34;-19;10;Wolverhampton;29;8;5;16;34;49;-15;29;15;7;3;5;24;22;2;24;14;1;2;11;10;27;-17;5;1.83;3.5;4.5;0;1;A
30;19/03/2011;Blackburn;29;9;5;15;37;49;-12;32;14;6;4;4;17;11;6;22;15;3;1;11;20;38;-18;10;Blackpool;29;9;5;15;43;58;-15;32;14;4;3;7;23;27;-4;15;15;5;2;8;20;31;-11;17;1.8;3.6;4.5;2;2;D
30;19/03/2011;Everton;29;8;13;8;38;38;0;37;14;5;6;3;22;19;3;21;15;3;7;5;16;19;-3;16;Fulham;29;7;14;8;32;31;1;35;15;6;6;3;20;16;4;24;14;1;8;5;12;15;-3;11;2;3.25;4;2;1;H
30;19/03/2011;Man Utd;29;17;9;3;63;30;33;60;14;13;1;0;39;9;30;40;15;4;8;3;24;21;3;20;Bolton;29;10;10;9;42;40;2;40;15;8;5;2;28;19;9;29;14;2;5;7;14;21;-7;11;1.36;4.75;9;1;0;H
30;19/03/2011;Stoke;29;10;4;15;32;38;-6;34;14;7;3;4;20;15;5;24;15;3;1;11;12;23;-11;10;Newcastle;29;9;9;11;44;41;3;36;15;4;6;5;32;22;10;18;14;5;3;6;12;19;-7;18;2.2;3.25;3.4;4;0;H
30;19/03/2011;Tottenham;29;13;10;6;44;37;7;49;14;7;6;1;22;13;9;27;15;6;4;5;22;24;-2;22;West Ham;29;7;10;12;36;49;-13;31;15;5;4;6;20;21;-1;19;14;2;6;6;16;28;-12;12;1.57;4;6;0;0;D
30;19/03/2011;West Bromwich;29;8;8;13;39;54;-15;32;14;5;5;4;22;23;-1;20;15;3;3;9;17;31;-14;12;Arsenal;29;17;7;5;60;30;30;58;15;10;2;3;30;12;18;32;14;7;5;2;30;18;12;26;5;3.6;1.73;2;2;D
30;19/03/2011;Wigan;29;5;12;12;27;50;-23;27;15;3;6;6;16;30;-14;15;14;2;6;6;11;20;-9;12;Birmingham;29;6;13;10;28;42;-14;31;15;4;7;4;14;18;-4;19;14;2;6;6;14;24;-10;12;2.1;3.3;3.6;2;1;H
30;20/03/2011;Chelsea;29;16;6;7;54;25;29;54;14;10;2;2;29;10;19;32;15;6;4;5;25;15;10;22;Man City;29;15;8;6;45;25;20;53;15;9;4;2;23;11;12;31;14;6;4;4;22;14;8;22;1.62;3.75;6;2;0;H
30;20/03/2011;Sunderland;29;9;11;9;33;35;-2;38;14;6;5;3;18;14;4;23;15;3;6;6;15;21;-6;15;Liverpool;29;12;6;11;39;36;3;42;15;9;4;2;26;12;14;31;14;3;2;9;13;24;-11;11;2.63;3.2;2.75;0;2;A
31;02/04/2011;Arsenal;30;17;8;5;62;32;30;59;15;10;2;3;30;12;18;32;15;7;6;2;32;20;12;27;Blackburn;30;9;6;15;39;51;-12;33;15;6;5;4;19;13;6;23;15;3;1;11;20;38;-18;10;1.25;6;11;0;0;D
31;02/04/2011;Birmingham;30;6;13;11;29;44;-15;31;15;4;7;4;14;18;-4;19;15;2;6;7;15;26;-11;12;Bolton;30;10;10;10;42;41;1;40;15;8;5;2;28;19;9;29;15;2;5;8;14;22;-8;11;2.5;3.25;2.88;2;1;H
31;02/04/2011;Everton;30;9;13;8;40;39;1;40;15;6;6;3;24;20;4;24;15;3;7;5;16;19;-3;16;Aston Villa;30;8;9;13;37;51;-14;33;15;6;5;4;22;17;5;23;15;2;4;9;15;34;-19;10;1.83;3.6;4.33;2;2;D
31;02/04/2011;Newcastle;30;9;9;12;44;45;-1;36;15;4;6;5;32;22;10;18;15;5;3;7;12;23;-11;18;Wolverhampton;30;9;5;16;35;49;-14;32;15;7;3;5;24;22;2;24;15;2;2;11;11;27;-16;8;1.95;3.4;4;4;1;H
31;02/04/2011;Stoke;30;11;4;15;36;38;-2;37;15;8;3;4;24;15;9;27;15;3;1;11;12;23;-11;10;Chelsea;30;17;6;7;56;25;31;57;15;11;2;2;31;10;21;35;15;6;4;5;25;15;10;22;5.5;3.6;1.67;1;1;D
31;02/04/2011;West Bromwich;30;8;9;13;41;56;-15;33;15;5;6;4;24;25;-1;21;15;3;3;9;17;31;-14;12;Liverpool;30;13;6;11;41;36;5;45;15;9;4;2;26;12;14;31;15;4;2;9;15;24;-9;14;3;3.3;2.38;2;1;H
31;02/04/2011;West Ham;30;7;11;12;36;49;-13;32;15;5;4;6;20;21;-1;19;15;2;7;6;16;28;-12;13;Man Utd;30;18;9;3;64;30;34;63;15;14;1;0;40;9;31;43;15;4;8;3;24;21;3;20;4.5;3.6;1.8;2;4;A
31;02/04/2011;Wigan;30;6;12;12;29;51;-22;30;16;4;6;6;18;31;-13;18;14;2;6;6;11;20;-9;12;Tottenham;30;13;11;6;44;37;7;50;15;7;7;1;22;13;9;28;15;6;4;5;22;24;-2;22;3;3.25;2.4;0;0;D
31;03/04/2011;Fulham;30;7;14;9;33;33;0;35;15;6;6;3;20;16;4;24;15;1;8;6;13;17;-4;11;Blackpool;30;9;6;15;45;60;-15;33;14;4;3;7;23;27;-4;15;16;5;3;8;22;33;-11;18;1.53;4.2;6;3;0;H
31;03/04/2011;Man City;30;15;8;7;45;27;18;53;15;9;4;2;23;11;12;31;15;6;4;5;22;16;6;22;Sunderland;30;9;11;10;33;37;-4;38;15;6;5;4;18;16;2;23;15;3;6;6;15;21;-6;15;1.5;4;7;5;0;H
32;09/04/2011;Blackburn;31;9;7;15;39;51;-12;34;15;6;5;4;19;13;6;23;16;3;2;11;20;38;-18;11;Birmingham;31;7;13;11;31;45;-14;34;16;5;7;4;16;19;-3;22;15;2;6;7;15;26;-11;12;2;3.3;4;1;1;D
32;09/04/2011;Bolton;31;10;10;11;43;43;0;40;15;8;5;2;28;19;9;29;16;2;5;9;15;24;-9;11;West Ham;31;7;11;13;38;53;-15;32;16;5;4;7;22;25;-3;19;15;2;7;6;16;28;-12;13;2.2;3.25;3.4;3;0;H
32;09/04/2011;Chelsea;31;17;7;7;57;26;31;58;15;11;2;2;31;10;21;35;16;6;5;5;26;16;10;23;Wigan;31;6;13;12;29;51;-22;31;17;4;7;6;18;31;-13;19;14;2;6;6;11;20;-9;12;1.2;6;17;1;0;H
32;09/04/2011;Man Utd;31;19;9;3;68;32;36;66;15;14;1;0;40;9;31;43;16;5;8;3;28;23;5;23;Fulham;31;8;14;9;36;33;3;38;16;7;6;3;23;16;7;27;15;1;8;6;13;17;-4;11;1.44;4.33;7.5;2;0;H
32;09/04/2011;Sunderland;31;9;11;11;33;42;-9;38;15;6;5;4;18;16;2;23;16;3;6;7;15;26;-11;15;West Bromwich;31;9;9;13;43;57;-14;36;16;6;6;4;26;26;0;24;15;3;3;9;17;31;-14;12;2.2;3.2;3.5;2;3;A
32;09/04/2011;Tottenham;31;13;12;6;44;37;7;51;15;7;7;1;22;13;9;28;16;6;5;5;22;24;-2;23;Stoke;31;11;5;15;37;39;-2;38;16;8;4;4;25;16;9;28;15;3;1;11;12;23;-11;10;1.73;3.6;5;3;2;H
32;09/04/2011;Wolverhampton;31;9;5;17;36;53;-17;32;15;7;3;5;24;22;2;24;16;2;2;12;12;31;-19;8;Everton;31;9;14;8;42;41;1;41;16;6;7;3;26;22;4;25;15;3;7;5;16;19;-3;16;2.6;3.25;2.8;0;3;A
32;10/04/2011;Aston Villa;31;8;10;13;39;53;-14;34;15;6;5;4;22;17;5;23;16;2;5;9;17;36;-19;11;Newcastle;31;10;9;12;48;46;2;39;16;5;6;5;36;23;13;21;15;5;3;7;12;23;-11;18;1.83;3.6;4.33;1;0;H
32;10/04/2011;Blackpool;31;9;6;16;45;63;-18;33;14;4;3;7;23;27;-4;15;17;5;3;9;22;36;-14;18;Arsenal;31;17;9;5;62;32;30;60;16;10;3;3;30;12;18;33;15;7;6;2;32;20;12;27;8.5;5;1.36;1;3;A
32;11/04/2011;Liverpool;31;13;6;12;42;38;4;45;15;9;4;2;26;12;14;31;16;4;2;10;16;26;-10;14;Man City;31;16;8;7;50;27;23;56;16;10;4;2;28;11;17;34;15;6;4;5;22;16;6;22;2.6;3.2;2.8;3;0;H
33;16/04/2011;Birmingham;32;7;14;11;32;46;-14;35;16;5;7;4;16;19;-3;22;16;2;7;7;16;27;-11;13;Sunderland;32;9;11;12;35;45;-10;38;16;6;5;5;20;19;1;23;16;3;6;7;15;26;-11;15;2.25;3.2;3.4;2;0;H
33;16/04/2011;Blackpool;32;9;6;17;46;66;-20;33;15;4;3;8;24;30;-6;15;17;5;3;9;22;36;-14;18;Wigan;32;6;13;13;29;52;-23;31;17;4;7;6;18;31;-13;19;15;2;6;7;11;21;-10;12;2.3;3.5;3;1;3;A
33;16/04/2011;Everton;32;10;14;8;45;41;4;44;16;6;7;3;26;22;4;25;16;4;7;5;19;19;0;19;Blackburn;32;9;8;15;40;52;-12;35;16;6;6;4;20;14;6;24;16;3;2;11;20;38;-18;11;1.67;3.75;5.5;2;0;H
33;16/04/2011;West Bromwich;32;10;9;13;46;59;-13;39;16;6;6;4;26;26;0;24;16;4;3;9;20;33;-13;15;Chelsea;32;18;7;7;58;26;32;61;16;12;2;2;32;10;22;38;16;6;5;5;26;16;10;23;5.5;3.6;1.7;1;3;A
33;16/04/2011;West Ham;32;7;11;14;38;56;-18;32;16;5;4;7;22;25;-3;19;16;2;7;7;16;31;-15;13;Aston Villa;32;9;10;13;40;53;-13;37;16;7;5;4;23;17;6;26;16;2;5;9;17;36;-19;11;2.25;3.3;3.25;1;2;A
33;17/04/2011;Arsenal;32;18;9;5;65;33;32;63;16;10;3;3;30;12;18;33;16;8;6;2;35;21;14;30;Liverpool;32;14;6;12;45;38;7;48;16;10;4;2;29;12;17;34;16;4;2;10;16;26;-10;14;1.73;3.6;5;1;1;D
33;19/04/2011;Newcastle;32;10;9;13;48;47;1;39;16;5;6;5;36;23;13;21;16;5;3;8;12;24;-12;18;Man Utd;32;20;9;3;70;32;38;69;16;15;1;0;42;9;33;46;16;5;8;3;28;23;5;23;5.5;3.6;1.67;0;0;D
34;23/04/2011;Aston Villa;33;10;10;13;42;54;-12;40;16;7;5;4;23;17;6;26;17;3;5;9;19;37;-18;14;Stoke;33;12;5;16;42;42;0;41;17;9;4;4;28;16;12;31;16;3;1;12;14;26;-12;10;1.8;3.6;4.5;1;1;D
34;23/04/2011;Blackpool;33;9;6;18;47;69;-22;33;16;4;3;9;25;33;-8;15;17;5;3;9;22;36;-14;18;Newcastle;33;10;10;13;48;47;1;40;17;5;7;5;36;23;13;22;16;5;3;8;12;24;-12;18;2.88;3.5;2.38;1;1;D
34;23/04/2011;Chelsea;33;19;7;7;61;27;34;64;16;12;2;2;32;10;22;38;17;7;5;5;29;17;12;26;West Ham;33;7;11;15;39;58;-19;32;17;5;4;8;23;27;-4;19;16;2;7;7;16;31;-15;13;1.2;6.5;15;3;0;H
34;23/04/2011;Liverpool;33;14;7;12;46;39;7;49;16;10;4;2;29;12;17;34;17;4;3;10;17;27;-10;15;Birmingham;33;8;14;11;34;46;-12;38;17;6;7;4;18;19;-1;25;16;2;7;7;16;27;-11;13;1.44;4.33;7.5;5;0;H
34;23/04/2011;Man Utd;33;20;10;3;70;32;38;70;16;15;1;0;42;9;33;46;17;5;9;3;28;23;5;24;Everton;33;11;14;8;47;41;6;47;17;7;7;3;28;22;6;28;16;4;7;5;19;19;0;19;1.44;4.33;7.5;1;0;H
34;23/04/2011;Sunderland;33;9;11;13;35;47;-12;38;16;6;5;5;20;19;1;23;17;3;6;8;15;28;-13;15;Wigan;33;7;13;13;32;53;-21;34;17;4;7;6;18;31;-13;19;16;3;6;7;14;22;-8;15;2.1;3.25;3.75;4;2;H
34;23/04/2011;Tottenham;33;14;12;7;47;40;7;54;16;8;7;1;25;15;10;31;17;6;5;6;22;25;-3;23;West Bromwich;33;10;9;14;47;62;-15;39;17;6;6;5;27;29;-2;24;16;4;3;9;20;33;-13;15;1.57;4;6;2;2;D
34;23/04/2011;Wolverhampton;33;9;5;19;36;59;-23;32;16;7;3;6;24;25;-1;24;17;2;2;13;12;34;-22;8;Fulham;33;9;14;10;39;35;4;41;17;8;6;3;26;16;10;30;16;1;8;7;13;19;-6;11;2.5;3.25;2.88;1;1;D
34;24/04/2011;Bolton;33;11;10;12;46;46;0;43;16;9;5;2;31;19;12;32;17;2;5;10;15;27;-12;11;Arsenal;33;18;10;5;66;34;32;64;17;10;4;3;31;13;18;34;16;8;6;2;35;21;14;30;4.5;3.8;1.75;2;1;H
34;25/04/2011;Blackburn;33;9;8;16;40;54;-14;35;16;6;6;4;20;14;6;24;17;3;2;12;20;40;-20;11;Man City;33;17;8;8;51;30;21;59;17;11;4;2;29;11;18;37;16;6;4;6;22;19;3;22;3.6;3.3;2.1;0;1;A
35;30/04/2011;Blackburn;34;9;8;17;40;55;-15;35;17;6;6;5;20;15;5;24;17;3;2;12;20;40;-20;11;Bolton;34;12;10;12;48;47;1;46;17;10;5;2;33;20;13;35;17;2;5;10;15;27;-12;11;1.91;3.5;4;1;0;H
35;30/04/2011;Blackpool;34;9;7;18;48;70;-22;34;17;4;4;9;26;34;-8;16;17;5;3;9;22;36;-14;18;Stoke;34;12;6;16;43;43;0;42;17;9;4;4;28;16;12;31;17;3;2;12;15;27;-12;11;2.63;3.4;2.63;0;0;D
35;30/04/2011;Chelsea;34;20;7;7;64;27;37;67;17;13;2;2;35;10;25;41;17;7;5;5;29;17;12;26;Tottenham;34;14;13;7;49;42;7;55;17;8;8;1;27;17;10;32;17;6;5;6;22;25;-3;23;1.44;4.33;7.5;2;1;H
35;30/04/2011;Sunderland;34;10;11;13;39;49;-10;41;17;7;5;5;24;21;3;26;17;3;6;8;15;28;-13;15;Fulham;34;9;15;10;40;36;4;42;17;8;6;3;26;16;10;30;17;1;9;7;14;20;-6;12;2.6;3.2;2.8;0;3;A
35;30/04/2011;West Bromwich;34;10;10;14;49;64;-15;40;17;6;6;5;27;29;-2;24;17;4;4;9;22;35;-13;16;Aston Villa;34;10;11;13;43;55;-12;41;17;7;6;4;24;18;6;27;17;3;5;9;19;37;-18;14;2.38;3.3;3;2;1;H
35;30/04/2011;Wigan;34;7;13;14;34;57;-23;34;17;4;7;6;18;31;-13;19;17;3;6;8;16;26;-10;15;Everton;34;11;14;9;47;42;5;47;17;7;7;3;28;22;6;28;17;4;7;6;19;20;-1;19;2.8;3.25;2.6;1;1;D
35;01/05/2011;Arsenal;34;18;10;6;67;36;31;64;17;10;4;3;31;13;18;34;17;8;6;3;36;23;13;30;Man Utd;34;21;10;3;71;32;39;73;17;16;1;0;43;9;34;49;17;5;9;3;28;23;5;24;2.5;3.25;2.88;1;0;H
35;01/05/2011;Birmingham;34;8;14;12;34;51;-17;38;17;6;7;4;18;19;-1;25;17;2;7;8;16;32;-16;13;Wolverhampton;34;9;6;19;37;60;-23;33;17;7;4;6;25;26;-1;25;17;2;2;13;12;34;-22;8;2.1;3.3;3.6;1;1;D
35;01/05/2011;Liverpool;34;15;7;12;51;39;12;52;17;11;4;2;34;12;22;37;17;4;3;10;17;27;-10;15;Newcastle;34;10;11;13;49;48;1;41;17;5;7;5;36;23;13;22;17;5;4;8;13;25;-12;19;1.44;4.33;7.5;3;0;H
35;01/05/2011;Man City;34;18;8;8;52;30;22;62;17;11;4;2;29;11;18;37;17;7;4;6;23;19;4;25;West Ham;34;7;11;16;39;61;-22;32;17;5;4;8;23;27;-4;19;17;2;7;8;16;34;-18;13;1.4;4.5;9;2;1;H
36;07/05/2011;Aston Villa;35;10;11;14;44;57;-13;41;17;7;6;4;24;18;6;27;18;3;5;10;20;39;-19;14;Wigan;35;7;14;14;35;58;-23;35;18;4;8;6;19;32;-13;20;17;3;6;8;16;26;-10;15;1.8;3.6;4.5;1;1;D
36;07/05/2011;Bolton;35;12;10;13;48;48;0;46;17;10;5;2;33;20;13;35;18;2;5;11;15;28;-13;11;Sunderland;35;10;11;14;39;52;-13;41;18;7;5;6;24;24;0;26;17;3;6;8;15;28;-13;15;1.83;3.5;4.5;1;2;A
36;07/05/2011;Everton;35;11;15;9;48;43;5;48;17;7;7;3;28;22;6;28;18;4;8;6;20;21;-1;20;Man City;35;19;8;8;54;31;23;65;18;12;4;2;31;12;19;40;17;7;4;6;23;19;4;25;2.7;3.2;2.7;2;1;H
36;07/05/2011;Newcastle;35;10;11;14;49;51;-2;41;17;5;7;5;36;23;13;22;18;5;4;9;13;28;-15;19;Birmingham;35;8;15;12;35;52;-17;39;18;6;8;4;19;20;-1;26;17;2;7;8;16;32;-16;13;1.91;3.4;4.2;2;1;H
36;07/05/2011;Tottenham;35;14;13;8;50;44;6;55;17;8;8;1;27;17;10;32;18;6;5;7;23;27;-4;23;Blackpool;35;9;8;18;48;70;-22;35;18;4;5;9;26;34;-8;17;17;5;3;9;22;36;-14;18;1.3;5.5;10;1;1;D
36;07/05/2011;West Ham;35;7;11;17;40;63;-23;32;17;5;4;8;23;27;-4;19;18;2;7;9;17;36;-19;13;Blackburn;35;10;8;17;41;55;-14;38;18;7;6;5;21;15;6;27;17;3;2;12;20;40;-20;11;1.95;3.6;3.8;1;1;D
36;08/05/2011;Man Utd;35;21;10;4;71;33;38;73;17;16;1;0;43;9;34;49;18;5;9;4;28;24;4;24;Chelsea;35;21;7;7;66;28;38;70;18;14;2;2;37;11;26;44;17;7;5;5;29;17;12;26;2.38;3.25;3.1;2;1;H
36;08/05/2011;Stoke;35;12;7;16;43;43;0;43;17;9;4;4;28;16;12;31;18;3;3;12;15;27;-12;12;Arsenal;35;19;10;6;68;36;32;67;18;11;4;3;32;13;19;37;17;8;6;3;36;23;13;30;5.5;3.75;1.67;3;1;H
36;08/05/2011;Wolverhampton;35;9;7;19;38;61;-23;34;17;7;4;6;25;26;-1;25;18;2;3;13;13;35;-22;9;West Bromwich;35;11;10;14;51;65;-14;43;18;7;6;5;29;30;-1;27;17;4;4;9;22;35;-13;16;2.1;3.4;3.5;3;1;H
36;09/05/2011;Fulham;35;10;15;10;43;36;7;45;17;8;6;3;26;16;10;30;18;2;9;7;17;20;-3;15;Liverpool;35;16;7;12;54;39;15;55;18;12;4;2;37;12;25;40;17;4;3;10;17;27;-10;15;2.88;3.25;2.5;2;5;A
37;14/05/2011;Blackburn;36;10;9;17;42;56;-14;39;18;7;6;5;21;15;6;27;18;3;3;12;21;41;-20;12;Man Utd;36;22;10;4;73;34;39;76;18;17;1;0;45;10;35;52;18;5;9;4;28;24;4;24;5;3.6;1.73;1;1;D
37;14/05/2011;Blackpool;36;9;9;18;49;71;-22;36;18;4;5;9;26;34;-8;17;18;5;4;9;23;37;-14;19;Bolton;36;12;10;14;49;50;-1;46;18;10;5;3;34;22;12;35;18;2;5;11;15;28;-13;11;2.2;3.4;3.25;4;3;H
37;14/05/2011;Sunderland;36;11;11;14;41;53;-12;44;18;7;5;6;24;24;0;26;18;4;6;8;17;29;-12;18;Wolverhampton;36;10;7;19;41;62;-21;37;18;8;4;6;28;27;1;28;18;2;3;13;13;35;-22;9;2.5;3.25;2.88;1;3;A
37;14/05/2011;West Bromwich;36;11;10;15;52;68;-16;43;18;7;6;5;29;30;-1;27;18;4;4;10;23;38;-15;16;Everton;36;12;15;9;50;44;6;51;18;8;7;3;30;23;7;31;18;4;8;6;20;21;-1;20;2.63;3.25;2.75;1;0;H
37;15/05/2011;Arsenal;36;19;10;7;69;39;30;67;18;11;4;3;32;13;19;37;18;8;6;4;37;26;11;30;Aston Villa;36;10;12;14;45;58;-13;42;18;7;7;4;25;19;6;28;18;3;5;10;20;39;-19;14;1.36;5;8.5;1;2;A
37;15/05/2011;Birmingham;36;8;15;13;36;54;-18;39;18;6;8;4;19;20;-1;26;18;2;7;9;17;34;-17;13;Fulham;36;10;15;11;45;41;4;45;18;8;6;4;28;21;7;30;18;2;9;7;17;20;-3;15;2.2;3.25;3.4;0;2;A
37;15/05/2011;Chelsea;36;21;7;8;67;30;37;70;18;14;2;2;37;11;26;44;18;7;5;6;30;19;11;26;Newcastle;36;11;11;14;51;52;-1;44;18;6;7;5;38;24;14;25;18;5;4;9;13;28;-15;19;1.25;6;11;2;2;D
37;15/05/2011;Liverpool;36;17;7;12;59;41;18;58;18;12;4;2;37;12;25;40;18;5;3;10;22;29;-7;18;Tottenham;36;14;14;8;51;45;6;56;18;8;9;1;28;18;10;33;18;6;5;7;23;27;-4;23;1.73;3.8;4.75;0;2;A
37;15/05/2011;Wigan;36;7;15;14;36;59;-23;36;18;4;8;6;19;32;-13;20;18;3;7;8;17;27;-10;16;West Ham;36;7;12;17;41;64;-23;33;18;5;5;8;24;28;-4;20;18;2;7;9;17;36;-19;13;2.1;3.4;3.5;3;2;H
37;17/05/2011;Man City;36;19;8;9;55;33;22;65;18;12;4;2;31;12;19;40;18;7;4;7;24;21;3;25;Stoke;36;13;7;16;46;44;2;46;18;10;4;4;31;17;14;34;18;3;3;12;15;27;-12;12;1.36;4.75;9;3;0;H
38;22/05/2011;Aston Villa;37;11;12;14;47;59;-12;45;18;7;7;4;25;19;6;28;19;4;5;10;22;40;-18;17;Liverpool;37;17;7;13;59;43;16;58;19;12;4;3;37;14;23;40;18;5;3;10;22;29;-7;18;3.2;3.4;2.25;1;0;H
38;22/05/2011;Bolton;37;12;10;15;52;54;-2;46;18;10;5;3;34;22;12;35;19;2;5;12;18;32;-14;11;Man City;37;20;8;9;58;33;25;68;19;13;4;2;34;12;22;43;18;7;4;7;24;21;3;25;5;3.75;1.7;0;2;A
38;22/05/2011;Everton;37;12;15;10;50;45;5;51;18;8;7;3;30;23;7;31;19;4;8;7;20;22;-2;20;Chelsea;37;21;8;8;69;32;37;71;19;14;3;2;39;13;26;45;18;7;5;6;30;19;11;26;3.1;3.25;2.38;1;0;H
38;22/05/2011;Fulham;37;11;15;11;47;41;6;48;18;8;6;4;28;21;7;30;19;3;9;7;19;20;-1;18;Arsenal;37;19;10;8;70;41;29;67;19;11;4;4;33;15;18;37;18;8;6;4;37;26;11;30;3.75;3.6;1.95;2;2;D
38;22/05/2011;Man Utd;37;22;11;4;74;35;39;77;18;17;1;0;45;10;35;52;19;5;10;4;29;25;4;25;Blackpool;37;10;9;18;53;74;-21;39;19;5;5;9;30;37;-7;20;18;5;4;9;23;37;-14;19;1.6;4;5.5;4;2;H
38;22/05/2011;Newcastle;37;11;12;14;53;54;-1;45;18;6;7;5;38;24;14;25;19;5;5;9;15;30;-15;20;West Bromwich;37;12;10;15;53;68;-15;46;19;8;6;5;30;30;0;30;18;4;4;10;23;38;-15;16;2;3.5;3.75;3;3;D
38;22/05/2011;Stoke;37;13;7;17;46;47;-1;46;18;10;4;4;31;17;14;34;19;3;3;13;15;30;-15;12;Wigan;37;8;15;14;39;61;-22;39;19;5;8;6;22;34;-12;23;18;3;7;8;17;27;-10;16;2.75;3.6;2.4;0;1;A
38;22/05/2011;Tottenham;37;15;14;8;53;45;8;59;18;8;9;1;28;18;10;33;19;7;5;7;25;27;-2;26;Birmingham;37;8;15;14;36;56;-20;39;19;6;8;5;19;22;-3;26;18;2;7;9;17;34;-17;13;1.53;4;6.5;2;1;H
38;22/05/2011;West Ham;37;7;12;18;43;67;-24;33;18;5;5;8;24;28;-4;20;19;2;7;10;19;39;-20;13;Sunderland;37;11;11;15;42;56;-14;44;19;7;5;7;25;27;-2;26;18;4;6;8;17;29;-12;18;2;3.5;3.75;0;3;A
38;22/05/2011;Wolverhampton;37;11;7;19;44;63;-19;40;18;8;4;6;28;27;1;28;19;3;3;13;16;36;-20;12;Blackburn;37;10;10;17;43;57;-14;40;19;7;7;5;22;16;6;28;18;3;3;12;21;41;-20;12;2.2;3;3.75;2;3;A
;;;;;;;;;;;;;;;;;;;;;;;;;;;;;;;;;;;;;;;;;;;;;;;;;;;;;;;;;
;;;;;;;;;;;;;;;;;;;;;;;;;;;;;;;;;;;;;;;;;;;;;;;;;;;;;;;;;
